investor_id,name,firm,stage_focus,sector_focus,geography,ticket_size_min,ticket_size_max,focus_tags,portfolio,country,investor_type,contact,verify
inv-1982-ventures,,1982 Ventures,pre-seed; seed; series-a,fintech,Singapore; Southeast Asia,,,early-stage,,SG,Venture Capital,info@1982.vc,yes
inv-elev8-vc,,Elev8.VC,seed; series-a,healthtech,Singapore; Southeast Asia,,,early-stage,,SG,Venture Capital,,
inv-imtoken,,imToken,seed; series-a,web3,Singapore,,,early-stage,,SG,,,
inv-tiang-lim-foo,,Tiang Lim Foo,pre-seed; seed; series-a,fintech,Singapore; Southeast Asia; Malaysia,,,early-stage,,SG,,,
inv-forge-ventures,,Forge Ventures,pre-seed; seed,deeptech; enterprise-saas; edtech,Singapore; Southeast Asia,,,early-stage,,SG,Venture Capital,,
inv-sea,,Sea,seed; series-a; series-b,ecommerce,Singapore; Southeast Asia,,,early-stage,,SG,,ir@sea.com,
inv-cocoon-capital,,Cocoon Capital,pre-seed; seed; series-a,sector-agnostic,Singapore; Southeast Asia,,,early-stage,,SG,Micro VC,,
inv-xa-network,,XA Network,pre-seed; seed; series-a,fintech,Singapore; Southeast Asia; Malaysia,,,early-stage,,SG,Angel Group,contact@xanetwork.co,yes
inv-alto-partners-multi-family-office,,Alto Partners Multi-Family Office,seed; series-a; series-b,fintech; enterprise-saas,Southeast Asia; Singapore,,,early-stage,,SG,Family Investment Office,,
inv-january-capital,,January Capital,seed; series-a; series-b,ecommerce; fintech,Singapore; Southeast Asia,,,early-stage,,SG,Venture Capital,january@januarycapital.co,
inv-golden-gate-ventures,,Golden Gate Ventures,seed; series-a; series-b,fintech,Singapore; Southeast Asia; Malaysia,,,early-stage,,SG,Venture Capital,hello@goldengate.vc,yes
inv-insignia-ventures-partners,,Insignia Ventures Partners,seed; series-a; series-b,fintech,Southeast Asia; Singapore; Malaysia,,,early-stage,,SG,Venture Capital,hello@insignia.vc,yes
inv-sginnovate,,SGInnovate,seed; series-a,deeptech,Singapore; Southeast Asia,,,early-stage,,SG,Venture Capital,comms@sginnovate.com,
inv-spiral-ventures,,Spiral Ventures,seed; series-a; series-b,ecommerce,Southeast Asia; Singapore; Malaysia,,,early-stage,,SG,Venture Capital,,
inv-m-venture-partners-mvp,,M Venture Partners (MVP),pre-seed; seed; series-a,fintech; healthtech,Singapore; Southeast Asia; Malaysia,,,early-stage,,SG,Venture Capital,,
inv-quest-ventures,,Quest Ventures,pre-seed; seed; series-a,ecommerce,Singapore; Malaysia; Southeast Asia,,,early-stage,,SG,Micro VC,businessplan@questventures.com,
inv-antler,,Antler,pre-seed; seed; series-a,deeptech,Singapore; Southeast Asia; Malaysia,,,early-stage,,SG,Venture Capital,alan@antler.co,
inv-indelible-ventures,,Indelible Ventures,pre-seed; seed,enterprise-saas; deeptech,Malaysia; Singapore; Southeast Asia,,,early-stage,,MY,Venture Capital,contact@indelible.vc,yes
inv-monk-s-hill-ventures,,Monk’s Hill Ventures,seed; series-a; series-b,ecommerce,Singapore; Southeast Asia; Malaysia,,,early-stage,,SG,Venture Capital,info@monkshill.com,yes
inv-enterprise-singapore,,Enterprise Singapore,pre-seed; seed,deeptech,Singapore; Southeast Asia,,,early-stage,,SG,Government Office,,
inv-bybit,,Bybit,seed; series-a,web3; fintech,Singapore; Southeast Asia; Malaysia,,,early-stage,,SG,Venture Capital,,
inv-rahul-garg,,Rahul Garg,pre-seed; seed; series-a,media-gaming,Singapore,,,early-stage,,SG,,,
inv-all-star-saas-fund,,All Star SAAS Fund,seed; series-a; series-b,enterprise-saas; healthtech,Singapore,,,early-stage,,SG,Venture Capital,,
inv-ruvento,,Ruvento,pre-seed; seed,deeptech,Singapore; Southeast Asia,,,early-stage,,SG,Venture Capital,partner@ruvento.com,
inv-signum-capital,,Signum Capital,pre-seed; seed,web3; fintech,Singapore; Southeast Asia,,,early-stage,,SG,Venture Capital,,
inv-k3-ventures,,K3 Ventures,seed; series-a,fintech; consumer,Singapore; Southeast Asia; Malaysia,,,early-stage,,SG,Venture Capital,hr@k3.co,
inv-integra-partners,,Integra Partners,seed; series-a,fintech; healthtech,Singapore; Southeast Asia; Malaysia,,,early-stage,,SG,Micro VC,ventures@integrapartners.co,
inv-beenext,,BEENEXT,seed; series-a; series-b,ecommerce; fintech,Southeast Asia; Singapore; Malaysia,,,early-stage,,SG,Venture Capital,,
inv-wavemaker-ventures,,Wavemaker Ventures,seed; series-a,ecommerce,Singapore; Southeast Asia; Malaysia,,,early-stage,,SG,Venture Capital,,
inv-cento-ventures,,Cento Ventures,seed; series-a; series-b,fintech,Singapore; Malaysia; Southeast Asia,,,early-stage,,SG,Venture Capital,investment_opportunity@cento.vc,
inv-asia-venture-group,,Asia Venture Group,seed; series-a; series-c,ecommerce; deeptech,Malaysia; Southeast Asia,,,early-stage; growth-capital,,MY,Micro VC,,
inv-sunway-ilabs,,Sunway iLabs,seed; series-a,deeptech,Malaysia; Singapore; Southeast Asia,,,early-stage,,MY,,,
inv-cradle-fund,,Cradle Fund,pre-seed; seed,ecommerce,Malaysia; Singapore,,,early-stage,,MY,Venture Capital,,
inv-gobi-partners,,Gobi Partners,seed; series-a; series-b,ecommerce,Malaysia; Singapore; Southeast Asia,,,early-stage,,MY,Venture Capital,,
inv-iglobe-partners,,iGlobe Partners,seed; series-a; series-b,healthtech,Singapore; Southeast Asia,,,early-stage,,SG,Venture Capital,contact@iglobepartners.com,yes
inv-verge-healthtech-fund,,Verge HealthTech Fund,pre-seed; seed; series-a,healthtech,Singapore,,,early-stage,,SG,Venture Capital,,
inv-altara-ventures,,Altara Ventures,series-a; series-b; series-c,fintech,Southeast Asia; Singapore; Malaysia,,,growth-capital,,SG,Venture Capital,,
inv-far-east-ventures,,Far East Ventures,seed; series-a; series-b,sector-agnostic,Singapore,,,early-stage,,SG,Venture Capital,,
inv-atlas-ventures,,Atlas Ventures,seed; series-a; series-b,ecommerce,Singapore; Southeast Asia,,,early-stage,,SG,Venture Capital,,
inv-coingecko,,CoinGecko,pre-seed; seed; series-a,web3; fintech,Southeast Asia; Singapore,,,early-stage,,SG,,+6500003584,yes
inv-motion-ventures,,Motion Ventures,seed; series-a,logistics,Singapore,,,early-stage,,SG,Venture Capital,+18314359521,yes
inv-mechanism-capital,,Mechanism Capital,seed; series-a,web3; media-gaming,Singapore; Southeast Asia,,,early-stage,,SG,Venture Capital,,
inv-royston-tay,,Royston Tay,pre-seed; seed; series-a,ecommerce; deeptech,Singapore; Southeast Asia,,,early-stage,,SG,,,
inv-first-move,,First Move,pre-seed; seed,deeptech; enterprise-saas,Singapore; Malaysia; Southeast Asia,,,early-stage,,SG,Venture Capital,,
inv-jungle-ventures,,Jungle Ventures,seed; series-a; series-b,ecommerce,Singapore; Southeast Asia; Malaysia,,,early-stage,,SG,Venture Capital,contact@jungle.vc,yes
inv-falnas-capital,,Falnas Capital,pre-seed; seed,ecommerce,Malaysia; Southeast Asia,,,early-stage,,MY,Venture Capital,info@falnascapital.com,yes
inv-th-capital,,TH Capital,seed; series-a; series-b,fintech; ecommerce,Malaysia; Singapore; Southeast Asia,,,early-stage,,MY,Venture Capital,,
inv-vertex-ventures-southeast-asia-india,,Vertex Ventures Southeast Asia & India,seed; series-a; series-b,ecommerce; enterprise-saas; fintech,Singapore; Southeast Asia; Malaysia,,,early-stage,,SG,Venture Capital,,
inv-the-hive-southeast-asia,,The Hive Southeast Asia,seed; series-a,fintech; ecommerce,Malaysia; Singapore,,,early-stage,,MY,Venture Capital,,
inv-vynn-capital,,Vynn Capital,seed; series-a,ecommerce,Malaysia; Southeast Asia; Singapore,,,early-stage,,MY,Venture Capital,vc@vynncapital.com,
inv-artem-ventures,,Artem Ventures,pre-seed; seed; series-a,healthtech; fintech,Malaysia; Singapore,,,early-stage,,MY,Venture Capital,,
inv-loob-holding-sdn-bhd,,LOOB Holding Sdn Bhd,,sector-agnostic,Malaysia,,,,,MY,,,
inv-kaf-investment-bank,,KAF Investment Bank,series-a,fintech,Malaysia,,,,,MY,,,
inv-insightgenie,,InsightGenie,,sector-agnostic,Singapore,,,,,SG,,,
inv-presstar,,Presstar,pre-seed,sector-agnostic,Singapore,,,early-stage,,SG,,info@presstar.com,yes
inv-memolabs,,Memolabs,,sector-agnostic,Singapore,,,,,SG,,,
inv-proioxis-ventures,,Proioxis Ventures,,healthtech,Singapore,,,,,SG,,,
inv-her-capital,,Her Capital,seed,enterprise-saas,Singapore,,,early-stage,,SG,,invest@hercapital.vc,
inv-fluetis,,Fluetis,,sector-agnostic,Singapore,,,,,SG,,,
inv-sgprotein,,SGProtein,,sector-agnostic,Singapore,,,,,SG,,,
inv-orderez,,OrderEZ,,sector-agnostic,Singapore,,,,,SG,,,
inv-profitboard-ventures,,ProfitBoard Ventures,,sector-agnostic,Singapore,,,,,SG,,,
inv-qoo10,,Qoo10,,sector-agnostic,Singapore,,,,,SG,,,
inv-md-labs,,MD Labs,series-a,fintech; web3,Malaysia,,,,,MY,,info@mdlabs.com,yes
inv-reitev,,ReitEV,,sector-agnostic,Singapore,,,,,SG,,,
inv-grit,,GRIT,,sector-agnostic,Singapore,,,,,SG,,,
inv-oodles-ai,,Oodles AI,,sector-agnostic,Singapore,,,,,SG,,,
inv-findwork,,Findwork,,sector-agnostic,Singapore,,,,,SG,,,
inv-mri-vc-berhad,,MRI VC Berhad,pre-seed,ecommerce,Malaysia,,,early-stage,,MY,,,
inv-unclezam-holding-berhad,,Unclezam Holding Berhad,,sector-agnostic,Malaysia,,,,,MY,,,
inv-inovasi-venture,,Inovasi Venture,pre-seed,logistics,Malaysia,,,early-stage,,MY,,,
inv-zepto-express,,Zepto Express,,sector-agnostic,Malaysia,,,,,MY,,,
inv-shopper360-sdn-bhd,,Shopper360 Sdn Bhd,seed,ecommerce,Malaysia,,,early-stage,,MY,,ir@shopper360.com.my,
inv-potboy-groceries,,Potboy Groceries,,sector-agnostic,Malaysia,,,,,MY,,,
inv-torum-xtm,,Torum XTM,,sector-agnostic,Malaysia,,,,,MY,,,
inv-alto,,Alto,,sector-agnostic,Singapore,,,,,SG,,,
inv-tier-capital,,Tier Capital,,agritech,Singapore,,,,,SG,,,
inv-ivory,,Ivory,,sector-agnostic,Singapore,,,,,SG,,,
inv-asia-resource-corp,,Asia Resource Corp,series-a,healthtech,Singapore,,,,,SG,,enquiries@arc.com.sg,yes
inv-mashcrate,,Mashcrate,,sector-agnostic,Singapore,,,,,SG,,,
inv-mosaique,,Mosaique,,sector-agnostic,Singapore,,,,,SG,,,
inv-nine,,Nine,,sector-agnostic,Singapore,,,,,SG,,,
inv-lumiere32,,Lumiere32,,sector-agnostic,Singapore,,,,,SG,,,
inv-classpoint,,ClassPoint,,sector-agnostic,Singapore,,,,,SG,,,
inv-krishtal-advisors,,Krishtal Advisors,growth,logistics; ecommerce,Singapore,,,growth-capital,,SG,,,
inv-venture-alliance-investment-fund,,Venture Alliance Investment Fund,,sector-agnostic,Malaysia,,,,,MY,,,
inv-nextone-partners,,Nextone partners,,sector-agnostic,Singapore,,,,,SG,,contact@newtone-consulting.com,yes
inv-cryptvise,,Cryptvise,,sector-agnostic,Singapore,,,,,SG,,,
inv-valluva,,Valluva,,sector-agnostic,Singapore,,,,,SG,,,
inv-rtistiq,,RtistiQ,,sector-agnostic,Singapore,,,,,SG,,,
inv-repotlah,,RepotLah,,sector-agnostic,Malaysia,,,,,MY,,,
inv-songkok-malaya,,Songkok Malaya,,sector-agnostic,Malaysia,,,,,MY,,,
inv-sk-south-east-asia-investment,,SK South East Asia Investment,buyout,ecommerce; consumer,Singapore; Southeast Asia,,,growth-capital,,SG,,,
inv-fatberry-sdn-bhd,,Fatberry Sdn Bhd,,sector-agnostic,Malaysia,,,,,MY,,,
inv-sg-primary,,SG Primary,,sector-agnostic,Singapore,,,,,SG,,,
inv-maa-group,,MAA Group,,fintech,Malaysia,,,,,MY,,info@maagroup.co,yes
inv-bloom-capital,,Bloom Capital,seed,sector-agnostic,Singapore,,,early-stage,,SG,,contact@bloomcapital.ventures,yes
inv-xfdirect,,XFDirect,,sector-agnostic,Singapore,,,,,SG,,,
inv-smartdefi,,SmartDefi,,sector-agnostic,Singapore,,,,,SG,,,
inv-purpose-labs,,Purpose Labs,,sector-agnostic,Singapore,,,,,SG,,,
inv-immedia-content,,IMMedia Content,,sector-agnostic,Singapore,,,,,SG,,,
inv-qume,,Qume,,sector-agnostic,Singapore,,,,,SG,,,
inv-somatrack,,Somatrack,,sector-agnostic,Singapore,,,,,SG,,,
inv-afla,,AFLA,,sector-agnostic,Singapore,,,,,SG,,,
inv-koco,,KOCO,,sector-agnostic,Singapore,,,,,SG,,,
inv-bixie,,Bixie,,sector-agnostic,Singapore,,,,,SG,,,
inv-know,,KNOW,,sector-agnostic,Singapore,,,,,SG,,,
inv-sgnaplus,,SgNaPlus,,sector-agnostic,Singapore,,,,,SG,,,
inv-edufied,,Edufied,,sector-agnostic,Singapore,,,,,SG,,,
inv-eskwelabs,,Eskwelabs,,sector-agnostic,Singapore,,,,,SG,,,
inv-tutoreva,,TutorEva,,sector-agnostic,Singapore,,,,,SG,,,
inv-rhine-digital,,Rhine Digital,,sector-agnostic,Singapore,,,,,SG,,,
inv-carta-genomics,,Carta Genomics,,sector-agnostic,Singapore,,,,,SG,,,
inv-bluocean-security,,BluOcean Security,,sector-agnostic,Singapore,,,,,SG,,,
inv-talentx-ai,,TalentX.ai,,sector-agnostic,Singapore,,,,,SG,,,
inv-8pay,,8Pay,,sector-agnostic,Singapore,,,,,SG,,,
inv-edux,,EduX,,sector-agnostic,Singapore,,,,,SG,,,
inv-mooma,,MooMa,,sector-agnostic,Singapore,,,,,SG,,,
inv-kine-technology,,KINE Technology,,sector-agnostic,Singapore,,,,,SG,,,
inv-bukku,,Bukku,,sector-agnostic,Malaysia,,,,,MY,,,
inv-ofo-tech,,OFO Tech,,sector-agnostic,Malaysia,,,,,MY,,,
inv-rebel,,REBEL,,sector-agnostic,Singapore,,,,,SG,,,
inv-whizzl,,Whizzl,,sector-agnostic,Malaysia,,,,,MY,,,
inv-zer0hunger,,Zer0Hunger,,sector-agnostic,Malaysia,,,,,MY,,,
inv-red-kite,,Red Kite,,sector-agnostic,Singapore,,,,,SG,,,
inv-fortnynja,,FortNynja,,sector-agnostic,Malaysia,,,,,MY,,,
inv-seascape-network,,Seascape Network,,sector-agnostic,Singapore,,,,,SG,,,
inv-havva-agrotech,,HAVVA Agrotech,,sector-agnostic,Malaysia,,,,,MY,,,
inv-kryptos-x,,Kryptos-X,,sector-agnostic,Singapore,,,,,SG,,,
inv-astronaut-capital,,Astronaut Capital,,sector-agnostic,Singapore,,,,,SG,,,
inv-leonie-hill-capital,,Leonie Hill Capital,seed,proptech,Singapore; Malaysia,,,early-stage,,SG,,,
inv-sun-sea-capital,,Sun SEA Capital,seed,proptech,Malaysia,,,early-stage,,MY,,,
inv-cozyhomes,,CozyHomes,,sector-agnostic,Malaysia,,,,,MY,,,
inv-konomi-network,,Konomi Network,,sector-agnostic,Singapore,,,,,SG,,,
inv-bifrost-finance,,Bifrost Finance,,sector-agnostic,Singapore,,,,,SG,,,
inv-sbi-e-vietnam,,SBI E-Vietnam,,consumer; ecommerce,Singapore; Southeast Asia,,,,,SG,,,
inv-digistore-solutions-holdings-pte-ltd,,Digistore Solutions Holdings Pte. Ltd.,,sector-agnostic,Singapore,,,,,SG,,,
inv-gotrade-securities,,Gotrade Securities,,sector-agnostic,Singapore,,,,,SG,,,
inv-triber,,Triber,,sector-agnostic,Singapore,,,,,SG,,,
inv-usertip,,Usertip,,sector-agnostic,Singapore,,,,,SG,,,
inv-iglinks-io,,IGlinks.io,,sector-agnostic,Malaysia,,,,,MY,,,
inv-lugiami-entertainment,,Lugiami Entertainment,,sector-agnostic,Malaysia,,,,,MY,,,
inv-lit-it,,lit.it,,sector-agnostic,Singapore,,,,,SG,,,
inv-hoorayy,,Hoorayy,,sector-agnostic,Singapore,,,,,SG,,,
inv-lots,,LOTS,,sector-agnostic,Singapore,,,,,SG,,,
inv-finxflo,,Finxflo,,sector-agnostic,Singapore,,,,,SG,,,
inv-elemon,,Elemon,,sector-agnostic,Singapore,,,,,SG,,,
inv-nalanda-capital,,Nalanda Capital,,ecommerce; consumer,Singapore,,,,,SG,,+6568269100,yes
inv-lever-network,,Lever.Network,,sector-agnostic,Singapore,,,,,SG,,,
inv-forma,,Forma,,sector-agnostic,Singapore,,,,,SG,,,
inv-i4tech,,i4TECH,,sector-agnostic,Singapore,,,,,SG,,,
inv-singular,,Singular,,sector-agnostic,Malaysia,,,,,MY,,,
inv-fynance-io,,Fynance.io,,sector-agnostic,Malaysia,,,,,MY,,,
inv-bscexchange-finance,,Bscexchange Finance,,sector-agnostic,Singapore,,,,,SG,,,
inv-volbird,,VOLBIRD,,sector-agnostic,Malaysia,,,,,MY,,,
inv-geniusu,,GeniusU,,sector-agnostic,Singapore,,,,,SG,,,
inv-unified-intelligence,,Unified Intelligence,,sector-agnostic,Singapore,,,,,SG,,,
inv-dindings-supreme,,Dindings Supreme,,sector-agnostic,Malaysia,,,,,MY,,,
inv-theforce-trade,,TheForce.Trade,,sector-agnostic,Singapore,,,,,SG,,,
inv-onlive-io,,Onlive.io,,sector-agnostic,Singapore,,,,,SG,,,
inv-esgtech,,ESGTech,,sector-agnostic,Singapore,,,,,SG,,,
inv-alchemint,,Alchemint,,sector-agnostic,Singapore,,,,,SG,,,
inv-minda-global,,Minda Global,,sector-agnostic,Malaysia,,,,,MY,,,
inv-nexent,,Nexent,,sector-agnostic,Malaysia,,,,,MY,,,
inv-terra-sentinel,,Terra Sentinel,,sector-agnostic,Malaysia,,,,,MY,,,
inv-innade,,Innade,,sector-agnostic,Singapore,,,,,SG,,,
inv-defidive,,DefiDive,,sector-agnostic,Singapore,,,,,SG,,,
inv-spanache,,Spanache,seed,sector-agnostic,Singapore,,,early-stage,,SG,,,
inv-farm4all,,Farm4All,,sector-agnostic,Malaysia,,,,,MY,,,
inv-edaberan,,EdaBeran,,sector-agnostic,Malaysia,,,,,MY,,,
inv-mariadra-beauty,,Mariadra Beauty,,sector-agnostic,Malaysia,,,,,MY,,,
inv-kun-products,,Kun Products,,sector-agnostic,Malaysia,,,,,MY,,,
inv-autrics,,Autrics,,sector-agnostic,Malaysia,,,,,MY,,,
inv-doople-tech,,Doople Tech,,sector-agnostic,Malaysia,,,,,MY,,,
inv-zora-designers,,Zora Designers,,sector-agnostic,Malaysia,,,,,MY,,,
inv-mr-pay-later,,Mr Pay Later,,sector-agnostic,Malaysia,,,,,MY,,,
inv-corpso,,Corpso,,sector-agnostic,Malaysia,,,,,MY,,,
inv-foundingbird,,Foundingbird,,sector-agnostic,Malaysia,,,,,MY,,,
inv-axaipay,,Axaipay,,sector-agnostic,Malaysia,,,,,MY,,,
inv-nodeweb,,NodeWeb,,sector-agnostic,Singapore,,,,,SG,,,
inv-vsure-life,,VSure.life,,sector-agnostic,Malaysia,,,,,MY,,,
inv-cs-leaflabs,,CS Leaflabs,,sector-agnostic,Malaysia,,,,,MY,,,
inv-nde,,NDE,,sector-agnostic,Malaysia,,,,,MY,,,
inv-volume-research-and-development,,Volume Research and Development,,sector-agnostic,Malaysia,,,,,MY,,,
inv-ecgit-private-limited,,ECGiT PRIVATE LIMITED,,sector-agnostic,Singapore,,,,,SG,,,
inv-angaros-group-pte-ltd,,Angaros Group Pte Ltd,seed,agritech,Singapore,,,early-stage,,SG,,,
inv-aet,,AET,series-b,logistics; climatetech,Singapore,,,,,SG,,info@aet.sg,yes
inv-ecoworth-tech,,EcoWorth Tech,,sector-agnostic,Singapore,,,,,SG,,,
inv-prtoken,,PRToken,,sector-agnostic,Singapore,,,,,SG,,,
inv-osbiome,,OSbiome,,sector-agnostic,Singapore,,,,,SG,,,
inv-popinventory,,Popinventory,,sector-agnostic,Singapore,,,,,SG,,,
inv-world-food-chain,,World Food Chain,,sector-agnostic,Singapore,,,,,SG,,,
inv-jinx-drinx,,Jinx Drinx,,sector-agnostic,Singapore,,,,,SG,,,
inv-seashore-networks,,Seashore Networks,,sector-agnostic,Singapore,,,,,SG,,,
inv-xpdite-capital-partners,,Xpdite Capital Partners,seed,consumer,Singapore; Southeast Asia,,,early-stage,,SG,,,
inv-binance-singapore,,Binance Singapore,,sector-agnostic,Singapore,,,,,SG,,,
inv-hg-exchange,,Hg Exchange,,sector-agnostic,Singapore,,,,,SG,,,
inv-cyberathlete,,Cyberathlete,,media-gaming,Singapore,,,,,SG,,,
inv-seven-clean-seas,,Seven Clean Seas,,sector-agnostic,Singapore,,,,,SG,,,
inv-whizz-mobility,,Whizz Mobility,,sector-agnostic,Singapore,,,,,SG,,,
inv-credquant,,CredQuant,,sector-agnostic,Singapore,,,,,SG,,,
inv-strides-international-business,,Strides International Business,series-b,enterprise-saas; logistics,Singapore,,,,,SG,,,
inv-mcis-life,,MCIS Life,,fintech,Malaysia,,,,,MY,,,
inv-azr,,AZR,,sector-agnostic,Malaysia,,,,,MY,,,
inv-capital-s,,Capital S,seed,sector-agnostic,Singapore,,,early-stage,,SG,,,
inv-know-what-s-loved,,Know What's Loved,,sector-agnostic,Singapore,,,,,SG,,,
inv-monkwish,,Monkwish,,sector-agnostic,Singapore,,,,,SG,,,
inv-prosperian-capital-international,,Prosperian Capital International,,sector-agnostic,Singapore,,,,,SG,,,
inv-shopcat,,Shopcat,,sector-agnostic,Singapore,,,,,SG,,,
inv-smart-rental,,Smart Rental,,sector-agnostic,Malaysia,,,,,MY,,,
inv-naddod-pte-ltd,,NADDOD Pte. Ltd.,,sector-agnostic,Singapore,,,,,SG,,,
inv-idle-cyber,,Idle Cyber,,sector-agnostic,Singapore,,,,,SG,,,
inv-sigitech-holdings,,Sigitech Holdings,,web3,Singapore,,,,,SG,,info@sigitechholdings.com,yes
inv-nooble,,Nooble,,sector-agnostic,Singapore,,,,,SG,,,
inv-alumni-angels,,Alumni & Angels,seed,sector-agnostic,Singapore,,,early-stage,,SG,,,
inv-ixs,,IXS,,sector-agnostic,Singapore,,,,,SG,,,
inv-seshboard,,Seshboard,,sector-agnostic,Singapore,,,,,SG,,,
inv-for-youth,,For Youth,,sector-agnostic,Singapore,,,,,SG,,,
inv-shipad,,ShipAd,,sector-agnostic,Singapore,,,,,SG,,,
inv-just-dabao,,Just Dabao,,sector-agnostic,Singapore,,,,,SG,,,
inv-axismobi,,AxisMobi,,sector-agnostic,Singapore,,,,,SG,,,
inv-morchlo,,Morchlo,,sector-agnostic,Singapore,,,,,SG,,,
inv-nex10-labs,,Nex10 Labs,,sector-agnostic,Singapore,,,,,SG,,,
inv-nft-labs,,NFT Labs,,sector-agnostic,Singapore,,,,,SG,,,
inv-redshift-game-studios-pte-ltd,,Redshift Game Studios Pte. Ltd.,,sector-agnostic,Singapore,,,,,SG,,,
inv-storify-me,,STORIFY.ME,,sector-agnostic,Singapore,,,,,SG,,,
inv-aurora-foods,,Aurora Foods,,sector-agnostic,Singapore,,,,,SG,,,
inv-synthesis,,Synthesis,,sector-agnostic,Singapore,,,,,SG,,,
inv-akila,,Akila,,sector-agnostic,Singapore,,,,,SG,,,
inv-heroes-td,,Heroes TD,,sector-agnostic,Singapore,,,,,SG,,,
inv-supagene,,Supagene,,sector-agnostic,Malaysia,,,,,MY,,,
inv-challenger-technologies,,Challenger Technologies,,sector-agnostic,Singapore,,,,,SG,,,
inv-broad-gongga-investment,,Broad Gongga Investment,growth,proptech,Singapore,,,growth-capital,,SG,,,
inv-backscoop,,Backscoop,,sector-agnostic,Singapore,,,,,SG,,,
inv-jomija,,JoMiJa,,sector-agnostic,Singapore,,,,,SG,,,
inv-garena-ventures,,Garena Ventures,seed,sector-agnostic,Singapore,,,early-stage,,SG,,,
inv-zucca,,ZUCCA,,sector-agnostic,Malaysia,,,,,MY,,,
inv-hive,,Hive,,sector-agnostic,Malaysia,,,,,MY,,,
inv-dwebly,,Dwebly,,sector-agnostic,Malaysia,,,,,MY,,,
inv-global-initiatives,,Global Initiatives,,sector-agnostic,Singapore,,,,,SG,,,
inv-subx,,SUBX,,sector-agnostic,Singapore,,,,,SG,,,
inv-tdcx,,TDCX,,sector-agnostic,Singapore,,,,,SG,,,
inv-perceptif,,Perceptif,,sector-agnostic,Singapore,,,,,SG,,,
inv-scrapp-deals,,Scrapp Deals,,sector-agnostic,Singapore,,,,,SG,,,
inv-zcova,,Zcova,,sector-agnostic,Malaysia,,,,,MY,,,
inv-native,,Native,,sector-agnostic,Malaysia,,,,,MY,,,
inv-greenwich-investment-holdings,,Greenwich Investment Holdings,,ecommerce,Singapore,,,,,SG,,,
inv-juristech,,JurisTech,,sector-agnostic,Malaysia,,,,,MY,,,
inv-couplesy,,Couplesy,,sector-agnostic,Singapore,,,,,SG,,,
inv-hermiso-ecommerce,,Hermiso Ecommerce,,sector-agnostic,Malaysia,,,,,MY,,,
inv-simplygiving-com,,SimplyGiving.com,,sector-agnostic,Singapore,,,,,SG,,,
inv-dracoo-master,,Dracoo Master,,sector-agnostic,Singapore,,,,,SG,,,
inv-splink,,Splink,,sector-agnostic,Singapore,,,,,SG,,,
inv-baloy-sdn-bhd,,Baloy Sdn. Bhd.,,sector-agnostic,Malaysia,,,,,MY,,,
inv-metastaq,,Metastaq,,sector-agnostic,Singapore,,,,,SG,,,
inv-nanoversehq,,NanoverseHQ,,sector-agnostic,Singapore,,,,,SG,,,
inv-wilstech,,Wilstech,,sector-agnostic,Malaysia,,,,,MY,,,
inv-skywalker,,skywalker,,sector-agnostic,Singapore,,,,,SG,,,
inv-apetmart,,aPetMart,,sector-agnostic,Singapore,,,,,SG,,,
inv-tesla-capital,,Tesla Capital,seed,ecommerce,Singapore,,,early-stage,,SG,,,
inv-chainverse,,ChainVerse,,sector-agnostic,Singapore,,,,,SG,,,
inv-forthbox,,ForthBox,,sector-agnostic,Singapore,,,,,SG,,,
inv-txmr,,TXMR,,sector-agnostic,Malaysia,,,,,MY,,,
inv-acme-chemicals,,Acme Chemicals,,sector-agnostic,Malaysia,,,,,MY,,,
inv-tevo-creations,,TEVO Creations,,sector-agnostic,Malaysia,,,,,MY,,,
inv-kiwitech,,Kiwitech,,sector-agnostic,Malaysia,,,,,MY,,,
inv-gaia-plas-berhad,,Gaia Plas Berhad,,sector-agnostic,Malaysia,,,,,MY,,,
inv-gas-pantai-timur,,Gas Pantai Timur,,sector-agnostic,Malaysia,,,,,MY,,,
inv-supplybunny,,Supplybunny,,sector-agnostic,Malaysia,,,,,MY,,,
inv-singsing,,SingSing,,sector-agnostic,Singapore,,,,,SG,,,
inv-coinfantasy,,CoinFantasy,,sector-agnostic,Singapore,,,,,SG,,,
inv-redoc,,Redoc,,sector-agnostic,Singapore,,,,,SG,,,
inv-fisheroo,,Fisheroo,,sector-agnostic,Singapore,,,,,SG,,,
inv-hooga-gaming,,Hooga Gaming,seed,media-gaming,Malaysia,,,early-stage,,MY,,,
inv-koi-capital,,KOI Capital,seed,media-gaming,Singapore,,,early-stage,,SG,,,
inv-fubon-life,,Fubon Life,,sector-agnostic,Singapore,,,,,SG,,,
inv-farro-capital,,Farro Capital,series-a,sector-agnostic,Singapore,,,,,SG,,,
inv-socomy,,Socomy,,sector-agnostic,Singapore,,,,,SG,,,
inv-firstchip,,FirstChip,,sector-agnostic,Malaysia,,,,,MY,,,
inv-phoenix-kallang,,Phoenix Kallang,,sector-agnostic,Singapore,,,,,SG,,,
inv-ijm-corporation,,IJM Corporation,,sector-agnostic,Malaysia,,,,,MY,,,
inv-saviorofhealth,,saviorofhealth,,sector-agnostic,Singapore,,,,,SG,,,
inv-mercuria-asia,,Mercuria Asia,growth,infrastructure; deeptech,Singapore,,,growth-capital,,SG,,,
inv-tikva-allocell,,Tikva Allocell,,sector-agnostic,Singapore,,,,,SG,,,
inv-trasia-labs,,Trasia Labs,,sector-agnostic,Singapore,,,,,SG,,,
inv-in-group-holdings,,In Group Holdings,seed,enterprise-saas; deeptech,Singapore,,,early-stage,,SG,,,
inv-pqcee,,pQCee,,sector-agnostic,Singapore,,,,,SG,,,
inv-arohi,,arohi,growth,deeptech,Singapore,,,growth-capital,,SG,,info@arohi.com,yes
inv-acm-global-fund-vcc,,ACM GLOBAL FUND VCC,growth,deeptech,Singapore,,,growth-capital,,SG,,,
inv-uz-capital,,UZ Capital,seed,sector-agnostic,Singapore,,,early-stage,,SG,,,
inv-tokigames,,Tokigames,,sector-agnostic,Singapore,,,,,SG,,,
inv-greenchain-capital,,Greenchain Capital,seed,ecommerce,Malaysia,,,early-stage,,MY,,info@greenchaincapital.com,yes
inv-kyte-one,,Kyte.One,,sector-agnostic,Singapore,,,,,SG,,,
inv-sourceo,,Sourceo,,sector-agnostic,Singapore,,,,,SG,,,
inv-optty,,Optty,,sector-agnostic,Singapore,,,,,SG,,,
inv-aquariux-fintech,,Aquariux Fintech,,sector-agnostic,Singapore,,,,,SG,,,
inv-cloud-basha,,Cloud Basha,,sector-agnostic,Malaysia,,,,,MY,,,
inv-star-array,,Star Array,,sector-agnostic,Singapore,,,,,SG,,,
inv-storybrain,,StoryBrain,,sector-agnostic,Singapore,,,,,SG,,,
inv-saturn-agtech,,Saturn Agtech,,sector-agnostic,Malaysia,,,,,MY,,,
inv-limitless-technology,,Limitless Technology,,sector-agnostic,Malaysia,,,,,MY,,,
inv-whalepod-metaverse,,Whalepod Metaverse,,sector-agnostic,Singapore,,,,,SG,,,
inv-ideku,,IDEKU,,sector-agnostic,Singapore,,,,,SG,,,
inv-acasia-sarawak-resources,,Acasia Sarawak Resources,,sector-agnostic,Malaysia,,,,,MY,,,
inv-decision3,,Decision3,,sector-agnostic,Singapore,,,,,SG,,,
inv-asiatech-education,,Asiatech Education,,sector-agnostic,Malaysia,,,,,MY,,,
inv-greenqr,,GreenQR,,sector-agnostic,Malaysia,,,,,MY,,,
inv-crowdshop,,Crowdshop,,sector-agnostic,Malaysia,,,,,MY,,,
inv-wasabih,,Wasabih,,sector-agnostic,Malaysia,,,,,MY,,,
inv-terrametas-studios-metaverser,,TerraMetas Studios (Metaverser),,sector-agnostic,Singapore,,,,,SG,,,
inv-loop-foods,,Loop Foods,,sector-agnostic,Malaysia,,,,,MY,,,
inv-docmed-technology,,DocMed Technology,,sector-agnostic,Singapore,,,,,SG,,,
inv-foodbike,,Foodbike,,sector-agnostic,Malaysia,,,,,MY,,,
inv-genesis-flex,,Genesis Flex,,sector-agnostic,Malaysia,,,,,MY,,,
inv-grandbio-solutions,,GRANDBIO.SOLUTIONS,,sector-agnostic,Singapore,,,,,SG,,,
inv-shirley-robotics,,Shirley Robotics,,sector-agnostic,Singapore,,,,,SG,,,
inv-doconchain,,DOCONCHAIN,,sector-agnostic,Singapore,,,,,SG,,,
inv-entropica,,Entropica,,sector-agnostic,Singapore,,,,,SG,,,
inv-synpulse,,Synpulse,,fintech,Singapore,,,,,SG,,info.th@synpulse.com,
inv-go-game,,Go Game,,media-gaming,Singapore,,,,,SG,,,
inv-daoventures,,DAOventures,,sector-agnostic,Singapore,,,,,SG,,,
inv-iremya,,Iremya,,sector-agnostic,Malaysia,,,,,MY,,,
inv-tharros,,Tharros,,sector-agnostic,Singapore,,,,,SG,,contact@tharros.co,yes
inv-komers-io,,komers.io,,sector-agnostic,Malaysia,,,,,MY,,,
inv-paranum,,Paranum,,sector-agnostic,Malaysia,,,,,MY,,,
inv-pentaip,,PENTAIP,,sector-agnostic,Malaysia,,,,,MY,,,
inv-b77,,B77,,sector-agnostic,Singapore,,,,,SG,,,
inv-surpluss,,Surpluss,,sector-agnostic,Singapore,,,,,SG,,,
inv-ross-digital,,Ross Digital,,sector-agnostic,Singapore,,,,,SG,,,
inv-sayurkita,,SayurKita,,sector-agnostic,Malaysia,,,,,MY,,,
inv-tisana-ventures,,Tisana Ventures,series-a,consumer,Malaysia; Singapore,,,,,MY,,,
inv-zing,,Zing,,sector-agnostic,Singapore,,,,,SG,,,
inv-cryptosmartlife,,CryptoSmartlife,,sector-agnostic,Singapore,,,,,SG,,,
inv-ctc-global,,CTC Global,,consumer,Singapore,,,,,SG,,,
inv-tadaen-holding,,TADAEN Holding,,sector-agnostic,Singapore,,,,,SG,,,
inv-travelbex,,Travelbex,,sector-agnostic,Singapore,,,,,SG,,,
inv-rawtech-ventures,,Rawtech Ventures,seed,media-gaming; web3,Singapore,,,early-stage,,SG,,,
inv-diamond-protocol,,Diamond Protocol,,sector-agnostic,Singapore,,,,,SG,,,
inv-block-0,,Block[0],seed,web3; media-gaming,Singapore,,,early-stage,,SG,,info@block0.io,yes
inv-zhenxin,,ZhenXin,seed,logistics,Singapore,,,early-stage,,SG,,,
inv-kolhub,,KOLHUB,,sector-agnostic,Malaysia,,,,,MY,,,
inv-tyger-brands,,Tyger Brands,,sector-agnostic,Singapore,,,,,SG,,,
inv-bytespace,,Bytespace,,sector-agnostic,Malaysia,,,,,MY,,,
inv-valemont-capital-partners,,Valemont Capital Partners,,sector-agnostic,Singapore,,,,,SG,,,
inv-heyprop,,HeyProp,,sector-agnostic,Malaysia,,,,,MY,,,
inv-funddana,,FundDana,,sector-agnostic,Malaysia,,,,,MY,,,
inv-hello-um,,Hello UM,,sector-agnostic,Malaysia,,,,,MY,,,
inv-gool,,gool.,,sector-agnostic,Singapore,,,,,SG,,,
inv-anykraft,,Anykraft,,sector-agnostic,Singapore,,,,,SG,,,
inv-evive-biotech,,Evive Biotech,,sector-agnostic,Singapore,,,,,SG,,,
inv-shinan-united-berhad,,SHINAN UNITED BERHAD,,sector-agnostic,Malaysia,,,,,MY,,,
inv-lime,,Lime,,sector-agnostic,Malaysia,,,,,MY,,,
inv-deo-network,,DEO Network,seed,web3; media-gaming; fintech,Singapore,,,early-stage,,SG,,,
inv-cadenverse,,Cadenverse,,sector-agnostic,Singapore,,,,,SG,,,
inv-sgenable,,SGENABLE,,healthtech,Singapore,,,,,SG,,contactus@sgenable.sg,
inv-ecopaste,,EcoPaste,,sector-agnostic,Singapore,,,,,SG,,,
inv-artmeet,,Artmeet,,sector-agnostic,Malaysia,,,,,MY,,,
inv-mudharib-partners,,Mudharib Partners,pre-seed,sector-agnostic,Malaysia,,,early-stage,,MY,,admin@mudharibpartners.com,yes
inv-mommyhana,,MommyHana,pre-seed,sector-agnostic,Malaysia,,,early-stage,,MY,,,
inv-polaris-infosec,,Polaris Infosec,,sector-agnostic,Singapore,,,,,SG,,,
inv-vistas-media-capital,,Vistas Media Capital,growth,media-gaming,Singapore,,,growth-capital,,SG,,,
inv-dreamus-group,,DreamUs Group,series-a,enterprise-saas,Singapore,,,,,SG,,,
inv-pan-solar-ventures,,PAN SOLAR VENTURES,series-a,sector-agnostic,Singapore,,,,,SG,,,
inv-uti-international,,UTI International,growth,fintech,Singapore,,,growth-capital,,SG,,,
inv-lonsdale-capital,,Lonsdale Capital,series-b,enterprise-saas; logistics; ecommerce,Singapore,,,,,SG,,,
inv-nsbot,,NSBOT,,sector-agnostic,Singapore,,,,,SG,,,
inv-elysia,,ELYSIA,,sector-agnostic,Singapore,,,,,SG,,,
inv-cofinex-minos-blockchain-sro,,Cofinex (Minos Blockchain SRO),,sector-agnostic,Singapore,,,,,SG,,,
inv-lesson-plan,,Lesson Plan,,sector-agnostic,Singapore,,,,,SG,,,
inv-tanbumi,,Tanbumi,,sector-agnostic,Singapore,,,,,SG,,,
inv-propell,,Propell,seed,edtech; consumer,Singapore,,,early-stage,,SG,,info@propell.com,yes
inv-bespoke-habitat,,Bespoke Habitat,,sector-agnostic,Singapore,,,,,SG,,,
inv-paywong,,Paywong,,sector-agnostic,Singapore,,,,,SG,,,
inv-cuscapi,,Cuscapi,,web3,Malaysia,,,,,MY,,information@cuscapi.com,
inv-apenft-foundation,,APENFT Foundation,,web3,Singapore,,,,,SG,,,
inv-rf-international-holdings,,RF International Holdings,series-a,sector-agnostic,Singapore,,,,,SG,,,
inv-unruly-rebels-pte-ltd,,Unruly Rebels Pte Ltd,seed,agritech,Singapore; Southeast Asia,,,early-stage,,SG,,,
inv-kirin-fund,,Kirin Fund,seed,fintech; web3,Singapore,,,early-stage,,SG,,,
inv-bee-accelerate,,Bee Accelerate,growth,ecommerce,Singapore; Southeast Asia,,,growth-capital,,SG,,,
inv-dayone,,DayOne,,sector-agnostic,Singapore,,,,,SG,,,
inv-oryx-hr,,Oryx HR,,sector-agnostic,Singapore,,,,,SG,,,
inv-scalare-tech-ventures,,Scalare Tech Ventures,pre-seed; seed; series-a,logistics,Singapore,,,early-stage,,SG,,,
inv-asn-technologies,,ASN Technologies,,sector-agnostic,Singapore,,,,,SG,,,
inv-themis,,Themis,,sector-agnostic,Singapore,,,,,SG,,,
inv-uplyrn,,UPLYRN,,sector-agnostic,Singapore,,,,,SG,,,
inv-mls-capital-fund-ii,,MLS Capital Fund II,growth,agritech; healthtech,Malaysia,,,growth-capital,,MY,,,
inv-esmee,,Esmee,,sector-agnostic,Malaysia,,,,,MY,,,
inv-awarala,,Awarala,,sector-agnostic,Malaysia,,,,,MY,,,
inv-wogi,,WOGI,,sector-agnostic,Singapore,,,,,SG,,,
inv-itcs-group,,ITCS Group,,sector-agnostic,Singapore,,,,,SG,,,
inv-inanomo,,Inanomo,,sector-agnostic,Singapore,,,,,SG,,,
inv-sunway-group-malaysia,,Sunway Group Malaysia,growth,ecommerce,Malaysia,,,growth-capital,,MY,,,
inv-ytl-corporation-bhd,,YTL Corporation Bhd,growth,ecommerce,Malaysia,,,growth-capital,,MY,,sustainability@ytl.com,
inv-yezza,,Yezza,,sector-agnostic,Malaysia,,,,,MY,,,
inv-ikoop,,iKOOP,,sector-agnostic,Malaysia,,,,,MY,,,
inv-pocketwo,,Pocketwo,,sector-agnostic,Singapore,,,,,SG,,,
inv-syncware,,Syncware,,sector-agnostic,Singapore,,,,,SG,,,
inv-artgee-finance,,ArtGee Finance,,sector-agnostic,Singapore,,,,,SG,,,
inv-the-talent-games,,The Talent Games,,sector-agnostic,Singapore,,,,,SG,,,
inv-skyhook-capital,,Skyhook Capital,,sector-agnostic,Singapore,,,,,SG,,,
inv-flair,,Flair,,sector-agnostic,Singapore,,,,,SG,,,
inv-swifty,,Swifty,,sector-agnostic,Malaysia,,,,,MY,,,
inv-imago-engineering,,IMAGO Engineering,,sector-agnostic,Malaysia,,,,,MY,,,
inv-spacematch,,SpaceMatch,,sector-agnostic,Singapore,,,,,SG,,,
inv-moma-finance,,Moma Finance,,sector-agnostic,Singapore,,,,,SG,,,
inv-technicorum,,Technicorum,,sector-agnostic,Singapore,,,,,SG,,,
inv-faba-food,,Faba Food,,sector-agnostic,Singapore,,,,,SG,,,
inv-gamcap-labs,,Gamcap Labs,,sector-agnostic,Singapore,,,,,SG,,,
inv-power-to-the-brand,,Power to the Brand,,sector-agnostic,Singapore,,,,,SG,,,
inv-astride-bionix,,Astride Bionix,,sector-agnostic,Singapore,,,,,SG,,,
inv-stringssg,,StringsSG,,sector-agnostic,Singapore,,,,,SG,,,
inv-mezink,,Mezink,,sector-agnostic,Singapore,,,,,SG,,,
inv-impls-entertainment,,IMPLS Entertainment,,sector-agnostic,Singapore,,,,,SG,,,
inv-jojo-pet,,jojo pet,,sector-agnostic,Malaysia,,,,,MY,,,
inv-radx-group,,RadX Group,,sector-agnostic,Singapore,,,,,SG,,,
inv-suggestr,,Suggestr,,sector-agnostic,Singapore,,,,,SG,,,
inv-goodie,,Goodie,,sector-agnostic,Singapore,,,,,SG,,,
inv-solidate,,Solidate,,sector-agnostic,Singapore,,,,,SG,,,
inv-mv4f,,MV4F,,sector-agnostic,Singapore,,,,,SG,,,
inv-bintulu-coffeescape,,Bintulu Coffeescape,,sector-agnostic,Malaysia,,,,,MY,,,
inv-ira-noah,,Ira Noah,,sector-agnostic,Malaysia,,,,,MY,,,
inv-latheacond-technologies,,Latheacond Technologies,,sector-agnostic,Singapore,,,,,SG,,,
inv-life-origin,,Life Origin,,sector-agnostic,Malaysia,,,,,MY,,,
inv-rainbowdao,,RainbowDAO,,sector-agnostic,Singapore,,,,,SG,,,
inv-aquatronik,,Aquatronik,,sector-agnostic,Singapore,,,,,SG,,,
inv-quantum-bpo,,Quantum BPO,,sector-agnostic,Malaysia,,,,,MY,,,
inv-firefly-ai,,FireFly AI,,sector-agnostic,Singapore,,,,,SG,,,
inv-primagpu,,Primagpu,,sector-agnostic,Singapore,,,,,SG,,,
inv-builder-marketplace,,Builder Marketplace,,sector-agnostic,Singapore,,,,,SG,,,
inv-zealth,,Zealth,,sector-agnostic,Singapore,,,,,SG,,,
inv-another-1,,Another-1,,sector-agnostic,Singapore,,,,,SG,,,
inv-lunarbrain,,Lunarbrain,,sector-agnostic,Singapore,,,,,SG,,,
inv-teledoc-pte-ltd,,TeleDoc Pte Ltd.,seed,healthtech,Singapore,,,early-stage,,SG,,,
inv-plant-cartridge,,Plant Cartridge,,sector-agnostic,Malaysia,,,,,MY,,,
inv-squareroot8-technologies,,Squareroot8 Technologies,,sector-agnostic,Singapore,,,,,SG,,,
inv-sasv-investments,,SASV Investments,series-a,enterprise-saas,Singapore,,,,,SG,,,
inv-ronin,,Ronin,,sector-agnostic,Singapore,,,,,SG,,,
inv-apollo,,Apollo,,sector-agnostic,Singapore,,,,,SG,,,
inv-khudra,,Khudra,seed,media-gaming,Singapore,,,early-stage,,SG,,,
inv-kapas-living,,Kapas Living,,sector-agnostic,Malaysia,,,,,MY,,,
inv-eduprize,,EduPrize,,sector-agnostic,Malaysia,,,,,MY,,,
inv-alpha-fintech,,Alpha Fintech​,,sector-agnostic,Malaysia,,,,,MY,,,
inv-quurk,,Quurk,,sector-agnostic,Malaysia,,,,,MY,,,
inv-cognius-ai,,Cognius.ai,,sector-agnostic,Singapore,,,,,SG,,,
inv-ka-bina,,KA Bina,,sector-agnostic,Malaysia,,,,,MY,,,
inv-aquazfeed,,Aquazfeed,,sector-agnostic,Malaysia,,,,,MY,,,
inv-ydt-automation,,YDT Automation,,sector-agnostic,Malaysia,,,,,MY,,,
inv-triip,,Triip,,sector-agnostic,Singapore,,,,,SG,,,
inv-tl-borneo,,TL Borneo,,sector-agnostic,Malaysia,,,,,MY,,,
inv-fromlabs,,FromLabs,,sector-agnostic,Singapore,,,,,SG,,,
inv-mdc-asia-link-berhad,,MDC ASIA LINK BERHAD,,sector-agnostic,Malaysia,,,,,MY,,,
inv-crayondao,,CrayonDAO,,sector-agnostic,Singapore,,,,,SG,,,
inv-vairam,,Vairam,,sector-agnostic,Singapore,,,,,SG,,,
inv-lgms,,LGMS,,sector-agnostic,Malaysia,,,,,MY,,,
inv-erzy,,Erzy,,sector-agnostic,Malaysia,,,,,MY,,,
inv-surereserve,,SureReserve,,sector-agnostic,Singapore,,,,,SG,,,
inv-comooz,,Comooz,,sector-agnostic,Singapore,,,,,SG,,,
inv-steadefi,,STEADEFI,,sector-agnostic,Singapore,,,,,SG,,,
inv-queenspree,,Queenspree,,sector-agnostic,Malaysia,,,,,MY,,,
inv-carnotfleet,,Carnotfleet,,sector-agnostic,Singapore,,,,,SG,,,
inv-manifest-global,,Manifest Global,,sector-agnostic,Singapore,,,,,SG,,,
inv-artflow-ai,,Artflow AI,,sector-agnostic,Singapore,,,,,SG,,,
inv-esevel,,Esevel,,sector-agnostic,Singapore,,,,,SG,,,
inv-coto,,coto,,sector-agnostic,Singapore,,,,,SG,,,
inv-overmind,,Overmind,,sector-agnostic,Singapore,,,,,SG,,,
inv-unipass,,UniPass,,sector-agnostic,Singapore,,,,,SG,,,
inv-gunstar-metaverse,,Gunstar Metaverse,,sector-agnostic,Singapore,,,,,SG,,,
inv-kami,,KAMI,,sector-agnostic,Malaysia,,,,,MY,,,
inv-harmonixx,,HarmoniXX,,sector-agnostic,Singapore,,,,,SG,,,
inv-fintech-capital,,Fintech Capital,seed,fintech,Malaysia,,,early-stage,,MY,,,
inv-shoplive,,SHOPLIVE,,sector-agnostic,Singapore,,,,,SG,,,
inv-praisepal,,PraisePal,,sector-agnostic,Singapore,,,,,SG,,,
inv-am-group,,AM Group,series-c,ecommerce; consumer,Singapore,,,growth-capital,,SG,,,
inv-bfm,,BFM,series-a,sector-agnostic,Malaysia,,,,,MY,,feedback@bfm.my,
inv-yyc-advisors,,YYC Advisors,series-a,sector-agnostic,Malaysia,,,,,MY,,+60193686868,yes
inv-saline-network,,Saline Network,,sector-agnostic,Singapore,,,,,SG,,,
inv-acestarter,,AceStarter,,web3,Singapore,,,,,SG,,,
inv-polemos,,Polemos,seed,media-gaming; web3,Singapore,,,early-stage,,SG,,,
inv-telekom-malaysia,,Telekom Malaysia,,infrastructure,Malaysia,,,,,MY,,,
inv-digi,,Digi,,infrastructure,Malaysia,,,,,MY,,ventus@digi.com,
inv-season-cove,,Season Cove,growth,sector-agnostic,Singapore,,,growth-capital,,SG,,,
inv-axis-mining-and-minerals,,Axis Mining and Minerals,growth,sector-agnostic,Singapore,,,growth-capital,,SG,,,
inv-lotte-f-l-singapore,,Lotte F&L Singapore,series-c,fintech,Singapore,,,growth-capital,,SG,,,
inv-fundaztic,,Fundaztic,,sector-agnostic,Malaysia,,,,,MY,,,
inv-dadvance-agarwood-solutions,,DAdvance Agarwood Solutions,,sector-agnostic,Malaysia,,,,,MY,,,
inv-inligo-networks,,Inligo Networks,,sector-agnostic,Singapore,,,,,SG,,,
inv-linkcube-ventures,,Linkcube Ventures,seed,web3,Singapore,,,early-stage,,SG,,,
inv-infocomm-media-development-authority,,Infocomm Media Development Authority,seed,web3,Singapore,,,early-stage,,SG,,,
inv-mineplex,,Mineplex,,sector-agnostic,Singapore,,,,,SG,,,
inv-defi-asia-capital,,Defi Asia Capital,seed,web3,Singapore,,,early-stage,,SG,,,
inv-camas-investments,,Camas Investments,,consumer,Singapore,,,,,SG,,,
inv-zorion,,Zorion,,sector-agnostic,Singapore,,,,,SG,,,
inv-beosin,,Beosin,,sector-agnostic,Singapore,,,,,SG,,,
inv-launchpad,,Launchpad,series-a,healthtech,Singapore,,,,,SG,,hello@launchpad.vc,yes
inv-mnm-hospitality,,MNM Hospitality,,sector-agnostic,Singapore,,,,,SG,,,
inv-storya,,Storya,,sector-agnostic,Singapore,,,,,SG,,,
inv-pace-now,,Pace Now,,sector-agnostic,Singapore,,,,,SG,,,
inv-valuemax-group,,ValueMax Group,,sector-agnostic,Singapore,,,,,SG,,,
inv-xpayback,,XPayBack,,sector-agnostic,Singapore,,,,,SG,,,
inv-wavel-ai,,Wavel.ai,,sector-agnostic,Singapore,,,,,SG,,,
inv-getspaces-com,,GetSpaces.com,,sector-agnostic,Singapore,,,,,SG,,,
inv-auk-industries,,Auk Industries,,sector-agnostic,Singapore,,,,,SG,,,
inv-xctuality,,Xctuality,,sector-agnostic,Singapore,,,,,SG,,,
inv-amilo-international,,Amilo International,,sector-agnostic,Singapore,,,,,SG,,,
inv-smartli,,Smartli,,sector-agnostic,Singapore,,,,,SG,,,
inv-alora-paints,,Alora Paints,,sector-agnostic,Singapore,,,,,SG,,,
inv-adansonia-fund-manager,,Adansonia Fund Manager,seed,enterprise-saas,Singapore,,,early-stage,,SG,,xxx@adansoniafundmanager.com.sg,
inv-helperai,,HelperAI,,sector-agnostic,Singapore,,,,,SG,,,
inv-firebond,,firebond,,sector-agnostic,Singapore,,,,,SG,,,
inv-ripple,,Ripple,,sector-agnostic,Malaysia,,,,,MY,,,
inv-a-smart-holdings,,A-Smart Holdings,,sector-agnostic,Singapore,,,,,SG,,,
inv-wallet-codes,,Wallet Codes,,sector-agnostic,Malaysia,,,,,MY,,,
inv-slash,,Slash,,sector-agnostic,Singapore,,,,,SG,,,
inv-ucrest,,UCrest,series-a,healthtech; deeptech,Malaysia,,,,,MY,,,
inv-fintos-venture-group-sdn-bhd,,FINTOS VENTURE GROUP SDN BHD,series-a,fintech,Malaysia,,,,,MY,,,
inv-imortgage2u,,imortgage2u,,sector-agnostic,Malaysia,,,,,MY,,,
inv-forme,,Forme,,sector-agnostic,Singapore,,,,,SG,,,
inv-ltclabs-litecoin-foundation-x-antpool,,ltcLABS (Litecoin Foundation x AntPool),pre-seed,web3; ecommerce,Singapore,,,early-stage,,SG,,,
inv-smoove-xperience,,Smoove Xperience,,sector-agnostic,Singapore,,,,,SG,,,
inv-wehantar,,WeHantar,,sector-agnostic,Malaysia,,,,,MY,,,
inv-entomo-formerly-kpisoft,,entomo (formerly KPISOFT),seed,agritech,Malaysia; Singapore,,,early-stage,,MY,,,
inv-quadruple-impact-formerly-known-as-worqapp,,Quadruple Impact (formerly known as WorqApp),,sector-agnostic,Malaysia,,,,,MY,,,
inv-fundbox,,Fundbox,,sector-agnostic,Singapore,,,,,SG,,,
inv-safehaven,,SAFEhaven,,sector-agnostic,Singapore,,,,,SG,,,
inv-oceans-ai,,oceans.ai,,sector-agnostic,Singapore,,,,,SG,,,
inv-carbon-2-climate,,Carbon 2 Climate,,sector-agnostic,Singapore,,,,,SG,,,
inv-transport-capital,,Transport Capital,seed,sector-agnostic,Singapore,,,early-stage,,SG,,enquiry@transportcapital.com,yes
inv-dura-technology,,Dura Technology,,sector-agnostic,Malaysia,,,,,MY,,,
inv-sqr3d,,SQR3D,,sector-agnostic,Singapore,,,,,SG,,,
inv-mascon-technologies,,Mascon Technologies,,sector-agnostic,Singapore,,,,,SG,,,
inv-popicorn,,Popicorn,,sector-agnostic,Singapore,,,,,SG,,,
inv-jombaca,,Jombaca,,sector-agnostic,Malaysia,,,,,MY,,,
inv-langdb,,LangDB,,sector-agnostic,Singapore,,,,,SG,,,
inv-pasarkita-technology,,Pasarkita Technology,,sector-agnostic,Malaysia,,,,,MY,,,
inv-karbon-hero,,Karbon Hero,,sector-agnostic,Malaysia,,,,,MY,,,
inv-global-top-round-singapore-pte-ltd,,GLOBAL TOP ROUND (SINGAPORE) PTE. LTD.,,sector-agnostic,Singapore,,,,,SG,,,
inv-flockke,,Flockke,,sector-agnostic,Singapore,,,,,SG,,,
inv-carshifu-capital,,CARSHIFU CAPITAL,,sector-agnostic,Malaysia,,,,,MY,,,
inv-e8-trade,,E8 Trade,,sector-agnostic,Singapore,,,,,SG,,,
inv-paynet,,PayNet,,fintech,Malaysia,,,,,MY,,ask@paynet.my,
inv-pioneer-holding-group,,Pioneer Holding Group,growth,manufacturing; infrastructure,Singapore,,,growth-capital,,SG,,,
inv-avevai,,AVEVAI™,,sector-agnostic,Singapore,,,,,SG,,,
inv-memorylane,,memorylane,,sector-agnostic,Singapore,,,,,SG,,,
inv-inypay,,Inypay,,sector-agnostic,Singapore,,,,,SG,,,
inv-orca-holdings,,Orca Holdings,growth,sector-agnostic,Singapore,,,growth-capital,,SG,,,
inv-malacca-ventures,,Malacca Ventures,seed,edtech,Singapore,,,early-stage,,SG,,,
inv-vechnology-sdn-bhd,,Vechnology Sdn Bhd,,sector-agnostic,Malaysia,,,,,MY,,,
inv-foodie-box-group,,Foodie Box Group,pre-seed,agritech; climatetech,Malaysia; Southeast Asia,,,early-stage,,MY,,,
inv-giorgia-couture,,Giorgia Couture,,sector-agnostic,Singapore,,,,,SG,,,
inv-mesha,,Mesha,,sector-agnostic,Singapore,,,,,SG,,,
inv-united-skates,,United Skates,,sector-agnostic,Singapore,,,,,SG,,,
inv-spectainer,,Spectainer,,sector-agnostic,Singapore,,,,,SG,,,
inv-loan-panda,,Loan Panda,,sector-agnostic,Malaysia,,,,,MY,,,
inv-paeonia-ventures,,Paeonia Ventures,seed,sector-agnostic,Singapore,,,early-stage,,SG,,contact@paeonia.com.sg,yes
inv-cloversoft,,Cloversoft,,sector-agnostic,Singapore,,,,,SG,,,
inv-sol-partnership,,SOL Partnership,seed,media-gaming,Malaysia,,,early-stage,,MY,,+60340235689,yes
inv-invoke,,INVOKE,,sector-agnostic,Malaysia,,,,,MY,,,
inv-codec-ventures,,Codec Ventures,seed,consumer,Singapore,,,early-stage,,SG,,,
inv-nue3-capital,,Nue3 Capital,series-c,fintech,Malaysia; Southeast Asia,,,growth-capital,,MY,,,
inv-ashield-technologies,,AShield Technologies,,sector-agnostic,Singapore,,,,,SG,,,
inv-leasy-app,,Leasy App,,sector-agnostic,Malaysia,,,,,MY,,,
inv-miera-fahmi,,Miera Fahmi,,sector-agnostic,Malaysia,,,,,MY,,,
inv-aifinpay,,AiFinPay,,sector-agnostic,Singapore,,,,,SG,,,
inv-seede-ai,,Seede AI,,sector-agnostic,Singapore,,,,,SG,,,
inv-3d-investment-partners,,3D Investment Partners,growth,ecommerce; healthtech,Singapore,,,growth-capital,,SG,,,
inv-malaco-mining,,Malaco Mining,growth,sector-agnostic,Malaysia,,,growth-capital,,MY,,,
inv-frasers-tower,,Frasers Tower,,sector-agnostic,Singapore,,,,,SG,,,
inv-acti,,Acti,,sector-agnostic,Singapore,,,,,SG,,,
inv-ocbc-securities,,OCBC Securities.,,sector-agnostic,Singapore,,,,,SG,,,
inv-goveda,,GoVeda,,sector-agnostic,Singapore,,,,,SG,,,
inv-elite-commercial-reit,,Elite Commercial REIT,,sector-agnostic,Singapore,,,,,SG,,,
inv-etafco,,ETAFCo,,sector-agnostic,Singapore,,,,,SG,,,
inv-akro-ai,,Akro AI,,sector-agnostic,Singapore,,,,,SG,,,
inv-bipo,,BIPO,,sector-agnostic,Singapore,,,,,SG,,,
inv-clairva,,Clairva,,sector-agnostic,Singapore,,,,,SG,,,
inv-acrab,,Acrab,,sector-agnostic,Singapore,,,,,SG,,,
inv-galaxy-data-center,,Galaxy Data Center,,sector-agnostic,Singapore,,,,,SG,,,
inv-synvo-ai,,Synvo AI,,sector-agnostic,Singapore,,,,,SG,,,
inv-h3-zoom-ai,,H3 Zoom.AI,,sector-agnostic,Singapore,,,,,SG,,,
inv-blacksoil-global,,BlackSoil Global,series-a,fintech; ecommerce,Singapore,,,,,SG,,,
inv-yefira-group,,yefira group,seed,sector-agnostic,Singapore,,,early-stage,,SG,,,
inv-weddingmate,,WeddingMate,,sector-agnostic,Malaysia,,,,,MY,,,
inv-ez-wage,,EZ Wage,,sector-agnostic,Singapore,,,,,SG,,,
inv-aumber,,AuMBER,,sector-agnostic,Singapore,,,,,SG,,,
inv-aiplux,,AIPLUX,,sector-agnostic,Singapore,,,,,SG,,,
inv-jay-k-fashion,,Jay K Fashion,,sector-agnostic,Malaysia,,,,,MY,,,
inv-azdag,,AZDAG,seed,web3,Singapore,,,early-stage,,SG,,support@azdag.com,yes
inv-cov-biotechnology,,CoV Biotechnology,,sector-agnostic,Singapore,,,,,SG,,,
inv-spartan-ives-connect,,Spartan Ives Connect,,sector-agnostic,Singapore,,,,,SG,,,
inv-mct-pay,,MCT Pay,,sector-agnostic,Singapore,,,,,SG,,,
inv-spemai,,Spemai,,sector-agnostic,Singapore,,,,,SG,,,
inv-go-ventures-startup-studio,,GO Ventures - Startup Studio,pre-seed,sector-agnostic,Singapore; Malaysia,,,early-stage,,SG,,,
inv-cubixai,,CubixAI,,sector-agnostic,Singapore,,,,,SG,,,
inv-law-firm-of-teo,,Law Firm of Teo,,sector-agnostic,Malaysia,,,,,MY,,,
inv-avecris,,AVECRIS,,sector-agnostic,Singapore,,,,,SG,,,
inv-bambina-bambino,,Bambina Bambino,,sector-agnostic,Malaysia,,,,,MY,,,
inv-swypebites,,Swypebites,,sector-agnostic,Singapore,,,,,SG,,,
inv-bribooks,,BriBooks,,sector-agnostic,Singapore,,,,,SG,,,
inv-aecis,,AECIS,,sector-agnostic,Singapore,,,,,SG,,,
inv-tsp-consulting,,TSP Consulting,seed,edtech,Singapore; Southeast Asia,,,early-stage,,SG,,,
inv-monit,,Monit,,sector-agnostic,Singapore,,,,,SG,,,
inv-floramis,,Floramis,,sector-agnostic,Singapore,,,,,SG,,,
inv-poya,,POYA,,sector-agnostic,Malaysia,,,,,MY,,,
inv-batiktektura,,Batiktektura,,sector-agnostic,Malaysia,,,,,MY,,,
inv-flybots-technology,,FlyBots Technology,,sector-agnostic,Malaysia,,,,,MY,,,
inv-kalima,,Kalima,,sector-agnostic,Malaysia,,,,,MY,,,
inv-ayayu,,AYAYU,,sector-agnostic,Malaysia,,,,,MY,,,
inv-khatam-festive-apparel,,KHATAM FESTIVE APPAREL,,sector-agnostic,Malaysia,,,,,MY,,,
inv-tera-x,,Tera-X,,sector-agnostic,Singapore,,,,,SG,,,
inv-hg-power-transmission,,HG Power Transmission,,sector-agnostic,Malaysia,,,,,MY,,,
inv-sneakerlah,,SneakerLah,,sector-agnostic,Malaysia,,,,,MY,,,
inv-eplayment,,Eplayment,,sector-agnostic,Singapore,,,,,SG,,,
inv-travala,,Travala,,sector-agnostic,Singapore,,,,,SG,,,
inv-nalanda-india-equity-fund,,Nalanda India Equity Fund,growth,healthtech; manufacturing,Singapore,,,growth-capital,,SG,,,
inv-totomi,,Totomi,,sector-agnostic,Malaysia,,,,,MY,,,
inv-tolmi-apparel,,Tolmi Apparel,,sector-agnostic,Malaysia,,,,,MY,,,
inv-bujins-batik,,BUJINS BATIK,,sector-agnostic,Malaysia,,,,,MY,,,
inv-sash,,Sash,,sector-agnostic,Malaysia,,,,,MY,,,
inv-selangor-fashion-accelerator,,Selangor Fashion Accelerator,,consumer; ecommerce,Malaysia; Southeast Asia,,,,,MY,,,
inv-theins,,Theins,,sector-agnostic,Malaysia,,,,,MY,,,
inv-maaaps,,Maaaps,,sector-agnostic,Singapore,,,,,SG,,,
inv-mason-games,,Mason Games,,sector-agnostic,Malaysia,,,,,MY,,,
inv-sylk,,Sylk,,sector-agnostic,Singapore,,,,,SG,,,
inv-vilor-angel-fund,,Vilor Angel Fund,,sector-agnostic,Malaysia,,,,,MY,,,
inv-real-estate-investing-pro,,Real Estate Investing Pro,,sector-agnostic,Singapore,,,,,SG,,,
inv-trumpcards,,Trumpcards,,sector-agnostic,Singapore,,,,,SG,,,
inv-grrrl-clothing,,GRRRL Clothing,,sector-agnostic,Singapore,,,,,SG,,,
inv-mr-bur,,Mr. Bur,,sector-agnostic,Malaysia,,,,,MY,,,
inv-myhackathon,,MYHackathon,,deeptech; fintech,Malaysia; Southeast Asia,,,,,MY,,,
inv-chip-digital-finance-platform,,CHIP - Digital Finance Platform,,sector-agnostic,Malaysia,,,,,MY,,,
inv-starfish-finance,,Starfish Finance,,sector-agnostic,Singapore,,,,,SG,,,
inv-richmond-capital-international-ltd,,Richmond Capital International Ltd,pre-seed,healthtech; deeptech,Singapore; Malaysia,,,early-stage,,SG,,,
inv-free-malaysia-today,,Free Malaysia Today,seed,sector-agnostic,Malaysia,,,early-stage,,MY,,editor@freemalaysiatoday.com,
inv-emagene-life,,Emagene Life,,sector-agnostic,Malaysia,,,,,MY,,,
inv-swire-pacific-offshore-holdings-limited,,Swire Pacific Offshore Holdings Limited,,sector-agnostic,Singapore,,,,,SG,,,
inv-omiconvo,,OmiConvo,,sector-agnostic,Singapore,,,,,SG,,,
inv-linkko,,Linkko,,sector-agnostic,Singapore,,,,,SG,,,
inv-levit8-ai,,Levit8 AI,,sector-agnostic,Singapore,,,,,SG,,,
inv-emereg,,Emereg,,sector-agnostic,Singapore,,,,,SG,,,
inv-just-ping,,Just Ping,,sector-agnostic,Singapore,,,,,SG,,,
inv-xflo,,XFLO,,sector-agnostic,Singapore,,,,,SG,,,
inv-seafoody,,Seafoody,,sector-agnostic,Malaysia,,,,,MY,,,
inv-gignite-ai,,Gignite.ai,,sector-agnostic,Singapore,,,,,SG,,,
inv-carching,,carching,,sector-agnostic,Malaysia,,,,,MY,,,
inv-altecflex,,Altecflex,,sector-agnostic,Malaysia,,,,,MY,,,
inv-kyex-labs,,KYEX Labs,,sector-agnostic,Singapore,,,,,SG,,,
inv-hegg,,Hegg,,sector-agnostic,Singapore,,,,,SG,,,
inv-big-capital,,BIG Capital.,series-a,sector-agnostic,Singapore,,,,,SG,,,
inv-smartoptz,,SmartOptz,,sector-agnostic,Malaysia,,,,,MY,,,
inv-prosales,,ProSales,,sector-agnostic,Malaysia,,,,,MY,,,
inv-mesolitica,,Mesolitica,,sector-agnostic,Malaysia,,,,,MY,,,
inv-ever-ai-technologies,,Ever AI Technologies,,sector-agnostic,Malaysia,,,,,MY,,,
inv-melodio-ai,,Melodio AI,,sector-agnostic,Singapore,,,,,SG,,,
inv-mount-row,,Mount Row,pre-seed; series-a,fintech; deeptech,Singapore,,,early-stage,,SG,,,
inv-kairoswealth,,KairosWealth,,sector-agnostic,Singapore,,,,,SG,,,
inv-kubee,,Kubee,,sector-agnostic,Singapore,,,,,SG,,,
inv-shapee,,Shapee,,sector-agnostic,Malaysia,,,,,MY,,,
inv-sociozk-ai,,SocioZK AI,,sector-agnostic,Singapore,,,,,SG,,,
inv-nusa-ka-satu,,Nusa Ka Satu,,sector-agnostic,Malaysia,,,,,MY,,,
inv-exty,,Exty,,sector-agnostic,Singapore,,,,,SG,,,
inv-frank-dental,,Frank Dental,,sector-agnostic,Singapore,,,,,SG,,,
inv-sgentrepreneurs,,SGEntrepreneurs,,sector-agnostic,Singapore,,,,,SG,,,
inv-epitome,,Epitome,,sector-agnostic,Singapore,,,,,SG,,,
inv-myipo,,MYIPO,,sector-agnostic,Malaysia,,,,,MY,,,
inv-mycrs,,MYCRS,,sector-agnostic,Malaysia,,,,,MY,,,
inv-qosmosys,,Qosmosys,,sector-agnostic,Singapore,,,,,SG,,,
inv-asia-jetway,,Asia Jetway,series-a,healthtech; manufacturing,Singapore,,,,,SG,,,
inv-getmeleads,,GetMeLeads,,sector-agnostic,Singapore,,,,,SG,,,
inv-ambank-islamic-berhad,,AmBank Islamic Berhad,,sector-agnostic,Malaysia,,,,,MY,,,
inv-awc,,AWC,,sector-agnostic,Malaysia,,,,,MY,,,
inv-one-latitude-group,,One Latitude Group,buyout,sector-agnostic,Singapore,,,growth-capital,,SG,,,
inv-mah-sing,,Mah Sing,series-b,sector-agnostic,Malaysia,,,,,MY,,crm@mahsing.com.my,
inv-angsana-investments,,Angsana Investments,seed,web3,Singapore,,,early-stage,,SG,,,
inv-augment-education,,Augment Education,,sector-agnostic,Singapore,,,,,SG,,,
inv-jr-kelmscott,,JR Kelmscott,,deeptech,Singapore,,,,,SG,,,
inv-nudgespace,,NUDGESPACE,,sector-agnostic,Singapore,,,,,SG,,,
inv-the-acemeta-company,,The AceMeta Company,,sector-agnostic,Singapore,,,,,SG,,,
inv-talkyverse,,Talkyverse,,sector-agnostic,Singapore,,,,,SG,,,
inv-acxyn,,Acxyn,,sector-agnostic,Malaysia,,,,,MY,,,
inv-stofee,,Stofee,,sector-agnostic,Singapore,,,,,SG,,,
inv-aminvest,,AmInvest,,sector-agnostic,Malaysia,,,,,MY,,,
inv-sage-health,,Sage Health,,sector-agnostic,Singapore,,,,,SG,,,
inv-block-by-block-capital,,Block by Block Capital,,fintech,Singapore,,,,,SG,,,
inv-regenx,,RegenX,,sector-agnostic,Singapore,,,,,SG,,,
inv-phew-ai-tab,,Phew AI Tab,,sector-agnostic,Singapore,,,,,SG,,,
inv-ethan-ai,,Ethan AI,,sector-agnostic,Singapore,,,,,SG,,,
inv-minerva-ai,,Minerva AI,,sector-agnostic,Singapore,,,,,SG,,,
inv-wipdata,,WIPDATA,,sector-agnostic,Malaysia,,,,,MY,,,
inv-branch-ai,,Branch AI,,sector-agnostic,Singapore,,,,,SG,,,
inv-rfid-paper,,RFID Paper,,sector-agnostic,Malaysia,,,,,MY,,,
inv-breathing-fish,,Breathing Fish,,sector-agnostic,Singapore,,,,,SG,,,
inv-pacific-trustees-group-international,,Pacific Trustees Group International,,sector-agnostic,Malaysia,,,,,MY,,,
inv-investor-report,,Investor Report,,sector-agnostic,Singapore,,,,,SG,,,
inv-pyxis,,Pyxis,,sector-agnostic,Singapore,,,,,SG,,,
inv-pcx-markets,,PCX Markets,,sector-agnostic,Singapore,,,,,SG,,,
inv-synaptic-delver,,Synaptic Delver,,sector-agnostic,Singapore,,,,,SG,,,
inv-evergreen-group-holdings,,Evergreen Group Holdings,,sector-agnostic,Singapore,,,,,SG,,+6221123456789,yes
inv-safe-haven,,Safe Haven,,sector-agnostic,Singapore,,,,,SG,,,
inv-myfriend-furever-connected,,MyFriend - Furever Connected,,sector-agnostic,Singapore,,,,,SG,,,
inv-kangro,,Kangro,seed; buyout,fintech,Singapore,,,early-stage; growth-capital,,SG,,,
inv-flashlabs,,FlashLabs,,sector-agnostic,Singapore,,,,,SG,,,
inv-caring-up,,Caring Up,,sector-agnostic,Singapore,,,,,SG,,,
inv-asia-pro-ventures,,Asia Pro Ventures,seed,sector-agnostic,Singapore; Malaysia,,,early-stage,,SG,,andrew@asiaproventures.com,
inv-unilah-student-community,,UniLah Student Community,,sector-agnostic,Malaysia,,,,,MY,,,
inv-gamlytics,,Gamlytics,,sector-agnostic,Singapore,,,,,SG,,,
inv-anto-medcare,,Anto Medcare,,sector-agnostic,Singapore,,,,,SG,,,
inv-synna,,Synna,,sector-agnostic,Singapore,,,,,SG,,,
inv-cheng-co,,Cheng & Co,,sector-agnostic,Malaysia,,,,,MY,,,
inv-hyperbooth,,HyperBooth,,sector-agnostic,Singapore,,,,,SG,,,
inv-novusthera,,NovusThera,,sector-agnostic,Singapore,,,,,SG,,,
inv-innovatus-associates,,Innovatus Associates,,sector-agnostic,Singapore,,,,,SG,,,
inv-legback,,Legback,,sector-agnostic,Singapore,,,,,SG,,,
inv-sainuc,,SAINUC,,sector-agnostic,Singapore,,,,,SG,,,
inv-wapal,,Wapal,,sector-agnostic,Singapore,,,,,SG,,,
inv-swapgpt,,SwapGPT,,sector-agnostic,Singapore,,,,,SG,,,
inv-gait-global,,GAIT Global,,sector-agnostic,Singapore,,,,,SG,,,
inv-beatonic,,Beatonic,,sector-agnostic,Singapore,,,,,SG,,,
inv-mewtant-inc,,Mewtant Inc.,,sector-agnostic,Singapore,,,,,SG,,,
inv-grayscale-ventures,,Grayscale Ventures,,sector-agnostic,Singapore,,,,,SG,,,
inv-nextpls,,Nextpls,,sector-agnostic,Singapore,,,,,SG,,,
inv-imaginal-seeds,,Imaginal Seeds,seed,agritech,Singapore,,,early-stage,,SG,,,
inv-pet-world-international,,Pet World International,,sector-agnostic,Malaysia,,,,,MY,,,
inv-our-vow-pte-ltd,,Our Vow Pte Ltd,,sector-agnostic,Singapore,,,,,SG,,,
inv-kydra,,Kydra,,sector-agnostic,Singapore,,,,,SG,,,
inv-ortus-star,,Ortus Star,,sector-agnostic,Singapore,,,,,SG,,,
inv-bouchon-capital,,Bouchon Capital,pre-seed,sector-agnostic,Singapore,,,early-stage,,SG,,,
inv-shopmatey,,Shopmatey,,sector-agnostic,Singapore,,,,,SG,,,
inv-apb-resources,,APB Resources,,sector-agnostic,Malaysia,,,,,MY,,,
inv-musical-theatre-limited,,Musical Theatre Limited,,sector-agnostic,Singapore,,,,,SG,,,
inv-evolv,,Evolv,,sector-agnostic,Singapore,,,,,SG,,,
inv-despaq,,DespaQ,,sector-agnostic,Malaysia,,,,,MY,,,
inv-bnp-paribas-singapore,,BNP Paribas Singapore,,sector-agnostic,Singapore,,,,,SG,,,
inv-qapp,,QApp,,sector-agnostic,Singapore,,,,,SG,,,
inv-dust,,Dust,,sector-agnostic,Singapore,,,,,SG,,,
inv-factorem,,Factorem,,sector-agnostic,Singapore,,,,,SG,,,
inv-pine-venture-partners,,Pine Venture Partners,seed; series-a; series-b,healthtech,Singapore,,,early-stage,,SG,,,
inv-plantex,,Plantex,,sector-agnostic,Malaysia,,,,,MY,,,
inv-mpfunds,,MPFunds,,sector-agnostic,Singapore,,,,,SG,,,
inv-olam-treasury,,Olam Treasury,,sector-agnostic,Singapore,,,,,SG,,,
inv-huddle,,Huddle,,sector-agnostic,Singapore,,,,,SG,,,
inv-chargesini,,ChargeSini,,sector-agnostic,Malaysia,,,,,MY,,,
inv-whole-earth-foundation,,Whole Earth Foundation,,sector-agnostic,Singapore,,,,,SG,,,
inv-meet-mee,,Meet Mee,,sector-agnostic,Malaysia,,,,,MY,,,
inv-surbana-jurong-capital,,Surbana Jurong Capital,series-b,deeptech,Singapore,,,,,SG,,,
inv-alcosm,,Alcosm,,sector-agnostic,Singapore,,,,,SG,,,
inv-farmio,,Farmio,,sector-agnostic,Singapore,,,,,SG,,,
inv-qhazanah-sabah-berhad,,Qhazanah Sabah Berhad,,sector-agnostic,Malaysia,,,,,MY,,communications@qhazanahsabah.com.my,
inv-fintos,,FINTOS,,sector-agnostic,Malaysia,,,,,MY,,,
inv-bitarcade,,BitArcade,,sector-agnostic,Singapore,,,,,SG,,,
inv-manxi,,Manxi,,sector-agnostic,Singapore,,,,,SG,,,
inv-zenclass,,ZenClass,,sector-agnostic,Singapore,,,,,SG,,,
inv-sugar,,Sugar,,sector-agnostic,Singapore,,,,,SG,,,
inv-connect-2-evolve-c2e,,Connect 2 Evolve (C2E),,sector-agnostic,Singapore,,,,,SG,,,
inv-zora-healthcare,,Zora Healthcare,,sector-agnostic,Singapore,,,,,SG,,,
inv-keystone,,Keystone,,sector-agnostic,Singapore,,,,,SG,,,
inv-tk-mall,,TK Mall,,sector-agnostic,Singapore,,,,,SG,,,
inv-singapore-asia-publishers,,Singapore Asia Publishers,,sector-agnostic,Singapore,,,,,SG,,,
inv-mavis-tutorial-centre,,Mavis Tutorial Centre,,sector-agnostic,Singapore,,,,,SG,,,
inv-astonic-ventures,,Astonic Ventures,seed,edtech,Singapore,,,early-stage,,SG,,,
inv-hoyoverse,,HoYoverse,,sector-agnostic,Singapore,,,,,SG,,,
inv-msr-capital,,MSR Capital,,sector-agnostic,Malaysia,,,,,MY,,,
inv-bon-auxilium,,Bon Auxilium,seed,sector-agnostic,Singapore,,,early-stage,,SG,,,
inv-drops,,Drops,,sector-agnostic,Singapore,,,,,SG,,,
inv-intnt-ai,,INTNT.AI,,sector-agnostic,Singapore,,,,,SG,,,
inv-optimal-investments,,Optimal Investments,seed; series-b,deeptech,Singapore,,,early-stage,,SG,,,
inv-emo-technologies-intnt-ai,,EMO Technologies / INTNT.AI,,sector-agnostic,Singapore,,,,,SG,,,
inv-airlyft,,Airlyft,,sector-agnostic,Singapore,,,,,SG,,,
inv-zada-solutions,,ZADA Solutions,,sector-agnostic,Singapore,,,,,SG,,,
inv-we-are-caring,,We Are Caring,,sector-agnostic,Singapore,,,,,SG,,,
inv-sols-24-7,,SOLS 24/7,,sector-agnostic,Malaysia,,,,,MY,,,
inv-decentralized-finance-laboratories-limited,,DECENTRALIZED FINANCE LABORATORIES LIMITED,,sector-agnostic,Singapore,,,,,SG,,,
inv-24-dokan,,24 Dokan,,sector-agnostic,Malaysia,,,,,MY,,,
inv-steer-protocol,,Steer Protocol,,sector-agnostic,Singapore,,,,,SG,,,
inv-teech-tv,,Teech.tv,,sector-agnostic,Singapore,,,,,SG,,,
inv-ezzayo,,Ezzayo,,sector-agnostic,Singapore,,,,,SG,,,
inv-scg-cell-therapy,,SCG Cell Therapy,,sector-agnostic,Singapore,,,,,SG,,,
inv-effertech,,Effertech,,sector-agnostic,Malaysia,,,,,MY,,,
inv-shellys-marketing,,Shellys Marketing,seed; series-a,fintech; ecommerce,Malaysia,,,early-stage,,MY,,,
inv-incite-innovations,,Incite Innovations,,sector-agnostic,Malaysia,,,,,MY,,,
inv-rampable,,Rampable,,sector-agnostic,Singapore,,,,,SG,,,
inv-nook,,Nook,,sector-agnostic,Singapore,,,,,SG,,,
inv-sindiyan,,Sindiyan,,sector-agnostic,Malaysia,,,,,MY,,,
inv-grabjob,,Grabjob,,sector-agnostic,Malaysia,,,,,MY,,,
inv-thenoor,,TheNoor™,,sector-agnostic,Malaysia,,,,,MY,,,
inv-engineering-good,,Engineering Good,,sector-agnostic,Singapore,,,,,SG,,,
inv-dignity-for-children-foundation,,Dignity For Children Foundation,,sector-agnostic,Malaysia,,,,,MY,,,
inv-the-national-cancer-society-of-malaysia-ncsm,,The National Cancer Society of Malaysia (NCSM),,sector-agnostic,Malaysia,,,,,MY,,,
inv-zima-sensors,,Zima Sensors,,sector-agnostic,Singapore,,,,,SG,,,
inv-mycovation,,Mycovation,,sector-agnostic,Singapore,,,,,SG,,,
inv-probicient,,Probicient,,sector-agnostic,Singapore,,,,,SG,,,
inv-netease-interactive-entertainment-pte-ltd,,NetEase Interactive Entertainment Pte. Ltd.,,sector-agnostic,Singapore,,,,,SG,,,
inv-meta-fantasy,,Meta Fantasy,,sector-agnostic,Singapore,,,,,SG,,,
inv-pixelcraft-studios,,Pixelcraft Studios,,sector-agnostic,Singapore,,,,,SG,,,
inv-sevenstar-web-tech,,Sevenstar Web Tech,,sector-agnostic,Malaysia,,,,,MY,,,
inv-utown,,UTown,,sector-agnostic,Singapore,,,,,SG,,,
inv-forcar,,FORCAR,,sector-agnostic,Malaysia,,,,,MY,,,
inv-eleven,,Eleven,,sector-agnostic,Singapore,,,,,SG,,,
inv-iweaver,,iWeaver,,sector-agnostic,Singapore,,,,,SG,,,
inv-qlassroom,,Qlassroom,,sector-agnostic,Singapore,,,,,SG,,,
inv-qwiik,,Qwiik,,sector-agnostic,Singapore,,,,,SG,,,
inv-renew-group,,Renew Group,,sector-agnostic,Singapore,,,,,SG,,growth@renewgroup.com,
inv-soilabs,,SoiLabs,,sector-agnostic,Singapore,,,,,SG,,,
inv-mano,,Mano,,sector-agnostic,Singapore,,,,,SG,,,
inv-mystartr-com,,MyStartr.com,,sector-agnostic,Malaysia,,,,,MY,,,
inv-emurgo-mea,,EMURGO MEA,,sector-agnostic,Singapore,,,,,SG,,,
inv-miss-auto-berhad,,Miss Auto Berhad,,sector-agnostic,Malaysia,,,,,MY,,,
inv-astrofi,,AstroFi,,sector-agnostic,Malaysia,,,,,MY,,,
inv-twenty20-energy,,Twenty20 Energy,,sector-agnostic,Singapore,,,,,SG,,,
inv-launchpilot,,Launchpilot,,sector-agnostic,Singapore,,,,,SG,,,
inv-ketitik-pte-ltd,,KeTitik Pte Ltd,,sector-agnostic,Singapore,,,,,SG,,,
inv-farm-angel,,Farm Angel,,sector-agnostic,Singapore,,,,,SG,,,
inv-zonar,,Zonar,,sector-agnostic,Malaysia,,,,,MY,,,
inv-mindreader,,Mindreader,,sector-agnostic,Singapore,,,,,SG,,,
inv-kittykat,,Kittykat,,sector-agnostic,Singapore,,,,,SG,,,
inv-airdoot-pte-ltd,,AirDoot Pte Ltd,,sector-agnostic,Singapore,,,,,SG,,,
inv-zerohero,,ZeroHero,,sector-agnostic,Malaysia,,,,,MY,,,
inv-dearaimii,,DearAimii,,sector-agnostic,Singapore,,,,,SG,,,
inv-gryphus-capital,,Gryphus Capital,seed,sector-agnostic,Singapore,,,early-stage,,SG,,contact@gryphuscapital.com,yes
inv-x-press-feeders,,X-Press Feeders,,sector-agnostic,Singapore,,,,,SG,,,
inv-based-ventures,,Based Ventures,series-a,healthtech; deeptech,Singapore,,,,,SG,,,
inv-me3-technologies-pte-ltd,,Me3 Technologies Pte. Ltd.,,sector-agnostic,Singapore,,,,,SG,,,
inv-rease,,REase,,sector-agnostic,Singapore,,,,,SG,,,
inv-pitch-platforms-sdn-bhd,,Pitch Platforms Sdn Bhd,,sector-agnostic,Malaysia,,,,,MY,,,
inv-magellan-x,,Magellan X,,sector-agnostic,Singapore,,,,,SG,,,
inv-kaisar-pharmacy,,Kaisar Pharmacy,,sector-agnostic,Malaysia,,,,,MY,,,
inv-evguru,,EvGuru,,sector-agnostic,Malaysia,,,,,MY,,,
inv-apical-group,,Apical Group,,sector-agnostic,Singapore,,,,,SG,,,
inv-xmart-lex,,xmart@lex,,sector-agnostic,Malaysia,,,,,MY,,,
inv-nverse-labs,,Nverse Labs,,sector-agnostic,Malaysia,,,,,MY,,,
inv-inovata,,Inovata,,sector-agnostic,Singapore,,,,,SG,,,
inv-growthdesk,,GrowthDesk,,sector-agnostic,Singapore,,,,,SG,,,
inv-exfor,,Exfor,,sector-agnostic,Malaysia,,,,,MY,,,
inv-canalys,,Canalys,seed,sector-agnostic,Singapore,,,early-stage,,SG,,,
inv-sph3re,,Sph3re,,sector-agnostic,Singapore,,,,,SG,,,
inv-ailiverse,,Ailiverse,,sector-agnostic,Singapore,,,,,SG,,,
inv-eduloco,,Eduloco,,sector-agnostic,Malaysia,,,,,MY,,,
inv-sinso-technology,,SINSO Technology,,sector-agnostic,Singapore,,,,,SG,,,
inv-cabin-vc,,Cabin VC,seed,web3,Singapore,,,early-stage,,SG,,,
inv-autofarm,,Autofarm,,sector-agnostic,Singapore,,,,,SG,,,
inv-masik-enterprise,,Masik Enterprise,seed; series-a,sector-agnostic,Singapore,,,early-stage,,SG,,,
inv-generator-advisors,,Generator Advisors,seed,sector-agnostic,Singapore,,,early-stage,,SG,,,
inv-squarely,,Squarely,,sector-agnostic,Singapore,,,,,SG,,,
inv-bidakara-legacy,,Bidakara Legacy,seed,sector-agnostic,Singapore; Southeast Asia,,,early-stage,,SG,,,
inv-alstroemeria-investments,,Alstroemeria Investments,series-a,fintech,Singapore,,,,,SG,,,
inv-astarter,,Astarter,,sector-agnostic,Singapore,,,,,SG,,,
inv-buzz,,Buzz,,sector-agnostic,Malaysia,,,,,MY,,,
inv-dinoland,,Dinoland,,sector-agnostic,Singapore,,,,,SG,,,
inv-kalibra,,Kalibra,,sector-agnostic,Singapore,,,,,SG,,,
inv-louoj,,LOUOJ,,sector-agnostic,Singapore,,,,,SG,,,
inv-misha-crypto-blog,,MISHA | CRYPTO BLOG,,sector-agnostic,Singapore,,,,,SG,,,
inv-crafting-finance,,Crafting Finance,,sector-agnostic,Singapore,,,,,SG,,,
inv-arb-iot,,ARB IOT,,sector-agnostic,Malaysia,,,,,MY,,,
inv-chumbi-valley,,Chumbi Valley,,sector-agnostic,Singapore,,,,,SG,,,
inv-tathya-earth,,Tathya Earth,,sector-agnostic,Singapore,,,,,SG,,,
inv-fwen,,FWEN,,sector-agnostic,Singapore,,,,,SG,,,
inv-a2eship,,A2ESHIP,,sector-agnostic,Singapore,,,,,SG,,,
inv-ipick,,Ipick,,sector-agnostic,Malaysia,,,,,MY,,,
inv-gametaverse,,Gametaverse,,sector-agnostic,Singapore,,,,,SG,,,
inv-reneverse,,ReneVerse,,sector-agnostic,Singapore,,,,,SG,,,
inv-imagine-maia-sdn-bhd,,Imagine MAIA Sdn Bhd,,sector-agnostic,Malaysia,,,,,MY,,,
inv-life-by-petto,,Life by Petto,,sector-agnostic,Singapore,,,,,SG,,,
inv-confiction,,Confiction,,sector-agnostic,Singapore,,,,,SG,,,
inv-infinite-launch,,Infinite Launch,,sector-agnostic,Singapore,,,,,SG,,,
inv-sync-dotcom-network,,Sync dotCom Network,,sector-agnostic,Malaysia,,,,,MY,,,
inv-netrove,,Netrove,seed,ecommerce; consumer,Malaysia,,,early-stage,,MY,,ideas@netrove.com,
inv-encorium,,Encorium,,sector-agnostic,Malaysia,,,,,MY,,,
inv-project-txa,,Project TXA,,sector-agnostic,Singapore,,,,,SG,,,
inv-pawshood,,Pawshood,,sector-agnostic,Malaysia,,,,,MY,,,
inv-superbig-distribution-centre-sdn-bhd,,SUPERBIG DISTRIBUTION CENTRE SDN BHD,,sector-agnostic,Malaysia,,,,,MY,,,
inv-monsterra,,Monsterra,,sector-agnostic,Singapore,,,,,SG,,,
inv-alphaday,,Alphaday,,sector-agnostic,Singapore,,,,,SG,,,
inv-sportscientia,,SportScientia,,sector-agnostic,Singapore,,,,,SG,,,
inv-plastic-credit-exchange-pcx,,Plastic Credit Exchange (PCX),,sector-agnostic,Singapore,,,,,SG,,,
inv-proteomica,,Proteomica,,sector-agnostic,Singapore,,,,,SG,,,
inv-mednefits,,Mednefits,,sector-agnostic,Singapore,,,,,SG,,,
inv-eigenphi,,EigenPhi,,sector-agnostic,Singapore,,,,,SG,,,
inv-raydius,,Raydius,,sector-agnostic,Singapore,,,,,SG,,,
inv-prominence-games,,Prominence Games,,sector-agnostic,Singapore,,,,,SG,,,
inv-y11-sport-media,,Y11 Sport & Media,,sector-agnostic,Singapore,,,,,SG,,,
inv-uniramp,,Uniramp,,sector-agnostic,Singapore,,,,,SG,,,
inv-motivech,,Motivech,,sector-agnostic,Malaysia,,,,,MY,,,
inv-ka-auy-kombucha,,Ka'auy Kombucha,,sector-agnostic,Singapore,,,,,SG,,,
inv-pantas,,Pantas,,sector-agnostic,Malaysia,,,,,MY,,,
inv-dragon-war,,Dragon War,,sector-agnostic,Singapore,,,,,SG,,,
inv-age-of-tanks,,Age of Tanks,,sector-agnostic,Singapore,,,,,SG,,,
inv-widiland,,WidiLand,,sector-agnostic,Singapore,,,,,SG,,,
inv-koi-metaverse,,Koi Metaverse,,sector-agnostic,Singapore,,,,,SG,,,
inv-cyberpower-tech,,CYBERPOWER TECH,,sector-agnostic,Malaysia,,,,,MY,,,
inv-bodynetic,,Bodynetic,,sector-agnostic,Singapore,,,,,SG,,,
inv-cinnex,,Cinnex,,sector-agnostic,Singapore,,,,,SG,,,
inv-byzantine-marine,,Byzantine Marine,pre-seed,deeptech,Singapore,,,early-stage,,SG,,,
inv-lingosnap,,Lingosnap,,sector-agnostic,Singapore,,,,,SG,,,
inv-xamble-group,,Xamble Group,,sector-agnostic,Malaysia,,,,,MY,,,
inv-elfa,,Elfa,,sector-agnostic,Singapore,,,,,SG,,,
inv-cryptolock-cybersecurity-solutions,,CryptoLock Cybersecurity Solutions,,sector-agnostic,Singapore,,,,,SG,,,
inv-halfwish,,Halfwish,,sector-agnostic,Singapore,,,,,SG,,,
inv-neural-payments,,Neural Payments,,sector-agnostic,Singapore,,,,,SG,,,
inv-zebrid,,Zebrid,,sector-agnostic,Singapore,,,,,SG,,,
inv-boemi,,Boemi,,sector-agnostic,Singapore,,,,,SG,,,
inv-demokraft-ai,,demoKraft AI,,sector-agnostic,Singapore,,,,,SG,,,
inv-masterskill,,MasterSkill,,sector-agnostic,Malaysia,,,,,MY,,,
inv-raigine,,rAIgine,,sector-agnostic,Singapore,,,,,SG,,,
inv-shiplinker,,Shiplinker,,sector-agnostic,Singapore,,,,,SG,,,
inv-memoires,,Memoires,,sector-agnostic,Singapore,,,,,SG,,,
inv-mtc-orec,,MTC OREC,,sector-agnostic,Malaysia,,,,,MY,,,
inv-proplens-ai,,Proplens AI,,sector-agnostic,Singapore,,,,,SG,,,
inv-ardor,,Ardor,,sector-agnostic,Singapore,,,,,SG,,,
inv-forgettable,,Forgettable,,sector-agnostic,Singapore,,,,,SG,,,
inv-homebase,,Homebase,,sector-agnostic,Singapore,,,,,SG,,,
inv-copute-ai,,Copute.ai,,sector-agnostic,Singapore,,,,,SG,,,
inv-cloudverse-ai,,CloudVerse AI,,sector-agnostic,Singapore,,,,,SG,,,
inv-oneberry,,Oneberry,,sector-agnostic,Singapore,,,,,SG,,,
inv-alphanova,,AlphaNova,,sector-agnostic,Singapore,,,,,SG,,,
inv-m-league,,M-League,pre-seed,media-gaming,Singapore,,,early-stage,,SG,,,
inv-housing-development-board,,Housing & Development Board,,sector-agnostic,Singapore,,,,,SG,,,
inv-kexim-global,,KEXIM Global,,sector-agnostic,Singapore,,,,,SG,,,
inv-cromwell-european-reit,,Cromwell European REIT,,sector-agnostic,Singapore,,,,,SG,,,
inv-cyber-security-agency,,Cyber Security Agency,,sector-agnostic,Singapore,,,,,SG,,,
inv-dive-analytics,,Dive Analytics,,sector-agnostic,Singapore,,,,,SG,,,
inv-aipath-one,,AIPath.one,,sector-agnostic,Singapore,,,,,SG,,,
inv-sky-co,,Sky&Co,,sector-agnostic,Singapore,,,,,SG,,,
inv-preico,,preico,,sector-agnostic,Singapore,,,,,SG,,,
inv-volofin,,VoloFin,,sector-agnostic,Singapore,,,,,SG,,,
inv-missha-studio,,Missha Studio,,sector-agnostic,Malaysia,,,,,MY,,,
inv-frac,,Frac,,sector-agnostic,Singapore,,,,,SG,,,
inv-digital-penang,,Digital Penang,,sector-agnostic,Malaysia,,,,,MY,,,
inv-pantherpulse,,Pantherpulse,,sector-agnostic,Singapore,,,,,SG,,,
inv-eco-special-waste-management,,ECO Special Waste Management,,sector-agnostic,Singapore,,,,,SG,,,
inv-oue,,OUE,,sector-agnostic,Singapore,,,,,SG,,,
inv-trambellir-com,,Trambellir.com,,sector-agnostic,Malaysia,,,,,MY,,,
inv-good-take,,Good Take,,sector-agnostic,Singapore,,,,,SG,,,
inv-embed,,❜embed,,sector-agnostic,Singapore,,,,,SG,,,
inv-products2u,,Products2U,,sector-agnostic,Malaysia,,,,,MY,,,
inv-gotyme-financial,,GoTyme Financial,,sector-agnostic,Singapore,,,,,SG,,,
inv-giga-investment,,Giga Investment,,sector-agnostic,Singapore,,,,,SG,,,
inv-koha-digital,,Koha Digital,,sector-agnostic,Malaysia,,,,,MY,,,
inv-the-fikra-ace,,The FIKRA ACE,,fintech,Malaysia,,,,,MY,,,
inv-gobarakah,,GoBarakah,,sector-agnostic,Malaysia,,,,,MY,,,
inv-kechara-soup-kitchen,,Kechara Soup Kitchen,,sector-agnostic,Malaysia,,,,,MY,,,
inv-kotc-sports-pte-ltd,,KOTC Sports Pte Ltd,,sector-agnostic,Singapore,,,,,SG,,,
inv-endurra-technology,,Endurra Technology,,sector-agnostic,Singapore,,,,,SG,,,
inv-coco-park,,Coco Park,,sector-agnostic,Singapore,,,,,SG,,,
inv-tracknme,,Tracknme,,sector-agnostic,Singapore,,,,,SG,,,
inv-nanofertech,,Nanofertech,,sector-agnostic,Malaysia,,,,,MY,,,
inv-telequotes,,Telequotes,,sector-agnostic,Singapore,,,,,SG,,,
inv-jera-global-markets,,JERA Global Markets,,sector-agnostic,Singapore,,,,,SG,,,
inv-dorje-ai,,Dorje AI,,sector-agnostic,Singapore,,,,,SG,,,
inv-supervaisor-ai,,Supervaisor.ai,,sector-agnostic,Singapore,,,,,SG,,,
inv-global-fintech-hackcelerator,,Global FinTech Hackcelerator,pre-seed,fintech,Singapore,,,early-stage,,SG,,,
inv-mitt-arv,,Mitt Arv,,sector-agnostic,Singapore,,,,,SG,,,
inv-homesifu,,HomeSifu,,sector-agnostic,Malaysia,,,,,MY,,,
inv-maybank,,Maybank,,sector-agnostic,Malaysia,,,,,MY,,,
inv-ventura,,Ventura,,sector-agnostic,Singapore,,,,,SG,,,
inv-temasek-foundation,,Temasek Foundation,growth,agritech; healthtech,Singapore; Southeast Asia; Malaysia,,,growth-capital,,SG,,,
inv-prospercap,,ProsperCap,,sector-agnostic,Singapore,,,,,SG,,,
inv-3ren,,3Ren,,sector-agnostic,Malaysia,,,,,MY,,,
inv-entermind,,Entermind,,sector-agnostic,Singapore,,,,,SG,,,
inv-sophic-automation,,Sophic Automation,,sector-agnostic,Malaysia,,,,,MY,,,
inv-tailortech,,TailorTech,,sector-agnostic,Malaysia,,,,,MY,,,
inv-autonetics,,AUTONETICS,,sector-agnostic,Singapore,,,,,SG,,,
inv-mobee-cars,,Mobee Cars,,sector-agnostic,Malaysia,,,,,MY,,,
inv-corpdaq,,Corpdaq,,sector-agnostic,Singapore,,,,,SG,,,
inv-naplab,,NapLab,,sector-agnostic,Singapore,,,,,SG,,,
inv-discovermarket,,Discovermarket,,sector-agnostic,Singapore,,,,,SG,,,
inv-babilou-family-singapore,,Babilou Family Singapore,,sector-agnostic,Singapore,,,,,SG,,,
inv-chye-thiam-maintenance,,Chye Thiam Maintenance,,sector-agnostic,Singapore,,,,,SG,,,
inv-epic-collective,,Epic Collective,,sector-agnostic,Malaysia,,,,,MY,,,
inv-aurora-sustainable-energy,,Aurora Sustainable Energy,,climatetech,Singapore; Southeast Asia,,,,,SG,,,
inv-simcel,,SIMCEL,,sector-agnostic,Singapore,,,,,SG,,,
inv-toncapy,,TonCapy,,sector-agnostic,Singapore,,,,,SG,,,
inv-milo-mobility,,Milo Mobility,,sector-agnostic,Singapore,,,,,SG,,,
inv-indorama,,Indorama,growth,sector-agnostic,Singapore,,,growth-capital,,SG,,contact@indorama.com,yes
inv-kenanga-investors-berhad,,Kenanga Investors Berhad,series-b,fintech,Malaysia; Singapore,,,,,MY,,+601800883737,yes
inv-zemith,,Zemith,,sector-agnostic,Singapore,,,,,SG,,,
inv-patient-capital,,Patient Capital,,sector-agnostic,Singapore,,,,,SG,,info@patientcapital.com,yes
inv-kdarena,,KDArena,,sector-agnostic,Singapore,,,,,SG,,,
inv-aier-studios,,Aier Studios,,sector-agnostic,Singapore,,,,,SG,,,
inv-zura-charge,,Zura Charge,,sector-agnostic,Malaysia,,,,,MY,,,
inv-digially,,DigiAlly,,sector-agnostic,Singapore,,,,,SG,,,
inv-attn-digital,,ATTN Digital,,sector-agnostic,Malaysia,,,,,MY,,,
inv-stability-world-ai,,Stability World AI,,sector-agnostic,Singapore,,,,,SG,,,
inv-lingble,,Lingble,,sector-agnostic,Singapore,,,,,SG,,,
inv-welling,,Welling,,sector-agnostic,Singapore,,,,,SG,,,
inv-lekir-tech,,Lekir Tech,,sector-agnostic,Malaysia,,,,,MY,,,
inv-vidanex,,VIDANEX,,sector-agnostic,Malaysia,,,,,MY,,,
inv-kaishi-ventures,,Kaishi Ventures,,sector-agnostic,Singapore,,,,,SG,,,
inv-ascension-innovation,,Ascension Innovation,,sector-agnostic,Malaysia,,,,,MY,,,
inv-orbital-wave,,Orbital Wave,,sector-agnostic,Singapore,,,,,SG,,,
inv-airith,,Airith,,sector-agnostic,Singapore,,,,,SG,,,
inv-cellivate-technologies,,Cellivate Technologies,,sector-agnostic,Singapore,,,,,SG,,,
inv-snef,,Snef,,sector-agnostic,Singapore,,,,,SG,,,
inv-nota,,NOTA,,sector-agnostic,Singapore,,,,,SG,,,
inv-habib-bank,,HABIB BANK,,sector-agnostic,Singapore,,,,,SG,,customer.support@habibbank.com,
inv-leader-energy,,Leader Energy,,sector-agnostic,Singapore,,,,,SG,,,
inv-at-capital,,AT Capital,,ecommerce,Singapore,,,,,SG,,server@atcapital.vc,
inv-laplace,,Laplace,,sector-agnostic,Singapore,,,,,SG,,,
inv-zavior,,Zavior,,sector-agnostic,Singapore,,,,,SG,,,
inv-photonicx-ai,,PhotonicX AI,,sector-agnostic,Singapore,,,,,SG,,,
inv-ss-rover,,SS Rover,,sector-agnostic,Malaysia,,,,,MY,,,
inv-sody-app,,Sody App,,sector-agnostic,Singapore,,,,,SG,,,
inv-eastern-steel-sdn-bhd,,Eastern Steel Sdn Bhd,,sector-agnostic,Malaysia,,,,,MY,,,
inv-slarex,,Slarex,,sector-agnostic,Singapore,,,,,SG,,,
inv-upstrace,,UpsTrace,,sector-agnostic,Singapore,,,,,SG,,,
inv-spherex,,SphereX,,sector-agnostic,Singapore,,,,,SG,,,
inv-searca,,SEARCA,,sector-agnostic,Malaysia,,,,,MY,,,
inv-mrhb,,MRHB,,sector-agnostic,Singapore,,,,,SG,,,
inv-masa-research,,Masa Research,,sector-agnostic,Singapore,,,,,SG,,,
inv-kohe-aesthetics-and-clear-aligners-dedicated-cen,,kohe Aesthetics and Clear Aligners Dedicated Centre,,sector-agnostic,Singapore,,,,,SG,,,
inv-headtech,,HeadTech,,sector-agnostic,Singapore,,,,,SG,,,
inv-good-bards,,Good Bards,,sector-agnostic,Singapore,,,,,SG,,,
inv-tangram-asia-capital,,Tangram Asia Capital,series-b,consumer,Singapore,,,,,SG,,,
inv-food-empire-holdings,,Food Empire Holdings,,sector-agnostic,Singapore,,,,,SG,,,
inv-maybank-singapore,,Maybank Singapore,,sector-agnostic,Singapore,,,,,SG,,,
inv-sollong,,SOLLONG,,sector-agnostic,Singapore,,,,,SG,,,
inv-gimmefy,,gimmefy,,sector-agnostic,Singapore,,,,,SG,,,
inv-eauto,,eAuto,,sector-agnostic,Malaysia,,,,,MY,,,
inv-eonlabs-ai,,EonLabs.AI,,sector-agnostic,Singapore,,,,,SG,,,
inv-niyog-global,,Niyog Global,,sector-agnostic,Singapore,,,,,SG,,,
inv-wubble,,Wubble,,sector-agnostic,Singapore,,,,,SG,,,
inv-fonixtree,,Fonixtree,,sector-agnostic,Singapore,,,,,SG,,,
inv-naza-communications,,Naza Communications,,sector-agnostic,Malaysia,,,,,MY,,,
inv-intelligible,,Intelligible,,sector-agnostic,Singapore,,,,,SG,,,
inv-assistteacher,,AssistTeacher,,sector-agnostic,Singapore,,,,,SG,,,
inv-speediance-singapore,,Speediance Singapore,,sector-agnostic,Singapore,,,,,SG,,,
inv-seatobag,,SEATOBAG,,sector-agnostic,Singapore,,,,,SG,,,
inv-mainstory,,MainStory,,sector-agnostic,Singapore,,,,,SG,,,
inv-singapore-consortium-investment-management-limit,,SINGAPORE CONSORTIUM INVESTMENT MANAGEMENT LIMITED,,sector-agnostic,Singapore,,,,,SG,,,
inv-longbridge-group-singapore,,Longbridge Group Singapore,,sector-agnostic,Singapore,,,,,SG,,,
inv-ajourney,,Ajourney,,sector-agnostic,Singapore,,,,,SG,,,
inv-stackbrains,,Stackbrains,,sector-agnostic,Singapore,,,,,SG,,,
inv-roshi,,ROSHI,,sector-agnostic,Singapore,,,,,SG,,,
inv-rz-technology,,RZ Technology,,sector-agnostic,Singapore,,,,,SG,,,
inv-1st-soul-group,,1st Soul Group,seed,ecommerce,Singapore,,,early-stage,,SG,,1st@1stsoul.com,
inv-fandom-studio,,Fandom Studio,,sector-agnostic,Singapore,,,,,SG,,,
inv-skilledin-green,,Skilledin Green,,sector-agnostic,Singapore,,,,,SG,,,
inv-petville-global,,Petville Global,,sector-agnostic,Malaysia,,,,,MY,,,
inv-maxeon-solar-technologies,,Maxeon Solar Technologies,,sector-agnostic,Singapore,,,,,SG,,,
inv-mengajionline-com,,MengajiOnline.com,,sector-agnostic,Malaysia,,,,,MY,,,
inv-giraffe-ai-labs,,GIRAFFE AI LABS,,sector-agnostic,Singapore,,,,,SG,,,
inv-biohack-world,,Biohack World,,sector-agnostic,Singapore,,,,,SG,,,
inv-mind-mechatronic-intelligent-design-sdn-bhd,,MInD Mechatronic Intelligent Design Sdn Bhd,,sector-agnostic,Malaysia,,,,,MY,,,
inv-ringlink,,RingLink,,sector-agnostic,Singapore,,,,,SG,,,
inv-safvr,,SAFVR,,sector-agnostic,Singapore,,,,,SG,,,
inv-alphaswift-industries,,Alphaswift Industries,,sector-agnostic,Malaysia,,,,,MY,,,
inv-briq-bloq,,Briq Bloq,,sector-agnostic,Malaysia,,,,,MY,,,
inv-thane,,Thane,,sector-agnostic,Singapore,,,,,SG,,,
inv-solvnex,,Solvnex,,sector-agnostic,Malaysia,,,,,MY,,,
inv-arting-ai,,Arting AI,,sector-agnostic,Singapore,,,,,SG,,,
inv-custom-food-ingredients,,Custom Food Ingredients,,sector-agnostic,Malaysia,,,,,MY,,,
inv-cur8-io,,Cur8.io,,sector-agnostic,Singapore,,,,,SG,,,
inv-passme,,PassMe,,sector-agnostic,Singapore,,,,,SG,,,
inv-deepmodel,,DeepModel,,sector-agnostic,Singapore,,,,,SG,,,
inv-xpcards,,XPCards,,sector-agnostic,Singapore,,,,,SG,,,
inv-earnest,,Earnest,,sector-agnostic,Singapore,,,,,SG,,,
inv-sapher,,Sapher,seed,enterprise-saas; deeptech,Singapore,,,early-stage,,SG,,contactus@sapher.com,
inv-r-mi,,RÉMI,,sector-agnostic,Singapore,,,,,SG,,,
inv-linguaai,,LinguaAI,,sector-agnostic,Singapore,,,,,SG,,,
inv-smartfuture,,Smartfuture,,sector-agnostic,Singapore,,,,,SG,,,
inv-senzehub,,SenzeHub,,sector-agnostic,Singapore,,,,,SG,,,
inv-justbaat,,Justbaat,,sector-agnostic,Singapore,,,,,SG,,,
inv-peacom-pte-ltd,,Peacom Pte Ltd,,sector-agnostic,Singapore,,,,,SG,,,
inv-aegis-asia,,Aegis Asia,seed,sector-agnostic,Singapore,,,early-stage,,SG,,info@aegisasia.com,yes
inv-institute-for-environment-and-sustainability-ies,,Institute for Environment and Sustainability (IES),,sector-agnostic,Singapore,,,,,SG,,,
inv-ctr-holdings,,CTR Holdings,,sector-agnostic,Singapore,,,,,SG,,+6563686026,yes
inv-comfortdelgro,,ComfortDelGro,seed; series-a,climatetech; manufacturing,Singapore,,,early-stage,,SG,,info@comfortdelgro.com,yes
inv-luminis-water-technologies,,Luminis Water Technologies,,sector-agnostic,Singapore,,,,,SG,,,
inv-cope-private-equity,,COPE Private Equity,buyout,sector-agnostic,Malaysia,,,growth-capital,,MY,,,
inv-complete-human-network,,Complete Human Network,,sector-agnostic,Malaysia,,,,,MY,,,
inv-bts-global,,BTS Global,seed,media-gaming,Singapore,,,early-stage,,SG,,,
inv-sensay,,Sensay,,sector-agnostic,Singapore,,,,,SG,,,
inv-wicapital,,WICapital,series-c,climatetech,Singapore,,,growth-capital,,SG,,info@wicapital.co,yes
inv-sand-town-solar,,Sand Town Solar,,sector-agnostic,Malaysia,,,,,MY,,,
inv-aire,,Aire,,sector-agnostic,Singapore,,,,,SG,,,
inv-formeta,,FORMETA,,sector-agnostic,Malaysia,,,,,MY,,,
inv-adroverse,,Adroverse,,sector-agnostic,Singapore,,,,,SG,,,
inv-gsh-corp,,GSH Corp,,sector-agnostic,Singapore,,,,,SG,,,
inv-ethos,,Ethos,,sector-agnostic,Singapore,,,,,SG,,,
inv-onegenerative-ai,,OneGenerative AI,,sector-agnostic,Singapore,,,,,SG,,,
inv-safe-space,,Safe Space™,,sector-agnostic,Singapore,,,,,SG,,,
inv-remotespace,,RemoteSpace,,sector-agnostic,Singapore,,,,,SG,,,
inv-wormingup,,WormingUp,,sector-agnostic,Malaysia,,,,,MY,,,
inv-quantex-ai,,Quantex AI,,sector-agnostic,Singapore,,,,,SG,,,
inv-wiseasy,,Wiseasy,,sector-agnostic,Singapore,,,,,SG,,,
inv-satok-bridge-digital,,Satok Bridge Digital,,sector-agnostic,Malaysia,,,,,MY,,,
inv-asia-beverages,,Asia Beverages,,sector-agnostic,Singapore,,,,,SG,,,
inv-securade-ai,,Securade.ai,,sector-agnostic,Singapore,,,,,SG,,,
inv-racks-central,,Racks Central,,sector-agnostic,Singapore,,,,,SG,,,
inv-eclimo,,Eclimo,,sector-agnostic,Malaysia,,,,,MY,,,
inv-asset,,Asset,,sector-agnostic,Singapore,,,,,SG,,,
inv-rezonate,,Rezonate,,sector-agnostic,Singapore,,,,,SG,,,
inv-belibeli,,Belibeli,,sector-agnostic,Malaysia,,,,,MY,,,
inv-levanta-renewables,,Levanta Renewables,,sector-agnostic,Singapore,,,,,SG,,,
inv-aj-endless,,AJ Endless,,sector-agnostic,Singapore,,,,,SG,,,
inv-the-ascent-group,,The Ascent Group,series-a,sector-agnostic,Singapore,,,,,SG,,,
inv-jre-ventures,,JRE VENTURES,series-a,deeptech; enterprise-saas,Singapore,,,,,SG,,,
inv-handshake,,Handshake,,sector-agnostic,Singapore,,,,,SG,,,
inv-jin-universe-studios,,Jin Universe Studios,,sector-agnostic,Singapore,,,,,SG,,,
inv-noolie-ai,,Noolie AI,,sector-agnostic,Singapore,,,,,SG,,,
inv-soulasia,,Soulasia,,sector-agnostic,Malaysia,,,,,MY,,,
inv-hyperas-chain,,Hyperas Chain,,sector-agnostic,Singapore,,,,,SG,,,
inv-diolko,,Diolko,,sector-agnostic,Singapore,,,,,SG,,,
inv-xtractify,,Xtractify,,sector-agnostic,Malaysia,,,,,MY,,,
inv-vee-berhad,,VEE BERHAD,,sector-agnostic,Malaysia,,,,,MY,,,
inv-daba,,Daba,,sector-agnostic,Singapore,,,,,SG,,,
inv-e3a-healthcare-pte-ltd,,E3A Healthcare Pte Ltd,,sector-agnostic,Singapore,,,,,SG,,,
inv-antpool,,Antpool,growth,web3,Singapore,,,growth-capital,,SG,,,
inv-novosol,,Novosol,,sector-agnostic,Singapore,,,,,SG,,,
inv-unikeyic-electronics,,Unikeyic Electronics,,ecommerce; manufacturing,Singapore,,,,,SG,,,
inv-maxmega-electronics,,Maxmega Electronics,,sector-agnostic,Singapore,,,,,SG,,,
inv-depined,,DePINed,,sector-agnostic,Singapore,,,,,SG,,,
inv-abound-capital,,Abound Capital,,manufacturing; deeptech,Singapore,,,,,SG,,,
inv-barramundi-group,,Barramundi Group,,sector-agnostic,Singapore,,,,,SG,,,
inv-huros,,Huros,,sector-agnostic,Singapore,,,,,SG,,,
inv-wedo-venture-partners,,Wedo Venture Partners,seed; series-a; series-b,healthtech,Singapore,,,early-stage,,SG,,,
inv-vernal-capital,,Vernal Capital,seed,fintech; media-gaming,Singapore,,,early-stage,,SG,,,
inv-wasabicard,,WasabiCard,,sector-agnostic,Singapore,,,,,SG,,,
inv-kaigentic,,kAIgentic,,sector-agnostic,Singapore,,,,,SG,,,
inv-fly-fairly,,Fly Fairly,,sector-agnostic,Singapore,,,,,SG,,,
inv-nevermind-post-quantum,,Nevermind Post-Quantum,,sector-agnostic,Singapore,,,,,SG,,,
inv-greatasic,,GreatAsic,,sector-agnostic,Malaysia,,,,,MY,,,
inv-coinseeker,,Coinseeker,seed,web3; fintech,Singapore,,,early-stage,,SG,,,
inv-bayfront-infrastructure-management,,Bayfront Infrastructure Management,,sector-agnostic,Singapore,,,,,SG,,,
inv-lanxing-new-energy,,Lanxing New Energy,,sector-agnostic,Singapore,,,,,SG,,,
inv-lantern-ai,,Lantern.Ai,,enterprise-saas,Singapore,,,,,SG,,,
inv-partner-plexus,,Partner Plexus,,healthtech,Singapore,,,,,SG,,ananth@partnerplexus.com,
inv-weassist,,WeAssist,,sector-agnostic,Malaysia,,,,,MY,,,
inv-dligence,,Dligence,,sector-agnostic,Singapore,,,,,SG,,,
inv-canapii,,Canapii,,sector-agnostic,Singapore,,,,,SG,,,
inv-css-alpha-global,,CSS Alpha Global,growth,sector-agnostic,Singapore,,,growth-capital,,SG,,,
inv-frasers-centrepoint-trust,,Frasers Centrepoint Trust,,sector-agnostic,Singapore,,,,,SG,,,
inv-capgo-ai,,CapGo AI,,sector-agnostic,Singapore,,,,,SG,,,
inv-heyo-planet,,Heyo Planet,,sector-agnostic,Singapore,,,,,SG,,,
inv-ascend-capital-group,,Ascend Capital Group,series-a; growth,fintech,Singapore; Southeast Asia,,,growth-capital,,SG,,info@ascendcg.com,yes
inv-duro-capital,,Duro Capital,buyout,sector-agnostic,Singapore,,,growth-capital,,SG,,,
inv-cgc-digital,,CGC Digital,,fintech,Malaysia; Singapore,,,,,MY,,community@cgcdigital.com.my,
inv-moby,,Moby,,sector-agnostic,Singapore,,,,,SG,,,
inv-orko,,ORKO,,sector-agnostic,Singapore,,,,,SG,,,
inv-fellaz,,Fellaz,,sector-agnostic,Singapore,,,,,SG,,,
inv-fusionist,,Fusionist,,sector-agnostic,Singapore,,,,,SG,,,
inv-met-galleria,,Met Galleria,,sector-agnostic,Malaysia,,,,,MY,,,
inv-seatrium,,Seatrium,,sector-agnostic,Singapore,,,,,SG,,,
inv-riftstorm,,Riftstorm,,sector-agnostic,Singapore,,,,,SG,,,
inv-bambusoideae-technology,,Bambusoideae Technology,,sector-agnostic,Malaysia,,,,,MY,,,
inv-allies-of-skin,,Allies of Skin,,sector-agnostic,Singapore,,,,,SG,,,
inv-pipfarm,,PipFarm,,sector-agnostic,Singapore,,,,,SG,,,
inv-swapper-ai,,Swapper AI,,sector-agnostic,Singapore,,,,,SG,,,
inv-scenius,,Scenius,,sector-agnostic,Singapore,,,,,SG,,,
inv-edvance,,Edvance,,sector-agnostic,Malaysia,,,,,MY,,,
inv-mailpass,,Mailpass,,sector-agnostic,Singapore,,,,,SG,,,
inv-omcom,,Omcom,,sector-agnostic,Singapore,,,,,SG,,,
inv-vlaunch,,VLaunch,,sector-agnostic,Singapore,,,,,SG,,,
inv-econili-battery-new-energy,,EcoNiLi Battery New Energy,,sector-agnostic,Malaysia,,,,,MY,,,
inv-insureku,,Insureku,,sector-agnostic,Malaysia,,,,,MY,,,
inv-contrend,,Contrend,,sector-agnostic,Singapore,,,,,SG,,,
inv-payong,,Payong,,sector-agnostic,Malaysia,,,,,MY,,,
inv-yoje-group,,Yoje Group,,sector-agnostic,Malaysia,,,,,MY,,,
inv-borderdollar,,BorderDollar,,sector-agnostic,Singapore,,,,,SG,,,
inv-haos,,Haos,,sector-agnostic,Malaysia,,,,,MY,,,
inv-hoc-trade,,Hoc-trade,,sector-agnostic,Singapore,,,,,SG,,,
inv-yin-finance,,YIN Finance,,sector-agnostic,Singapore,,,,,SG,,,
inv-eigenai,,EigenAI,,sector-agnostic,Singapore,,,,,SG,,,
inv-auptimate,,Auptimate,,sector-agnostic,Singapore,,,,,SG,,,
inv-prime-partners,,Prime Partners,series-a,manufacturing; healthtech,Singapore,,,,,SG,,,
inv-bloxmith,,Bloxmith,,sector-agnostic,Singapore,,,,,SG,,,
inv-dayfi-sdk,,DayFi SDK,,sector-agnostic,Singapore,,,,,SG,,,
inv-orion-s-bridge-capital,,Orion's Bridge Capital,seed,consumer,Singapore,,,early-stage,,SG,,,
inv-tradeint,,TradeInt,,sector-agnostic,Singapore,,,,,SG,,,
inv-wholesnail,,WholeSnail,,sector-agnostic,Singapore,,,,,SG,,,
inv-ayam-selesa,,Ayam Selesa,,sector-agnostic,Malaysia,,,,,MY,,,
inv-fynxt,,FYNXT,,sector-agnostic,Singapore,,,,,SG,,,
inv-echooo,,Echooo,,sector-agnostic,Singapore,,,,,SG,,,
inv-psychiatry-australia,,Psychiatry Australia,,sector-agnostic,Singapore,,,,,SG,,,
inv-krawl-ai,,Krawl AI,,sector-agnostic,Singapore,,,,,SG,,,
inv-agrud-technologies,,Agrud Technologies,,sector-agnostic,Singapore,,,,,SG,,,
inv-radha-rani-holdings-family-office,,Radha Rani Holdings Family Office,seed,sector-agnostic,Singapore,,,early-stage,,SG,,,
inv-aarn-protocol,,aarnâ protocol,,sector-agnostic,Singapore,,,,,SG,,,
inv-ilyfsg,,iLyFSG,,sector-agnostic,Singapore,,,,,SG,,,
inv-onblock-ventures,,OnBlock Ventures,seed,media-gaming; web3,Singapore,,,early-stage,,SG,,,
inv-novachainx-sb,,NovachainX SB,,sector-agnostic,Singapore,,,,,SG,,,
inv-protaig,,Protaigé,,sector-agnostic,Singapore,,,,,SG,,,
inv-fingermotion,,FingerMotion,,sector-agnostic,Singapore,,,,,SG,,,
inv-aureus-dealers,,Aureus Dealers,seed,media-gaming; deeptech,Singapore,,,early-stage,,SG,,,
inv-tomoland,,Tomoland,,sector-agnostic,Singapore,,,,,SG,,,
inv-popdex,,PopDEX,,sector-agnostic,Singapore,,,,,SG,,,
inv-koollogix,,KoolLogix,,sector-agnostic,Singapore,,,,,SG,,,
inv-ddsp,,DDSP,,sector-agnostic,Singapore,,,,,SG,,,
inv-trek-2000-intl,,Trek 2000 Intl,,sector-agnostic,Singapore,,,,,SG,,,
inv-icbc-singapore,,ICBC singapore,growth,agritech,Singapore,,,growth-capital,,SG,,,
inv-citi-singapore,,Citi Singapore,growth,infrastructure,Singapore,,,growth-capital,,SG,,,
inv-albirex-niigata-singapore,,Albirex Niigata Singapore,,sector-agnostic,Singapore,,,,,SG,,,
inv-otomato,,Otomato,,sector-agnostic,Singapore,,,,,SG,,,
inv-k25-ai,,K25.ai,,sector-agnostic,Singapore,,,,,SG,,,
inv-finna,,Finna,,sector-agnostic,Singapore,,,,,SG,,,
inv-boleh-capital,,Boleh Capital,pre-seed; seed; series-b,fintech,Singapore; Southeast Asia,,,early-stage,,SG,,,
inv-aem-holdings,,AEM Holdings,,sector-agnostic,Singapore,,,,,SG,,,
inv-halliday,,Halliday,,sector-agnostic,Singapore,,,,,SG,,,
inv-aquarius,,Aquarius,,sector-agnostic,Malaysia,,,,,MY,,,
inv-ocean-purpose-project,,Ocean Purpose Project,,sector-agnostic,Singapore,,,,,SG,,,
inv-cofab,,CoFab,,sector-agnostic,Singapore,,,,,SG,,,
inv-tradedocai,,TradeDocAI,,sector-agnostic,Singapore,,,,,SG,,,
inv-tridorian,,tridorian,,sector-agnostic,Singapore,,,,,SG,,,
inv-alc-capital,,ALC Capital,series-b,sector-agnostic,Singapore,,,,,SG,,,
inv-bora-chain,,Bora Chain,seed,media-gaming,Singapore,,,early-stage,,SG,,,
inv-attribute-global-ventures,,Attribute Global Ventures,seed; growth,deeptech; media-gaming,Singapore,,,early-stage; growth-capital,,SG,,,
inv-hyperbond-studio,,Hyperbond Studio,,sector-agnostic,Singapore,,,,,SG,,,
inv-polybee,,Polybee,,sector-agnostic,Singapore,,,,,SG,,,
inv-eastern-epic-capitals,,Eastern Epic Capitals,series-b,deeptech,Singapore,,,,,SG,,,
inv-solarvest,,Solarvest,,proptech; climatetech,Malaysia,,,,,MY,,invest@solarvest.com,
inv-bgz-investment,,BGZ Investment,seed,consumer,Singapore,,,early-stage,,SG,,,
inv-vibefam,,Vibefam,,sector-agnostic,Singapore,,,,,SG,,,
inv-workus-ai,,Workus AI,,sector-agnostic,Singapore,,,,,SG,,,
inv-primech-holdings,,Primech Holdings,,sector-agnostic,Singapore,,,,,SG,,,
inv-ara-research,,Ara Research,,sector-agnostic,Malaysia,,,,,MY,,,
inv-broad-peak-investment-advisers,,BROAD PEAK INVESTMENT ADVISERS,growth,web3,Singapore,,,growth-capital,,SG,,,
inv-eggriculture-foods,,Eggriculture Foods,,sector-agnostic,Singapore,,,,,SG,,,
inv-simplex-ai,,Simplex AI,,sector-agnostic,Singapore,,,,,SG,,,
inv-edgex,,EdgeX,,sector-agnostic,Singapore,,,,,SG,,,
inv-tianqin-international,,Tianqin International,,sector-agnostic,Singapore,,,,,SG,,,
inv-gorilla-networks,,Gorilla Networks,,sector-agnostic,Singapore,,,,,SG,,,
inv-doozy-robotics,,Doozy Robotics,,sector-agnostic,Singapore,,,,,SG,,,
inv-folotoy,,FoloToy,,sector-agnostic,Singapore,,,,,SG,,,
inv-level3-ai,,Level3 AI,,sector-agnostic,Singapore,,,,,SG,,,
inv-enlight-capital,,Enlight Capital,series-b,fintech,Singapore,,,,,SG,,,
inv-tsao-pao-chee,,Tsao Pao Chee,buyout,sector-agnostic,Singapore,,,growth-capital,,SG,,connect@tsaopaochee.com,
inv-planetree,,Planetree,series-b,web3,Singapore,,,,,SG,,,
inv-decube,,decube,,sector-agnostic,Singapore,,,,,SG,,,
inv-metaoptics-technologies,,MetaOptics Technologies,,sector-agnostic,Singapore,,,,,SG,,,
inv-keppel-reit-fin,,Keppel REIT Fin,,sector-agnostic,Singapore,,,,,SG,,,
inv-keppel-pacific-oak-us-reit,,Keppel Pacific Oak US REIT,,sector-agnostic,Singapore,,,,,SG,,,
inv-daiwa-house-logistics-trust,,Daiwa House Logistics Trust,,sector-agnostic,Singapore,,,,,SG,,,
inv-ogbc-group,,OGBC Group,,deeptech,Singapore,,,,,SG,,investments@ogbc.com,
inv-xsd-international-paper,,XSD International Paper,,sector-agnostic,Malaysia,,,,,MY,,,
inv-dailyplay,,DailyPlay,,sector-agnostic,Singapore,,,,,SG,,,
inv-huawei-technologies-malaysia,,Huawei Technologies Malaysia,,sector-agnostic,Malaysia,,,,,MY,,,
inv-bionexus-gene-lab,,Bionexus Gene Lab,,sector-agnostic,Malaysia,,,,,MY,,,
inv-york-transport-equipment,,York Transport Equipment,growth,sector-agnostic,Singapore,,,growth-capital,,SG,,,
inv-edena-capital-partners,,EDENA Capital Partners,,sector-agnostic,Singapore,,,,,SG,,,
inv-rabbit,,Rabbit,,sector-agnostic,Singapore,,,,,SG,,,
inv-muse-ai,,MUSE AI,,sector-agnostic,Singapore,,,,,SG,,,
inv-skywork-ai,,Skywork AI,,sector-agnostic,Singapore,,,,,SG,,,
inv-mapping-intelligence,,Mapping Intelligence,,sector-agnostic,Singapore,,,,,SG,,,
inv-qilin-asset-management,,Qilin Asset Management,series-a,sector-agnostic,Singapore,,,,,SG,,,
inv-samudera,,Samudera,,sector-agnostic,Singapore,,,,,SG,,sma@samuderamuliaabadi.co.id,
inv-eng-kong-holdings,,Eng Kong Holdings,,sector-agnostic,Singapore,,,,,SG,,,
inv-4divinity,,4Divinity,,sector-agnostic,Singapore,,,,,SG,,,
inv-galatek-ai,,Galatek.ai,,sector-agnostic,Singapore,,,,,SG,,,
inv-skillsome,,Skillsome,,sector-agnostic,Singapore,,,,,SG,,,
inv-fenix360,,FENIX360,,sector-agnostic,Singapore,,,,,SG,,,
inv-vizzio-technologies,,Vizzio Technologies,,sector-agnostic,Singapore,,,,,SG,,,
inv-green-esteel,,Green Esteel,,sector-agnostic,Singapore,,,,,SG,,,
inv-pollo-ai,,Pollo AI,,sector-agnostic,Singapore,,,,,SG,,,
inv-pheasant-network,,Pheasant Network,,sector-agnostic,Singapore,,,,,SG,,,
inv-noodles-finance,,Noodles Finance,,sector-agnostic,Singapore,,,,,SG,,,
inv-equatorial-space,,Equatorial Space,,sector-agnostic,Singapore,,,,,SG,,,
inv-piece-future,,Piece Future,pre-seed,sector-agnostic,Singapore,,,early-stage,,SG,,media@piecefuture.com,
inv-jelawang-capital,,Jelawang Capital,seed,sector-agnostic,Malaysia,,,early-stage,,MY,,enquiries@jelawangcapital.com,yes
inv-halogen,,Halogen,,sector-agnostic,Malaysia,,,,,MY,,,
inv-phaos-technology-singapore,,Phaos Technology Singapore,,sector-agnostic,Singapore,,,,,SG,,,
inv-sagtec-global,,Sagtec Global,,sector-agnostic,Malaysia,,,,,MY,,,
inv-gentle-rhythm,,Gentle Rhythm,,sector-agnostic,Singapore,,,,,SG,,,
inv-masa-ai,,Masa AI,,sector-agnostic,Malaysia,,,,,MY,,,
inv-angkasa-x,,Angkasa-X,,sector-agnostic,Malaysia,,,,,MY,,,
inv-balz,,BALZ,,sector-agnostic,Singapore,,,,,SG,,,
inv-drasolar-private-investment,,Drasolar Private Investment,buyout,logistics,Singapore,,,growth-capital,,SG,,,
inv-hotstuff-labs,,Hotstuff Labs,,sector-agnostic,Singapore,,,,,SG,,,
inv-sparki,,Sparki,,sector-agnostic,Singapore,,,,,SG,,,
inv-moon-technologies,,Moon Technologies,,sector-agnostic,Singapore,,,,,SG,,,
inv-strutt,,Strutt,,sector-agnostic,Singapore,,,,,SG,,,
inv-longevitybank,,LongevityBank,,sector-agnostic,Singapore,,,,,SG,,,
inv-paymonei,,Paymonei,,sector-agnostic,Singapore,,,,,SG,,,
inv-lessie-ai,,Lessie AI,,sector-agnostic,Singapore,,,,,SG,,,
inv-techtiq-solutions,,Techtiq Solutions,,sector-agnostic,Singapore,,,,,SG,,,
inv-startup-sg,,Startup SG,,climatetech,Singapore,,,,,SG,,,
inv-junigo,,JuniGo,,sector-agnostic,Singapore,,,,,SG,,,
inv-bioactivx,,Bioactivx,,sector-agnostic,Singapore,,,,,SG,,,
inv-mantayay,,MantaYaY,,sector-agnostic,Malaysia,,,,,MY,,,
inv-wizzwoods,,Wizzwoods,,sector-agnostic,Singapore,,,,,SG,,,
inv-feedme,,Feedme,,sector-agnostic,Malaysia,,,,,MY,,,
inv-super-x-ai,,Super X AI,,sector-agnostic,Singapore,,,,,SG,,,
inv-alps-global-holding-berhad,,ALPS Global Holding Berhad,,sector-agnostic,Malaysia,,,,,MY,,,
inv-giti-tire,,Giti Tire,,sector-agnostic,Singapore,,,,,SG,,,
inv-currenc-group,,Currenc Group,,sector-agnostic,Singapore,,,,,SG,,,
inv-avation,,Avation,,sector-agnostic,Singapore,,,,,SG,,,
inv-v2y,,V2Y,,sector-agnostic,Singapore,,,,,SG,,,
inv-betterclinic,,BetterClinic,,sector-agnostic,Singapore,,,,,SG,,,
inv-brickandmortar-ai,,BRICKandMORTAR.ai,,sector-agnostic,Singapore,,,,,SG,,,
inv-aurelif,,Aurelif,,sector-agnostic,Singapore,,,,,SG,,,
inv-cavago,,Cavago,,sector-agnostic,Singapore,,,,,SG,,,
inv-chemt-biotechnology,,ChemT Biotechnology,,sector-agnostic,Singapore,,,,,SG,,,
inv-the-lee-kuan-yew-global-business-plan-competitio,,The Lee Kuan Yew Global Business Plan Competition,,deeptech; climatetech,Singapore,,,,,SG,,,
inv-axcels,,Axcels,,sector-agnostic,Singapore,,,,,SG,,,
inv-bpoptima,,BPOptima,,sector-agnostic,Singapore,,,,,SG,,,
inv-southeast-asian-economics-project,,Southeast Asian Economics Project,,sector-agnostic,Malaysia,,,,,MY,,,
inv-patronus-biotech,,Patronus Biotech,,sector-agnostic,Singapore,,,,,SG,,,
inv-creative-technology,,Creative Technology,,sector-agnostic,Singapore,,,,,SG,,,
inv-onetake-ai,,OneTake AI,,sector-agnostic,Singapore,,,,,SG,,,
inv-arukah,,Arukah,,sector-agnostic,Singapore,,,,,SG,,,
inv-hivebotics,,Hivebotics,,sector-agnostic,Singapore,,,,,SG,,,
inv-synharbour-ai,,Synharbour AI,seed,climatetech,Malaysia,,,early-stage,,MY,,,
inv-blueleaf-energy,,Blueleaf Energy,,sector-agnostic,Singapore,,,,,SG,,,
inv-moringa-ventures,,Moringa Ventures,seed; series-a,deeptech; proptech,Singapore,,,early-stage,,SG,,,
inv-greenwave-ventures,,GreenWave Ventures,seed; series-b,enterprise-saas; media-gaming,Singapore,,,early-stage,,SG,,info@greenwaveventures.com,yes
inv-oue-reit,,OUE REIT,,sector-agnostic,Singapore,,,,,SG,,,
inv-ever-glory-united,,Ever Glory United,,sector-agnostic,Singapore,,,,,SG,,,
inv-gp-industries,,GP Industries,,sector-agnostic,Singapore,,,,,SG,,,
inv-multi-ways-holdings,,Multi Ways Holdings,,sector-agnostic,Singapore,,,,,SG,,,
inv-hummingbird-resources,,Hummingbird Resources,growth,sector-agnostic,Malaysia,,,growth-capital,,MY,,,
inv-breadslice,,Breadslice,,sector-agnostic,Singapore,,,,,SG,,,
inv-tridentity,,Tridentity,,enterprise-saas; web3,Singapore,,,,,SG,,,
inv-itil-partners,,ITIL Partners,seed,sector-agnostic,Singapore,,,early-stage,,SG,,,
inv-memodb,,MEMODB,,sector-agnostic,Singapore,,,,,SG,,,
inv-impact-capital-asset-management,,Impact Capital Asset Management,seed,logistics; climatetech,Singapore,,,early-stage,,SG,,,
inv-mcq-land,,MCQ Land,,sector-agnostic,Singapore,,,,,SG,,,
inv-statscentral,,StatsCentral,,sector-agnostic,Singapore,,,,,SG,,,
inv-aster-chemicals-energy,,Aster Chemicals & Energy,,sector-agnostic,Singapore,,,,,SG,,,
inv-linogy,,Linogy,,sector-agnostic,Singapore,,,,,SG,,,
inv-fuku,,Fuku,,sector-agnostic,Singapore,,,,,SG,,,
inv-linkify,,Linkify,,sector-agnostic,Singapore,,,,,SG,,,
inv-stone-devices,,Stone Devices,,sector-agnostic,Malaysia,,,,,MY,,,
inv-stick-em,,Stick 'Em,,sector-agnostic,Singapore,,,,,SG,,,
inv-archer-hunter,,Archer Hunter,,sector-agnostic,Singapore,,,,,SG,,,
inv-nobank,,Nobank,,sector-agnostic,Singapore,,,,,SG,,,
inv-corfin-geo,,Corfin GEO,,sector-agnostic,Singapore,,,,,SG,,,
inv-isense-global,,iSense Global,,sector-agnostic,Singapore,,,,,SG,,,
inv-pilot-global,,Pilot Global,,sector-agnostic,Singapore,,,,,SG,,,
inv-arkreen-network,,Arkreen Network,,sector-agnostic,Singapore,,,,,SG,,,
inv-nvsion,,Nvsion,,sector-agnostic,Malaysia,,,,,MY,,,
inv-conservation-international-singapore,,Conservation International Singapore,,sector-agnostic,Singapore,,,,,SG,,,
inv-daythree,,DayThree,,sector-agnostic,Malaysia,,,,,MY,,,
inv-oxz-capital,,OXZ Capital,,ecommerce; consumer,Singapore,,,,,SG,,,
inv-innovate-360,,Innovate 360,seed,agritech; consumer,Singapore,,,early-stage,,SG,,infor@innovate360.sg,
inv-astorne-capital,,Astorne Capital,growth,media-gaming; proptech,Singapore,,,growth-capital,,SG,,,
inv-terra-oleo,,Terra Oleo,,sector-agnostic,Singapore,,,,,SG,,,
inv-alphagen-venture-capital,,AlphaGen Venture Capital,seed,enterprise-saas; healthtech,Singapore; Southeast Asia,,,early-stage,,SG,,startups@alphagen.vc,
inv-shield,,Shield,,sector-agnostic,Singapore,,,,,SG,,,
inv-singauto,,SingAuto,,sector-agnostic,Singapore,,,,,SG,,,
inv-icc-venture,,ICC Venture,pre-seed,web3,Singapore,,,early-stage,,SG,,,
inv-nexxus-capital-management,,Nexxus Capital Management,series-a; growth,enterprise-saas,Singapore,,,growth-capital,,SG,,,
inv-seedlist,,SeedList,,sector-agnostic,Singapore,,,,,SG,,,
inv-capitaland-ascendas-reit,,CapitaLand Ascendas REIT,,sector-agnostic,Singapore,,,,,SG,,,
inv-energy-market-authority,,Energy Market Authority,,sector-agnostic,Singapore,,,,,SG,,,
inv-posh-electric,,Posh Electric,,sector-agnostic,Singapore,,,,,SG,,,
inv-bom-bom,,BOM BOM,,sector-agnostic,Singapore,,,,,SG,,,
inv-replay-global-venture-builder,,Replay Global Venture Builder,pre-seed,media-gaming,Singapore; Southeast Asia,,,early-stage,,SG,,,
inv-5y-holdings-pte-ltd,,5Y Holdings Pte. Ltd.,,sector-agnostic,Singapore,,,,,SG,,,
inv-mbsb-bank-berhad,,MBSB Bank Berhad,growth,climatetech,Malaysia,,,growth-capital,,MY,,,
inv-cypark-resources,,Cypark Resources,,sector-agnostic,Malaysia,,,,,MY,,,
inv-sundial-protocol,,Sundial Protocol,,sector-agnostic,Singapore,,,,,SG,,,
inv-vexrail,,Vexrail,,sector-agnostic,Singapore,,,,,SG,,,
inv-elephants-inc,,Elephants Inc,,sector-agnostic,Singapore,,,,,SG,,,
inv-topview-ai,,Topview AI,,sector-agnostic,Singapore,,,,,SG,,,
inv-dayos,,Dayos,,sector-agnostic,Singapore,,,,,SG,,,
inv-pangu-software,,Pangu Software,,sector-agnostic,Singapore,,,,,SG,,,
inv-miao,,MiAO,,sector-agnostic,Singapore,,,,,SG,,,
inv-penguin-securities,,Penguin Securities,,sector-agnostic,Singapore,,,,,SG,,info@penguinsecurities.sg,yes
inv-jolibox,,Jolibox,,sector-agnostic,Singapore,,,,,SG,,,
inv-sirehemas-marketing,,Sirehemas Marketing,,sector-agnostic,Malaysia,,,,,MY,,,
inv-oncode,,Oncode,,sector-agnostic,Malaysia,,,,,MY,,,
inv-rewards-bunny,,Rewards Bunny,,sector-agnostic,Singapore,,,,,SG,,,
inv-neoflo-ai,,Neoflo.ai,,sector-agnostic,Singapore,,,,,SG,,,
inv-flood,,Flood,,sector-agnostic,Singapore,,,,,SG,,,
inv-evenesis,,Evenesis,,sector-agnostic,Malaysia,,,,,MY,,,
inv-sg-enviro,,SG Enviro,,sector-agnostic,Singapore,,,,,SG,,,
inv-ipp-financial-advisers,,IPP Financial Advisers,pre-seed,healthtech; deeptech,Singapore,,,early-stage,,SG,,,
inv-in-financial-technologies,,IN Financial Technologies,,sector-agnostic,Singapore,,,,,SG,,,
inv-agridence,,Agridence,,sector-agnostic,Singapore,,,,,SG,,,
inv-evolution-data-centres,,Evolution Data Centres,,sector-agnostic,Singapore,,,,,SG,,,
inv-block-tides,,Block Tides,,sector-agnostic,Singapore,,,,,SG,,,
inv-noevo-io,,Noevo.io,,sector-agnostic,Singapore,,,,,SG,,,
inv-synthesys,,Synthesys,,sector-agnostic,Singapore,,,,,SG,,,
inv-easternwind-international,,Easternwind International,series-a,agritech,Singapore,,,,,SG,,,
inv-df-automation-and-robotics,,DF Automation and Robotics,,sector-agnostic,Malaysia,,,,,MY,,,
inv-issa-compass,,Issa Compass,,sector-agnostic,Singapore,,,,,SG,,,
inv-morrow,,MORROW,,sector-agnostic,Singapore,,,,,SG,,,
inv-easym-mechandiser-sdn-bhd,,EasyM Mechandiser Sdn Bhd,,sector-agnostic,Malaysia,,,,,MY,,,
inv-mega-matrix,,Mega Matrix,,sector-agnostic,Singapore,,,,,SG,,,
inv-uni-fuels-holdings,,Uni-Fuels Holdings,,sector-agnostic,Singapore,,,,,SG,,,
inv-q-m-dental-group,,Q & M Dental Group,,sector-agnostic,Singapore,,,,,SG,,,
inv-strongkeep,,StrongKeep,,sector-agnostic,Singapore,,,,,SG,,,
inv-bank-of-china,,Bank of China,growth,sector-agnostic,Singapore; Southeast Asia,,,growth-capital,,SG,,,
inv-vatera,,Vatera,,media-gaming,Singapore,,,,,SG,,,
inv-shiftright-pte-ltd,,ShiftRight Pte Ltd,,sector-agnostic,Singapore,,,,,SG,,,
inv-skillsync,,SkillSync.,,sector-agnostic,Singapore,,,,,SG,,,
inv-ocean-network-express-one,,Ocean Network Express (ONE),,sector-agnostic,Singapore,,,,,SG,,,
inv-idle,,Idle,,sector-agnostic,Singapore,,,,,SG,,,
inv-ezimplify,,eZimplify,,sector-agnostic,Singapore,,,,,SG,,,
inv-malaysia-aviation-group,,Malaysia Aviation Group,,sector-agnostic,Malaysia,,,,,MY,,,
inv-bank-islam,,Bank Islam,,sector-agnostic,Malaysia,,,,,MY,,+60326900900,yes
inv-sp-setia,,SP Setia,,sector-agnostic,Malaysia,,,,,MY,,,
inv-sime-darby-property,,Sime Darby Property,,sector-agnostic,Malaysia,,,,,MY,,,
inv-tenaga-nasional-berhad,,Tenaga Nasional Berhad,,sector-agnostic,Malaysia,,,,,MY,,,
inv-wall-street-shiba,,Wall Street Shiba,,sector-agnostic,Singapore,,,,,SG,,,
inv-tilkoblet-pte-ltd,,Tilkoblet Pte. Ltd.,,sector-agnostic,Singapore,,,,,SG,,,
inv-quanten-media,,Quanten Media,,sector-agnostic,Singapore,,,,,SG,,,
inv-cenviro,,Cenviro,,sector-agnostic,Malaysia,,,,,MY,,,
inv-riffai,,RIFFAI,,sector-agnostic,Singapore,,,,,SG,,,
inv-sedc-energy,,SEDC Energy,,climatetech,Malaysia,,,,,MY,,info@sedcenergy.com,yes
inv-thrixen,,Thrixen,,sector-agnostic,Singapore,,,,,SG,,,
inv-lemmatree,,LemmaTree,,deeptech,Singapore,,,,,SG,,info@lemmatree.com,yes
inv-neuon-ai,,Neuon AI,,sector-agnostic,Malaysia,,,,,MY,,,
inv-hartamodal,,Hartamodal,,healthtech,Malaysia,,,,,MY,,info@hartamodal.com,yes
inv-elrise,,Elrise,seed,sector-agnostic,Singapore,,,early-stage,,SG,,hello@elrise.io,yes
inv-infraco-asia,,InfraCo Asia,,manufacturing; logistics,Singapore; Southeast Asia,,,,,SG,,+4402038486740,yes
inv-orion-arm,,Orion Arm,,sector-agnostic,Singapore,,,,,SG,,,
inv-high-west-capital-partners,,High West Capital Partners,growth,sector-agnostic,Singapore; Southeast Asia,,,growth-capital,,SG,,deals@highwestcapitalpartners.com,
inv-my-ayur,,My Ayur,,sector-agnostic,Singapore,,,,,SG,,,
inv-affin-bank,,Affin Bank,,sector-agnostic,Malaysia,,,,,MY,,,
inv-karooooo,,Karooooo,,sector-agnostic,Singapore,,,,,SG,,,
inv-bitfufu,,BitFuFu,,sector-agnostic,Singapore,,,,,SG,,,
inv-davis-commodities,,Davis Commodities,,sector-agnostic,Singapore,,,,,SG,,,
inv-sup,,'Sup,,sector-agnostic,Singapore,,,,,SG,,,
inv-duckhub-ai,,Duckhub AI,,sector-agnostic,Malaysia,,,,,MY,,,
inv-clean-kinetics,,Clean Kinetics,,sector-agnostic,Singapore,,,,,SG,,,
inv-challice-limited,,Challice Limited,growth,consumer; manufacturing,Singapore,,,growth-capital,,SG,,,
inv-konafin,,Konafin,,sector-agnostic,Singapore,,,,,SG,,,
inv-bangun-ai,,Bangun AI,,sector-agnostic,Singapore,,,,,SG,,,
inv-arq-ventures,,ARQ VENTURES,,sector-agnostic,Malaysia,,,,,MY,,,
inv-mwx-ai,,MWX AI,,sector-agnostic,Singapore,,,,,SG,,,
inv-topschool-ai,,TopSchool.ai,,sector-agnostic,Singapore,,,,,SG,,,
inv-eightcube,,Eightcube,,sector-agnostic,Singapore,,,,,SG,,,
inv-ocean-properties,,Ocean Properties,,sector-agnostic,Singapore,,,,,SG,,,
inv-national-cancer-centre-singapore,,National Cancer Centre Singapore,,sector-agnostic,Singapore,,,,,SG,,,
inv-asian-investment-management-services,,Asian Investment Management Services,growth,climatetech,Malaysia,,,growth-capital,,MY,,,
inv-toyota-motor-asia,,Toyota Motor Asia,buyout,sector-agnostic,Singapore; Southeast Asia,,,growth-capital,,SG,,,
inv-remeal,,ReMeal,,sector-agnostic,Malaysia,,,,,MY,,,
inv-chicago-global,,Chicago Global,,sector-agnostic,Singapore,,,,,SG,,,
inv-tradeview-capital,,Tradeview Capital,,healthtech,Malaysia,,,,,MY,,info@tradeviewcapital.my,yes
inv-gse-trust,,GSE Trust,,healthtech,Singapore,,,,,SG,,,
inv-aurigin-capital,,Aurigin Capital,,fintech,Singapore,,,,,SG,,,
inv-ncl-sg-holdings,,NCL SG Holdings,growth,edtech; proptech,Singapore,,,growth-capital,,SG,,,
inv-r-squared-global,,R Squared Global,seed,ecommerce,Singapore,,,early-stage,,SG,,,
inv-nexoprima,,NexoPrima,,sector-agnostic,Malaysia,,,,,MY,,,
inv-qoodo-io,,Qoodo.io,,sector-agnostic,Singapore,,,,,SG,,,
inv-gothired,,GotHired,,sector-agnostic,Singapore,,,,,SG,,,
inv-alertmend,,AlertMend,,sector-agnostic,Singapore,,,,,SG,,,
inv-bookai,,BookAI,,sector-agnostic,Singapore,,,,,SG,,,
inv-meetstream-ai,,MeetStream AI,,sector-agnostic,Singapore,,,,,SG,,,
inv-stratsync,,StratSync,,sector-agnostic,Singapore,,,,,SG,,,
inv-myluigi-ai,,myluigi.ai,,sector-agnostic,Singapore,,,,,SG,,,
inv-aria,,Aria,,sector-agnostic,Singapore,,,,,SG,,,
inv-intura,,intura,,sector-agnostic,Singapore,,,,,SG,,,
inv-ticketer,,Ticketer,,sector-agnostic,Singapore,,,,,SG,,,
inv-solvecube,,SolveCube,,sector-agnostic,Singapore,,,,,SG,,,
inv-aei-capital-group,,AEI Capital Group,buyout,enterprise-saas; ecommerce,Malaysia,,,growth-capital,,MY,,,
inv-ashita-group,,Ashita Group,,sector-agnostic,Malaysia,,,,,MY,,,
inv-co-axis,,Co-Axis,,sector-agnostic,Singapore,,,,,SG,,,
inv-foundation-private-equity,,Foundation Private Equity,growth,ecommerce,Singapore,,,growth-capital,,SG,,,
inv-localpasar,,LocalPasar,,sector-agnostic,Malaysia,,,,,MY,,,
inv-lingoquesto,,LingoQuesto,,sector-agnostic,Singapore,,,,,SG,,,
inv-histoindex,,Histoindex,,sector-agnostic,Singapore,,,,,SG,,,
inv-addvita,,addvita,,sector-agnostic,Singapore,,,,,SG,,,
inv-confide-platform,,Confide Platform,,sector-agnostic,Singapore,,,,,SG,,,
inv-savea,,Savea,,sector-agnostic,Singapore,,,,,SG,,,
inv-fk-myntra-holdings,,FK Myntra Holdings,,consumer; ecommerce,Singapore,,,,,SG,,,
inv-shopline,,SHOPLINE,seed,healthtech,Singapore,,,early-stage,,SG,,support@shopline.com,yes
inv-alphagrid,,AlphaGrid,,sector-agnostic,Singapore,,,,,SG,,,
inv-ampquartz-cabinet,,AmpQuartz Cabinet,,sector-agnostic,Malaysia,,,,,MY,,,
inv-astrid-hill,,astrid hill,,healthtech,Singapore,,,,,SG,,contact@astridhill.com,yes
inv-bit,,BIT,pre-seed; seed; growth,web3,Singapore,,,early-stage; growth-capital,,SG,,service@bit.com,
inv-conifer-capital,,Conifer Capital,buyout,sector-agnostic,Singapore; Southeast Asia,,,growth-capital,,SG,,info@conifercapital.com,yes
inv-efa-group,,EFA Group,,sector-agnostic,Singapore,,,,,SG,,,
inv-commodities-resources,,Commodities & Resources,growth,proptech,Singapore,,,growth-capital,,SG,,reception@commoditiesresources.com,
inv-noor-fly0-pte-ltd,,Noor (FLY0 PTE. LTD.),,sector-agnostic,Singapore,,,,,SG,,,
inv-white-oak-capital-partners,,White Oak Capital Partners,growth,healthtech,Singapore,,,growth-capital,,SG,,+6569777473,yes
inv-msd-idea-studio,,MSD IDEA Studio,series-c,healthtech,Singapore,,,growth-capital,,SG,,+491736010403,yes
inv-chi-longevity,,Chi Longevity,,sector-agnostic,Singapore,,,,,SG,,,
inv-wild-boocha,,Wild Boocha,,sector-agnostic,Singapore,,,,,SG,,,
inv-aolani-cloud,,Aolani Cloud,,sector-agnostic,Singapore,,,,,SG,,,
inv-nebu,,NEBU,,sector-agnostic,Malaysia,,,,,MY,,,
inv-nexus,,Nexus,,sector-agnostic,Singapore,,,,,SG,,,
inv-credilab,,Credilab,,sector-agnostic,Malaysia,,,,,MY,,,
inv-f-estate,,F.estate,,sector-agnostic,Singapore,,,,,SG,,,
inv-deep-insight-labs,,Deep Insight Labs,,sector-agnostic,Singapore,,,,,SG,,,
inv-chatavocado-ai,,chatavocado.ai,,sector-agnostic,Singapore,,,,,SG,,,
inv-the-farm-shop,,The Farm Shop,,sector-agnostic,Malaysia,,,,,MY,,,
inv-yan-ai,,YAN AI,seed,sector-agnostic,Singapore,,,early-stage,,SG,,,
inv-sin-chew-woodpaq,,Sin Chew Woodpaq,,sector-agnostic,Singapore,,,,,SG,,,
inv-wavespeedai,,WaveSpeedAI,,sector-agnostic,Singapore,,,,,SG,,,
inv-circular-unite,,Circular Unite,,sector-agnostic,Singapore,,,,,SG,,,
inv-nexusgpu,,NexusGPU,,sector-agnostic,Singapore,,,,,SG,,,
inv-hoopi,,Hoopi,,sector-agnostic,Malaysia,,,,,MY,,,
inv-braxton-capital,,Braxton Capital,seed,fintech,Singapore; Southeast Asia,,,early-stage,,SG,,,
inv-panora,,Panora,,sector-agnostic,Singapore,,,,,SG,,,
inv-singfire-capital,,SingFire Capital,buyout,consumer,Singapore,,,growth-capital,,SG,,,
inv-the-providore,,The Providore,,sector-agnostic,Singapore,,,,,SG,,,
inv-coinstore,,Coinstore,,web3,Singapore,,,,,SG,,support@coinstore.com,yes
inv-agape-atp,,Agape ATP,,sector-agnostic,Malaysia,,,,,MY,,,
inv-bripheno-pte,,Bripheno Pte,growth,media-gaming,Singapore,,,growth-capital,,SG,,,
inv-munshot,,Munshot,,sector-agnostic,Singapore,,,,,SG,,,
inv-clifford-capital,,Clifford Capital,growth,climatetech,Singapore,,,growth-capital,,SG,,careers@cliffordcapital.sg,
inv-ponder,,Ponder,,sector-agnostic,Singapore,,,,,SG,,,
inv-keppel-dc-reit,,Keppel DC REIT,,sector-agnostic,Singapore,,,,,SG,,,
inv-netranks,,NetRanks,,sector-agnostic,Singapore,,,,,SG,,,
inv-nidum-ai,,Nidum.AI,,sector-agnostic,Singapore,,,,,SG,,,
inv-aivot,,Aivot,,sector-agnostic,Malaysia,,,,,MY,,,
inv-groupfi,,GroupFi,,sector-agnostic,Singapore,,,,,SG,,,
inv-aghast-solutions,,Aghast Solutions,,sector-agnostic,Singapore,,,,,SG,,,
inv-jwc-ventures,,JWC Ventures,series-c,healthtech,Singapore,,,growth-capital,,SG,,,
inv-robotimize-group,,Robotimize Group,,sector-agnostic,Singapore,,,,,SG,,,
inv-loca-loka,,Loca Loka,,sector-agnostic,Singapore,,,,,SG,,,
inv-tenby-schools,,Tenby Schools,,sector-agnostic,Malaysia,,,,,MY,,,
inv-ab-dao,,AB DAO,,web3,Singapore,,,,,SG,,,
inv-uob-kay,,Uob Kay,,manufacturing,Singapore,,,,,SG,,,
inv-cladtek-holdings,,Cladtek Holdings,,sector-agnostic,Singapore,,,,,SG,,,
inv-gcl-global-holdings,,GCL Global Holdings,,media-gaming,Singapore,,,,,SG,,,
inv-forte-biotech,,Forte Biotech,,sector-agnostic,Singapore,,,,,SG,,,
inv-intellumia,,Intellumia,,sector-agnostic,Singapore,,,,,SG,,,
inv-qrospay,,Qrospay,,sector-agnostic,Singapore,,,,,SG,,,
inv-bridge-data-centres,,Bridge Data Centres,,sector-agnostic,Singapore,,,,,SG,,,
inv-kubegrade,,Kubegrade,,sector-agnostic,Singapore,,,,,SG,,,
inv-cashku,,Cashku,,sector-agnostic,Malaysia,,,,,MY,,,
inv-stive,,Stive,,sector-agnostic,Malaysia,,,,,MY,,,
inv-brightriver-ai,,brightriver.ai,,sector-agnostic,Singapore,,,,,SG,,,
inv-olam-agri,,Olam Agri,,sector-agnostic,Singapore,,,,,SG,,,
inv-singapore-israel-industrial-r-d-foundation,,Singapore-Israel Industrial R&D Foundation,,manufacturing; healthtech,Singapore,,,,,SG,,,
inv-esr-reit,,ESR-Reit,,sector-agnostic,Singapore,,,,,SG,,,
inv-obiguard,,Obiguard,,sector-agnostic,Malaysia,,,,,MY,,,
inv-build38-singapore,,Build38 Singapore,,sector-agnostic,Singapore,,,,,SG,,,
inv-winzheng-fund,,WINZHENG Fund,,infrastructure; enterprise-saas,Singapore,,,,,SG,,bp@winzhengfund.com,
inv-dasar,,DasAR,,sector-agnostic,Malaysia,,,,,MY,,,
inv-addlly-ai,,Addlly AI,,sector-agnostic,Singapore,,,,,SG,,,
inv-relocal,,Relocal,,sector-agnostic,Malaysia,,,,,MY,,,
inv-aurelia,,auRELIA,,sector-agnostic,Malaysia,,,,,MY,,,
inv-otonoco-ai,,Otonoco AI,,sector-agnostic,Malaysia,,,,,MY,,,
inv-the-rescue-tribe,,The Rescue Tribe,,sector-agnostic,Singapore,,,,,SG,,,
inv-zolo,,ZOLO,,sector-agnostic,Singapore,,,,,SG,,,
inv-marina-bay-sands,,Marina Bay Sands,,sector-agnostic,Singapore,,,,,SG,,,
inv-dqventures,,DQventures,pre-seed,healthtech,Singapore,,,early-stage,,SG,,,
inv-ikhlas-capital,,Ikhlas Capital,growth; buyout,healthtech,Malaysia; Singapore,,,growth-capital,,SG,,info@ikhlascapital.com,yes
inv-public-medicare-group,,Public Medicare Group,,sector-agnostic,Malaysia,,,,,MY,,,
inv-renora,,Renora,,sector-agnostic,Singapore,,,,,SG,,,
inv-yinson-production,,Yinson Production,,sector-agnostic,Singapore,,,,,SG,,,
inv-panenka-fc,,Panenka FC,,sector-agnostic,Singapore,,,,,SG,,,
inv-oio-group,,OIO Group,,sector-agnostic,Singapore,,,,,SG,,,
inv-nspace-technology,,NSpace Technology,,sector-agnostic,Singapore,,,,,SG,,,
inv-mindhive,,MindHive,,sector-agnostic,Malaysia,,,,,MY,,,
inv-manadr-mobile-health,,MaNaDr Mobile Health,,sector-agnostic,Singapore,,,,,SG,,,
inv-multibit,,MultiBit,,sector-agnostic,Singapore,,,,,SG,,,
inv-embedded-llm,,Embedded LLM,,sector-agnostic,Singapore,,,,,SG,,,
inv-ai-nusantara,,AI Nusantara,,sector-agnostic,Malaysia,,,,,MY,,,
inv-pembangunan-ekuiti,,Pembangunan Ekuiti,pre-seed; series-a,ecommerce,Malaysia,,,early-stage,,MY,,,
inv-tuulyn,,Tuulyn,,sector-agnostic,Malaysia,,,,,MY,,,
inv-athena-vc,,Athena VC,pre-seed,deeptech; manufacturing,Singapore,,,early-stage,,SG,,,
inv-seamorny-aquaculture-and-technology,,Seamorny Aquaculture and Technology,,sector-agnostic,Singapore,,,,,SG,,,
inv-awatar-innovations,,Awatar Innovations,,sector-agnostic,Malaysia,,,,,MY,,,
inv-replyr,,Replyr,,sector-agnostic,Singapore,,,,,SG,,,
inv-learnsage-ai,,LearnSage AI,,sector-agnostic,Singapore,,,,,SG,,,
inv-glocai,,GlocAI,,sector-agnostic,Malaysia,,,,,MY,,,
inv-onchainsupply,,OnChainSupply,,sector-agnostic,Singapore,,,,,SG,,,
inv-packedge-design-studio,,PackEdge | Design Studio,,sector-agnostic,Singapore,,,,,SG,,,
inv-proppyapp,,ProppyApp,,sector-agnostic,Malaysia,,,,,MY,,,
inv-datung,,Datung,,sector-agnostic,Singapore,,,,,SG,,,
inv-ultragreen-ai,,Ultragreen.ai,,sector-agnostic,Singapore,,,,,SG,,,
inv-covena,,Covena,,sector-agnostic,Singapore,,,,,SG,,,
inv-secret3,,Secret3,,sector-agnostic,Singapore,,,,,SG,,,
inv-airlytic,,Airlytic,,sector-agnostic,Malaysia,,,,,MY,,,
inv-epoch-protocol,,Epoch Protocol,,sector-agnostic,Singapore,,,,,SG,,,
inv-tashi-network,,Tashi Network,,sector-agnostic,Singapore,,,,,SG,,,
inv-glocoach,,GloCoach,,sector-agnostic,Singapore,,,,,SG,,,
inv-project-station,,Project Station,,sector-agnostic,Singapore,,,,,SG,,,
inv-airshelf,,AirShelf,,sector-agnostic,Singapore,,,,,SG,,,
inv-gwc-family-fund-investments,,GWC Family Fund Investments,growth,fintech,Singapore,,,growth-capital,,SG,,,
inv-quikbot-technologies,,QUIKBOT TECHNOLOGIES,,sector-agnostic,Singapore,,,,,SG,,,
inv-insavlo,,INSAVLO,,sector-agnostic,Singapore,,,,,SG,,,
inv-global-ibo-group,,Global IBO Group,,sector-agnostic,Malaysia,,,,,MY,,,
inv-thinkspace-ai,,ThinkSpace AI,,sector-agnostic,Singapore,,,,,SG,,,
inv-megan-holdings,,Megan Holdings,,sector-agnostic,Malaysia,,,,,MY,,,
inv-gibo-holdings,,Gibo Holdings,,sector-agnostic,Malaysia,,,,,MY,,,
inv-ropedia,,Ropedia,,sector-agnostic,Singapore,,,,,SG,,,
inv-epique-technoserve,,Epique Technoserve,,sector-agnostic,Malaysia,,,,,MY,,,
inv-clarnium-clarfun-trade,,Clarnium (ClarFun.Trade),,sector-agnostic,Singapore,,,,,SG,,,
inv-sapiens-ai,,Sapiens AI,,sector-agnostic,Singapore,,,,,SG,,,
inv-materials-in-works,,Materials In Works,,sector-agnostic,Malaysia,,,,,MY,,,
inv-aiko,,Aiko,,sector-agnostic,Singapore,,,,,SG,,,
inv-virdalis,,Virdalis,,sector-agnostic,Singapore,,,,,SG,,,
inv-deltaspike,,Deltaspike,,sector-agnostic,Singapore,,,,,SG,,,
inv-icon1c,,ICON1C,,sector-agnostic,Singapore,,,,,SG,,,
inv-noah-s-farm,,Noah's Farm,,sector-agnostic,Singapore,,,,,SG,,,
inv-ocean-rich-resources,,OCEAN RICH RESOURCES,,sector-agnostic,Malaysia,,,,,MY,,,
inv-doctoroncall,,DoctorOnCall,,sector-agnostic,Malaysia,,,,,MY,,,
inv-plusvibes,,PlusVibes,,sector-agnostic,Malaysia,,,,,MY,,,
inv-microbiome,,Microbiome,,sector-agnostic,Malaysia,,,,,MY,,,
inv-ysbiotik,,YSBiotik,,sector-agnostic,Malaysia,,,,,MY,,,
inv-bioloop,,BioLoop,,sector-agnostic,Malaysia,,,,,MY,,,
inv-promed-health-ventures-sdn-bhd,,Promed Health Ventures Sdn Bhd,,sector-agnostic,Malaysia,,,,,MY,,,
inv-greensheart,,GreenSheart,,sector-agnostic,Malaysia,,,,,MY,,,
inv-pixelence,,Pixelence,,sector-agnostic,Malaysia,,,,,MY,,,
inv-2strands-biosciences,,2Strands Biosciences,,sector-agnostic,Singapore,,,,,SG,,,
inv-suntec-reit,,Suntec REIT,,sector-agnostic,Singapore,,,,,SG,,,
inv-diaflow,,Diaflow,,sector-agnostic,Singapore,,,,,SG,,,
inv-hanko-ai,,Hanko AI,,sector-agnostic,Malaysia,,,,,MY,,,
inv-messengerco,,MessengerCo,,sector-agnostic,Malaysia,,,,,MY,,,
inv-wise-applications,,Wise Applications,,sector-agnostic,Malaysia,,,,,MY,,,
inv-solarpunk,,Solarpunk,,sector-agnostic,Malaysia,,,,,MY,,,
inv-vcplus,,VCPlus,,sector-agnostic,Singapore,,,,,SG,,,
inv-apex-healthcare,,Apex Healthcare,,sector-agnostic,Malaysia,,,,,MY,,,
inv-seveno-capital,,Seveno Capital,pre-seed; seed,consumer,Singapore,,,early-stage,,SG,,,
inv-lyte,,Lyte,,fintech,Singapore,,,,,SG,,,
inv-ren-health,,REN Health,,sector-agnostic,Malaysia,,,,,MY,,,
inv-ridm-technology,,RIDM Technology,,sector-agnostic,Singapore,,,,,SG,,,
inv-impa-ventures,,Impa Ventures,pre-seed,deeptech,Singapore,,,early-stage,,SG,,,
inv-one-nutrition,,One% Nutrition,,sector-agnostic,Singapore,,,,,SG,,,
inv-inviscid-ai,,Inviscid AI,,sector-agnostic,Singapore,,,,,SG,,,
inv-optoml,,optoML,,sector-agnostic,Singapore,,,,,SG,,,
inv-surf-music,,Surf Music,,sector-agnostic,Singapore,,,,,SG,,,
inv-equator-renewables-asia,,Equator Renewables Asia,,sector-agnostic,Singapore,,,,,SG,,,
inv-dyna-ai,,Dyna.Ai,,sector-agnostic,Singapore,,,,,SG,,,
inv-wellspring-global,,Wellspring Global,,sector-agnostic,Singapore,,,,,SG,,,
inv-podium,,Podium,,sector-agnostic,Singapore,,,,,SG,,,
inv-evolve-capital-advisory,,Evolve Capital Advisory,growth,logistics,Singapore,,,growth-capital,,SG,,,
inv-astral-asset-management,,Astral Asset Management,growth,logistics,Singapore,,,growth-capital,,SG,,,
inv-marcopolo-marine,,Marcopolo Marine,,sector-agnostic,Singapore,,,,,SG,,,
inv-neurowatt,,NeuroWatt,,sector-agnostic,Singapore,,,,,SG,,,
inv-agently,,Agently,,sector-agnostic,Singapore,,,,,SG,,,
inv-yy-group-holding,,YY Group Holding,,infrastructure; deeptech,Singapore,,,,,SG,,,
inv-arros-ai,,Arros AI,,sector-agnostic,Singapore,,,,,SG,,,
inv-jn-capital,,JN Capital,seed,enterprise-saas,Singapore; Southeast Asia,,,early-stage,,SG,,,
inv-deep-intelligent-pharma,,Deep Intelligent Pharma,series-a; series-b,healthtech,Singapore,,,,,SG,,,
inv-xdc-accelerator,,XDC Accelerator,,web3; fintech,Singapore,,,,,SG,,,
inv-scaleup-bio,,ScaleUp Bio,,sector-agnostic,Singapore,,,,,SG,,,
inv-koh-bros,,Koh Bros,,sector-agnostic,Singapore,,,,,SG,,,
inv-omenx,,OmenX,,sector-agnostic,Singapore,,,,,SG,,,
inv-city-developments,,City Developments,buyout,proptech,Singapore,,,growth-capital,,SG,,,
inv-macritchie-investments,,MacRitchie Investments,growth,fintech,Singapore,,,growth-capital,,SG,,,
inv-petour-international,,PETOUR INTERNATIONAL,,sector-agnostic,Singapore,,,,,SG,,,
inv-cimelia-resource-recovery,,Cimelia Resource Recovery,,sector-agnostic,Singapore,,,,,SG,,,
inv-simplechain-foundation,,SimpleChain Foundation,,sector-agnostic,Singapore,,,,,SG,,,
inv-qweebi,,Qweebi,,sector-agnostic,Singapore,,,,,SG,,,
inv-greenpro-capital-corp,,Greenpro Capital Corp,,sector-agnostic,Malaysia,,,,,MY,,,
inv-zerra-dc,,Zerra DC,,sector-agnostic,Singapore,,,,,SG,,,
inv-archipelago-vc,,Archipelago VC,seed,climatetech,Singapore; Southeast Asia,,,early-stage,,SG,,nicolo@archipelagovc.com,
inv-cartimes-group,,CarTimes Group,,sector-agnostic,Singapore,,,,,SG,,,
inv-maritime-and-port-authority-of-singapore,,Maritime and Port Authority of Singapore,,deeptech,Singapore,,,,,SG,,,
inv-lion-x-ventures,,Lion X Ventures,series-a; series-b; series-c,deeptech; fintech,Singapore,,,growth-capital,,SG,,contact@lionxventures.com,yes
inv-beacon-stone-capital-vcc,,BEACON STONE CAPITAL VCC,growth,proptech,Singapore,,,growth-capital,,SG,,,
inv-arven,,ARVEN,growth,proptech,Singapore,,,growth-capital,,SG,,,
inv-alpha-a2,,ALPHA A2,growth,proptech,Singapore,,,growth-capital,,SG,,,
inv-muun-ai,,Muun AI,,sector-agnostic,Singapore,,,,,SG,,,
inv-scc-group-of-companies,,SCC Group Of Companies,,sector-agnostic,Malaysia,,,,,MY,,,
inv-999-family-office,,999 Family Office,seed,sector-agnostic,Singapore,,,early-stage,,SG,,,
inv-affin-bank-berhad,,Affin Bank Berhad,,fintech,Malaysia,,,,,MY,,,
inv-international-islamic-liquidity-management,,International Islamic Liquidity Management,,sector-agnostic,Malaysia,,,,,MY,,,
inv-republic-power,,Republic Power,,sector-agnostic,Singapore,,,,,SG,,,
inv-little-green-ranger,,Little Green Ranger,,sector-agnostic,Singapore,,,,,SG,,,
inv-roundhouse-digital,,Roundhouse Digital,,sector-agnostic,Singapore,,,,,SG,,,
inv-oci-terrasus,,OCI TerraSus,,sector-agnostic,Malaysia,,,,,MY,,,
inv-hoping-ai-machine,,Hoping AI Machine,growth,climatetech,Singapore,,,growth-capital,,SG,,,
inv-tpc-tsao-pao-chee,,TPC (Tsao Pao Chee),seed; series-a,climatetech,Singapore,,,early-stage,,SG,,,
inv-kiedex,,KieDex,,sector-agnostic,Singapore,,,,,SG,,,
inv-exeo-innovation-fund-management,,EXEO Innovation Fund Management,series-b,agritech; deeptech,Singapore,,,,,SG,,,
inv-harbor-digital-ventures,,Harbor Digital Ventures,seed,web3; deeptech,Singapore,,,early-stage,,SG,,,
inv-libeara,,Libeara,,sector-agnostic,Singapore,,,,,SG,,,
inv-genius-group,,Genius Group,,sector-agnostic,Singapore,,,,,SG,,,
inv-wenti-labs,,Wenti Labs,,sector-agnostic,Singapore,,,,,SG,,,
inv-mencast-holdings-limited,,Mencast Holdings Limited,,sector-agnostic,Singapore,,,,,SG,,,
inv-tnb-kuala-muda-solar-sdn-bhd,,TNB Kuala Muda Solar Sdn Bhd,,sector-agnostic,Malaysia,,,,,MY,,,
inv-high-trend-international-group,,High-Trend International Group,,sector-agnostic,Singapore,,,,,SG,,,
inv-octopus,,Octopus,,sector-agnostic,Singapore,,,,,SG,,,
inv-aiw3,,AIW3,,sector-agnostic,Malaysia,,,,,MY,,,
inv-spark,,SPARK,,sector-agnostic,Singapore,,,,,SG,,,
inv-fitness-champs,,Fitness Champs,,sector-agnostic,Singapore,,,,,SG,,,
inv-yes,,Yes,,infrastructure,Malaysia,,,,,MY,,partners@yes.vc,
inv-celcomdigi,,CelcomDigi,,infrastructure,Malaysia,,,,,MY,,,
inv-ministry-of-science-technology-and-innovation-ma,,Ministry of Science Technology and Innovation Malaysia,,deeptech,Malaysia,,,,,MY,,,
inv-onsite,,OnSite,,sector-agnostic,Singapore,,,,,SG,,,
inv-credit-guarantee-corporation,,Credit Guarantee Corporation,,sector-agnostic,Malaysia,,,,,MY,,,
inv-live-ventures,,LIVE Ventures.,seed,sector-agnostic,Singapore,,,early-stage,,SG,,support@liveventures.com,yes
inv-brano-therapeutics,,Brano Therapeutics,,sector-agnostic,Singapore,,,,,SG,,,
inv-leapmind,,LEAPMIND,,sector-agnostic,Singapore,,,,,SG,,,
inv-jongsong-investments,,Jongsong Investments,buyout,agritech; consumer,Singapore,,,growth-capital,,SG,,,
inv-persol-asia-pacific,,PERSOL Asia Pacific,series-b,manufacturing,Singapore,,,,,SG,,,
inv-amplicity,,Amplicity,,sector-agnostic,Singapore,,,,,SG,,,
inv-lion-global-investors,,Lion Global Investors,growth,ecommerce,Singapore,,,growth-capital,,SG,,contactus@lionglobalinvestors.com,
inv-moneymax-financial-solutions,,Moneymax Financial Solutions,,sector-agnostic,Singapore,,,,,SG,,,
inv-ren3,,ReN3,,sector-agnostic,Singapore,,,,,SG,,,
inv-fusionap,,FusionAP,,sector-agnostic,Malaysia,,,,,MY,,,
inv-olea,,Olea,,sector-agnostic,Singapore,,,,,SG,,,
inv-formas-ai,,Formas.AI,,sector-agnostic,Singapore,,,,,SG,,,
inv-paeonia-industries,,Paeonia Industries,pre-seed,manufacturing,Singapore,,,early-stage,,SG,,,
inv-lotus-singapore-group,,Lotus Singapore Group,seed,healthtech,Singapore,,,early-stage,,SG,,info@lotussingapore.com,yes
inv-nxera,,Nxera,,sector-agnostic,Singapore,,,,,SG,,,
inv-ppr-ventures,,PPR Ventures,pre-seed,deeptech,Singapore,,,early-stage,,SG,,,
inv-i10x-ai,,i10X AI,,sector-agnostic,Singapore,,,,,SG,,,
inv-ortcloud,,OrtCloud,,sector-agnostic,Singapore,,,,,SG,,,
inv-gatelanes,,Gatelanes,growth,deeptech,Singapore,,,growth-capital,,SG,,,
inv-cardekho-sea,,CarDekho SEA,,sector-agnostic,Singapore,,,,,SG,,,
inv-custa,,CUSTA,,sector-agnostic,Malaysia,,,,,MY,,,
inv-eaaa-alternatives,,EAAA Alternatives,buyout,logistics; proptech,Singapore,,,growth-capital,,SG,,,
inv-n-e-innovations,,N&E Innovations,,sector-agnostic,Singapore,,,,,SG,,,
inv-nucleo,,Nucleo,,sector-agnostic,Singapore,,,,,SG,,,
inv-metacomp,,MetaComp,,sector-agnostic,Singapore,,,,,SG,,,
inv-ethermon,,Ethermon,,sector-agnostic,Singapore,,,,,SG,,,
inv-synaxg,,SynaXG,,sector-agnostic,Singapore,,,,,SG,,,
inv-cell-id,,CELL ID,,sector-agnostic,Singapore,,,,,SG,,,
inv-eastern-continents-medical-partners-ecmp,,Eastern Continents Medical Partners (ECMP),,sector-agnostic,Singapore,,,,,SG,,,
inv-daehan-rehabilitation-hospital-putrajaya,,Daehan Rehabilitation Hospital Putrajaya,,sector-agnostic,Malaysia,,,,,MY,,,
inv-greensafe-international,,Greensafe International,,sector-agnostic,Singapore,,,,,SG,,,
inv-legend-logistics,,Legend Logistics,,sector-agnostic,Singapore,,,,,SG,,,
inv-society-pass,,Society Pass,,web3,Singapore,,,,,SG,,,
inv-ptw-asia,,PTW Asia,,sector-agnostic,Singapore,,,,,SG,,,
inv-gyges-labs,,Gyges Labs,,sector-agnostic,Singapore,,,,,SG,,,
inv-kindred,,Kindred,,sector-agnostic,Singapore,,,,,SG,,,
inv-sourcy,,Sourcy,,sector-agnostic,Singapore,,,,,SG,,,
inv-meracle-health,,Meracle Health,,sector-agnostic,Singapore,,,,,SG,,,
inv-fathomx,,FathomX,,sector-agnostic,Singapore,,,,,SG,,,
inv-mida-so,,Mida.so,,sector-agnostic,Malaysia,,,,,MY,,,
inv-jensi,,Jensi,,sector-agnostic,Malaysia,,,,,MY,,,
inv-kinetixpro,,KinetixPro,,sector-agnostic,Singapore,,,,,SG,,,
inv-airasia-big-loyalty-programme,,AirAsia BIG Loyalty Programme,,sector-agnostic,Malaysia,,,,,MY,,,
inv-sbi-digital-markets,,SBI Digital Markets,,sector-agnostic,Singapore,,,,,SG,,,
inv-nus-angel-ventures,,NUS Angel Ventures,seed,ecommerce; healthtech,Singapore,,,early-stage,,SG,,,
inv-revastaff,,REVAstaff,,sector-agnostic,Singapore,,,,,SG,,,
inv-necta-bloom-vcc,,Necta Bloom VCC,growth,edtech,Singapore,,,growth-capital,,SG,,,
inv-rockflow,,RockFlow,,sector-agnostic,Singapore,,,,,SG,,,
inv-curia-lab,,Curia Lab,,sector-agnostic,Singapore,,,,,SG,,,
inv-pacdora,,Pacdora,,sector-agnostic,Singapore,,,,,SG,,,
inv-whatif,,Whatif,,sector-agnostic,Singapore,,,,,SG,,,
inv-dealism,,Dealism,,sector-agnostic,Singapore,,,,,SG,,,
inv-hawksight,,Hawksight,,sector-agnostic,Singapore,,,,,SG,,,
inv-valiance-health,,Valiance Health,,sector-agnostic,Malaysia,,,,,MY,,,
inv-hermo,,Hermo,,sector-agnostic,Malaysia,,,,,MY,,,
inv-goplay-cosmetics,,Goplay Cosmetics,,sector-agnostic,Singapore,,,,,SG,,,
inv-analog-partners,,Analog Partners,series-a; series-b,enterprise-saas,Singapore,,,,,SG,,,
inv-moonwhale-ventures,,Moonwhale Ventures,pre-seed; seed,web3,Singapore,,,early-stage,,SG,,,
inv-ascend-asia-financial-services-group,,Ascend Asia Financial Services Group,,sector-agnostic,Singapore,,,,,SG,,,
inv-moc-capital,,MOC Capital,seed,sector-agnostic,Malaysia,,,early-stage,,MY,,,
inv-chatandbuild,,ChatAndBuild,,sector-agnostic,Singapore,,,,,SG,,,
inv-orbit-ventures,,Orbit Ventures,pre-seed; seed; series-a,deeptech; fintech,Singapore; Malaysia,,,early-stage,,SG,,,
inv-dcs-card-centre,,DCS Card Centre,,sector-agnostic,Singapore,,,,,SG,,,
inv-robust-international,,Robust International,,sector-agnostic,Singapore,,,,,SG,,,
inv-tbv,,TBV,seed,web3,Singapore,,,early-stage,,SG,,info@tbv.capital,yes
inv-nomura-design-engineering-singapore,,Nomura Design & Engineering Singapore,growth,consumer; logistics,Singapore,,,growth-capital,,SG,,,
inv-oasis-metaverse-ventures,,Oasis Metaverse Ventures,,fintech; web3,Singapore,,,,,SG,,,
inv-uangcermat,,Uangcermat,,sector-agnostic,Singapore,,,,,SG,,,
inv-euda-health,,EUDA Health,,healthtech,Singapore,,,,,SG,,,
inv-growthfunnels,,GrowthFunnels,,sector-agnostic,Singapore,,,,,SG,,,
inv-beatnami,,BeatNami,,sector-agnostic,Singapore,,,,,SG,,,
inv-deepwisdom,,DeepWisdom,,sector-agnostic,Singapore,,,,,SG,,,
inv-pop-up-studio,,Pop-Up Studio,,sector-agnostic,Singapore,,,,,SG,,,
inv-homestolife,,HomesToLife,,sector-agnostic,Singapore,,,,,SG,,,
inv-zeica-labs,,Zeica Labs,,sector-agnostic,Singapore,,,,,SG,,,
inv-pmk-ventures,,PMK Ventures,,healthtech,Singapore,,,,,SG,,,
inv-ternary-fund-management,,Ternary Fund Management,seed,deeptech,Singapore,,,early-stage,,SG,,,
inv-dualis-ventures,,Dualis Ventures,,consumer,Singapore,,,,,SG,,,
inv-august-energy,,August Energy,,sector-agnostic,Singapore,,,,,SG,,,
inv-jojoworld,,JoJoWorld,,sector-agnostic,Singapore,,,,,SG,,,
inv-cata,,Cata,,sector-agnostic,Singapore,,,,,SG,,,
inv-globalsadaqah,,GlobalSadaqah,,sector-agnostic,Malaysia,,,,,MY,,,
inv-turmeric-capital,,Turmeric Capital,series-b,fintech,Singapore,,,,,SG,,,
inv-mindpeers,,MindPeers,,sector-agnostic,Singapore,,,,,SG,,,
inv-harmony-capital,,Harmony Capital,series-c,enterprise-saas,Singapore,,,growth-capital,,SG,,,
inv-raven,,Raven,,sector-agnostic,Singapore,,,,,SG,,,
inv-bytegenie,,ByteGenie,,sector-agnostic,Singapore,,,,,SG,,,
inv-ideal-workspace,,Ideal Workspace,,sector-agnostic,Singapore,,,,,SG,,,
inv-trovio-group,,Trovio Group,,sector-agnostic,Singapore,,,,,SG,,,
inv-kinobi,,Kinobi,,sector-agnostic,Singapore,,,,,SG,,,
inv-national-supercomputing-centre-nscc-singapore,,National Supercomputing Centre (NSCC) Singapore,,sector-agnostic,Singapore,,,,,SG,,,
inv-cyberteq,,CYBERTEQ,,sector-agnostic,Singapore,,,,,SG,,,
inv-rotimatic,,Rotimatic,,sector-agnostic,Singapore,,,,,SG,,,
inv-sg-growth-capital,,SG Growth Capital,seed,sector-agnostic,Singapore,,,early-stage,,SG,,,
inv-superagent,,Superagent,,sector-agnostic,Singapore,,,,,SG,,,
inv-bidnow,,BidNow,,sector-agnostic,Malaysia,,,,,MY,,,
inv-aiconic-ventures,,AICONIC Ventures,seed; series-b,healthtech,Singapore,,,early-stage,,SG,,contact@aiconicventures.com,yes
inv-blue-whale-energy,,Blue Whale Energy,,sector-agnostic,Singapore,,,,,SG,,,
inv-ottodot,,Ottodot,,sector-agnostic,Singapore,,,,,SG,,,
inv-ourteam,,Ourteam,,sector-agnostic,Singapore,,,,,SG,,,
inv-ruifeng-wealth-management,,Ruifeng wealth management,seed,enterprise-saas; fintech,Southeast Asia; Singapore,,,early-stage,,SG,,+6569040766,yes
inv-eurewax,,EurewaX,,sector-agnostic,Singapore,,,,,SG,,,
inv-ncspeech,,NCSpeech,,sector-agnostic,Malaysia,,,,,MY,,,
inv-videotto,,Videotto,,sector-agnostic,Singapore,,,,,SG,,,
inv-rolo-robotics,,ROLO Robotics,,sector-agnostic,Singapore,,,,,SG,,,
inv-sedifly,,Sedifly,,sector-agnostic,Singapore,,,,,SG,,,
inv-m3triq,,M3TRIQ,,sector-agnostic,Malaysia,,,,,MY,,,
inv-zar,,ZAR,,sector-agnostic,Singapore,,,,,SG,,,
inv-noviscient,,Noviscient,,sector-agnostic,Singapore,,,,,SG,,,
inv-me3,,Me3,,sector-agnostic,Singapore,,,,,SG,,,
inv-immortal-dragons,,Immortal Dragons,seed,healthtech,Singapore,,,early-stage,,SG,,,
inv-hello-health-group,,Hello Health Group,,sector-agnostic,Singapore,,,,,SG,,,
inv-straitsx,,StraitsX,,sector-agnostic,Singapore,,,,,SG,,,
inv-linkers-industries,,Linkers Industries,,manufacturing,Malaysia; Southeast Asia,,,,,MY,,,
inv-medeon,,Medeon,,sector-agnostic,Singapore,,,,,SG,,,
inv-genuine-interest,,Genuine Interest,,proptech,Singapore,,,,,SG,,,
inv-valtor-solutions,,Valtor Solutions,,sector-agnostic,Singapore,,,,,SG,,,
inv-i-pulse,,I-Pulse,,sector-agnostic,Singapore,,,,,SG,,,
inv-sharpa,,Sharpa,,sector-agnostic,Singapore,,,,,SG,,,
inv-greenitio,,Greenitio,,sector-agnostic,Singapore,,,,,SG,,,
inv-terrasys-group,,Terrasys Group,series-a,healthtech,Singapore,,,,,SG,,,
inv-poresi,,Poresi,,sector-agnostic,Singapore,,,,,SG,,,
inv-iedugpt,,iEduGPT,,sector-agnostic,Singapore,,,,,SG,,,
inv-t-accelerate-capital,,T-Accelerate Capital,seed; series-a,media-gaming; enterprise-saas,Singapore,,,early-stage,,SG,Venture Capital,,
inv-documenter-ai,,Documenter AI,,sector-agnostic,Malaysia,,,,,MY,,,
inv-enlipsium,,Enlipsium,,sector-agnostic,Singapore,,,,,SG,,,
inv-ai-capital,,AI Capital,series-a; series-b,sector-agnostic,Singapore,,,,,SG,Private Equity Firm,,
inv-reddio,,Reddio,,sector-agnostic,Singapore,,,,,SG,,,
inv-rescalers,,Rescalers,,sector-agnostic,Singapore,,,,,SG,,,
inv-bonaventura,,BONAVENTURA,,sector-agnostic,Singapore,,,,,SG,,,
inv-spire-orthopedic-partners,,Spire Orthopedic Partners,,sector-agnostic,Singapore,,,,,SG,,,
inv-nightcafe,,NightCafe,,sector-agnostic,Singapore,,,,,SG,,,
inv-mailmaestro,,MailMaestro,,sector-agnostic,Singapore,,,,,SG,,,
inv-chancery-hill-ventures,,Chancery Hill Ventures,seed,consumer,Singapore,,,early-stage,,SG,Venture Capital,,
inv-bw-lpg,,BW LPG,,sector-agnostic,Singapore,,,,,SG,,,
inv-moonbeam-foundation,,Moonbeam Foundation,pre-seed,media-gaming; web3; infrastructure,Singapore,,,early-stage,,SG,Venture Capital,,
inv-propel-horizon,,Propel Horizon,growth,agritech,Malaysia,,,growth-capital,,MY,,,
inv-atlas-consolidated,,Atlas Consolidated,,sector-agnostic,Singapore,,,,,SG,,,
inv-port,,Port,,sector-agnostic,Singapore,,,,,SG,,,
inv-catalytic-capital-for-climate-and-health,,Catalytic Capital for Climate and Health,seed; series-a,healthtech; climatetech,Singapore,,,early-stage,,SG,Venture Capital,,
inv-kul-loesningar-3,,KUL LOESNINGAR 3,seed,healthtech,Singapore; Malaysia,,,early-stage,,SG,,,
inv-evio-venture-capital,,Evio Venture Capital,pre-seed,healthtech; deeptech,Singapore,,,early-stage,,SG,,,
inv-authentic-ventures,,Authentic Ventures,series-a,media-gaming,Malaysia,,,,,MY,,,
inv-panto-ai,,Panto AI,,sector-agnostic,Singapore,,,,,SG,,,
inv-nanoskunkworkx,,nanoSkunkWorkx,,sector-agnostic,Malaysia,,,,,MY,,,
inv-go-genie,,Go-Genie,,sector-agnostic,Singapore,,,,,SG,,,
inv-glorious,,Glorious,,sector-agnostic,Singapore,,,,,SG,,,
inv-rapida-ai,,Rapida.AI,,sector-agnostic,Singapore,,,,,SG,,,
inv-buildas,,Buildas,,sector-agnostic,Singapore,,,,,SG,,,
inv-zeya-health,,Zeya Health,,sector-agnostic,Singapore,,,,,SG,,,
inv-5-y,,5.Y,,sector-agnostic,Singapore,,,,,SG,,,
inv-iris,,Iris,,sector-agnostic,Singapore,,,,,SG,,,
inv-aro-network,,ARO Network,,sector-agnostic,Singapore,,,,,SG,,,
inv-memecore,,MemeCore,,sector-agnostic,Singapore,,,,,SG,,,
inv-cavos,,Cavos,,sector-agnostic,Singapore,,,,,SG,,,
inv-talixa-ai,,Talixa AI,,sector-agnostic,Singapore,,,,,SG,,,
inv-hydrogenesis-labs,,Hydrogenesis Labs,,deeptech,Singapore,,,,,SG,Venture Capital,,
inv-ace-singapore,,ACE Singapore,,sector-agnostic,Singapore,,,,,SG,Angel Group,,
inv-xerpaai,,XerpaAI,,sector-agnostic,Singapore,,,,,SG,,,
inv-lyon-investments,,Lyon Investments,,sector-agnostic,Singapore,,,,,SG,,,
inv-singapore-aquaculture-technologies,,Singapore Aquaculture Technologies,,sector-agnostic,Singapore,,,,,SG,,,
inv-magicport,,MagicPort,,sector-agnostic,Singapore,,,,,SG,,,
inv-atria,,Atria,,sector-agnostic,Singapore,,,,,SG,,,
inv-hyperion,,Hyperion,,sector-agnostic,Singapore,,,,,SG,,,
inv-n-l,,Nūl,,sector-agnostic,Singapore,,,,,SG,,,
inv-knotz,,Knotz,,sector-agnostic,Singapore,,,,,SG,,,
inv-hust,,Hust,,sector-agnostic,Singapore,,,,,SG,,,
inv-bsq-capital,,BSQ Capital,growth,web3,Singapore,,,growth-capital,,SG,Private Equity Firm,contact@bsqcapital.com,yes
inv-dconstruct-robotics,,dConstruct Robotics,pre-seed,deeptech,Singapore,,,early-stage,,SG,,,
inv-dos-ventures,,DOS Ventures,pre-seed; seed,media-gaming; web3,Singapore; Southeast Asia,,,early-stage,,SG,Venture Capital,,
inv-ant-international,,Ant International,seed,fintech,Singapore,,,early-stage,,SG,,info@antinternational.com,yes
inv-gprnt,,Gprnt,,sector-agnostic,Singapore,,,,,SG,,,
inv-kredit-hero,,Kredit Hero,,sector-agnostic,Singapore,,,,,SG,,,
inv-bitizen-web3-wallet,,Bitizen Web3 Wallet,,sector-agnostic,Singapore,,,,,SG,,,
inv-paradyse-homes,,PARADYSE Homes,,sector-agnostic,Singapore,,,,,SG,,,
inv-armastec,,Armastec,,sector-agnostic,Singapore,,,,,SG,,,
inv-semikron-international,,Semikron International,,sector-agnostic,Singapore,,,,,SG,,,
inv-forcreators,,ForCreators,,sector-agnostic,Singapore,,,,,SG,,,
inv-dobin,,Dobin,,sector-agnostic,Singapore,,,,,SG,,,
inv-tangent,,Tangent,pre-seed,enterprise-saas,Singapore,,,early-stage,,SG,Venture Capital,sales@tangent.com,
inv-spacecomputer,,SpaceComputer,,sector-agnostic,Singapore,,,,,SG,,,
inv-dynamac-holdings,,DynaMac Holdings,,sector-agnostic,Singapore,,,,,SG,,,
inv-noah-ai,,Noah AI,,sector-agnostic,Singapore,,,,,SG,,,
inv-netopia-ai,,Netopia AI,,sector-agnostic,Singapore,,,,,SG,,,
inv-you,,&you,,sector-agnostic,Singapore,,,,,SG,,,
inv-atoll,,Atoll,,sector-agnostic,Singapore,,,,,SG,,,
inv-servauto,,ServAuto,,sector-agnostic,Malaysia,,,,,MY,,,
inv-lana,,Lana,,sector-agnostic,Singapore,,,,,SG,,,
inv-3cat,,3cat,,sector-agnostic,Malaysia,,,,,MY,,,
inv-omoway,,OMOWAY,,sector-agnostic,Singapore,,,,,SG,,,
inv-10ants-enterprise,,10Ants Enterprise,,sector-agnostic,Singapore,,,,,SG,,,
inv-aesty-ai-outfit-stylist,,Aesty: AI Outfit Stylist,,sector-agnostic,Singapore,,,,,SG,,,
inv-habby,,Habby,seed,media-gaming,Singapore,,,early-stage,,SG,,support@habby.com,yes
inv-timah-partners,,Timah Partners,,sector-agnostic,Singapore,,,,,SG,,,
inv-multiplier,,Multiplier,,sector-agnostic,Singapore,,,,,SG,,,
inv-fleur-capital-corporation,,Fleur Capital Corporation,series-a,sector-agnostic,Singapore,,,,,SG,,,
inv-raffles-pharmatech,,Raffles Pharmatech,,sector-agnostic,Singapore,,,,,SG,,,
inv-shiok-burger,,Shiok Burger,,sector-agnostic,Singapore,,,,,SG,,,
inv-nestria-ai,,Nestria AI,,sector-agnostic,Singapore,,,,,SG,,,
inv-lexi,,Lexi,,sector-agnostic,Singapore,,,,,SG,,,
inv-defx,,Defx,,sector-agnostic,Singapore,,,,,SG,,,
inv-investbanq,,Investbanq,,sector-agnostic,Singapore,,,,,SG,,,
inv-xcl-education,,XCL Education,,sector-agnostic,Singapore,,,,,SG,,,
inv-1mx-ai,,1MX AI,pre-seed,enterprise-saas; deeptech,Singapore,,,early-stage,,SG,,,
inv-5i-ventures,,5i Ventures,seed,ecommerce; healthtech,Singapore,,,early-stage,,SG,,info@5iventures.com,yes
inv-rently,,Rently,,sector-agnostic,Singapore,,,,,SG,,,
inv-naki,,Naki,,sector-agnostic,Singapore,,,,,SG,,,
inv-barely-skin,,Barely Skin,,sector-agnostic,Singapore,,,,,SG,,,
inv-shade-protocol,,Shade Protocol,,sector-agnostic,Singapore,,,,,SG,,,
inv-league-of-ancients,,League of Ancients,,sector-agnostic,Malaysia,,,,,MY,,,
inv-elham-credit-partners,,Elham Credit Partners,,media-gaming,Singapore,,,,,SG,,contactus@elhamcredit.com,
inv-hariwang,,HariWang,,sector-agnostic,Malaysia,,,,,MY,,,
inv-ioxtech-global,,IOXTECH GLOBAL,,sector-agnostic,Malaysia,,,,,MY,,,
inv-litheum,,Litheum,,sector-agnostic,Singapore,,,,,SG,,,
inv-xinterra,,Xinterra,,sector-agnostic,Singapore,,,,,SG,,,
inv-nimo-planet,,Nimo Planet,,sector-agnostic,Singapore,,,,,SG,,,
inv-silq,,SILQ,,sector-agnostic,Singapore,,,,,SG,,,
inv-gitopia,,Gitopia,,sector-agnostic,Singapore,,,,,SG,,,
inv-santa,,Santa,,sector-agnostic,Singapore,,,,,SG,,,
inv-gluedin,,GluedIn,,sector-agnostic,Singapore,,,,,SG,,,
inv-decfin,,Decfin,,sector-agnostic,Singapore,,,,,SG,,,
inv-orange-bloom,,Orange Bloom,seed,fintech,Singapore; Southeast Asia,,,early-stage,,SG,,,
inv-pharmaforte,,Pharmaforte,,sector-agnostic,Singapore,,,,,SG,,,
inv-cth,,CTH,seed,web3; media-gaming,Singapore,,,early-stage,,SG,,,
inv-tb-ventures,,TB Ventures,seed; series-a,web3,Singapore; Southeast Asia,,,early-stage,,SG,Venture Capital,,
inv-brixie-group,,Brixie Group,,sector-agnostic,Singapore,,,,,SG,,,
inv-pureland-venture-global,,Pureland Venture Global,seed; series-b,sector-agnostic,Singapore,,,early-stage,,SG,Venture Capital,,
inv-pentagreen-capital,,Pentagreen Capital,,climatetech,Singapore; Southeast Asia,,,,,SG,Venture Debt,contact@pentagreen.com,yes
inv-ib-vogt-singapore,,Ib Vogt Singapore,,sector-agnostic,Singapore,,,,,SG,,,
inv-kaia,,Kaia,seed,web3,Singapore,,,early-stage,,SG,,partnership@kaia.io,
inv-cinch-tech,,Cinch Tech,,sector-agnostic,Singapore,,,,,SG,,,
inv-fileai,,fileAI,,sector-agnostic,Singapore,,,,,SG,,,
inv-bluesify,,Bluesify,,sector-agnostic,Malaysia,,,,,MY,,,
inv-blockcast-cc,,Blockcast.cc,,sector-agnostic,Singapore,,,,,SG,,,
inv-singapore-deep-tech-alliance,,Singapore Deep-Tech Alliance,seed,sector-agnostic,Singapore,,,early-stage,,SG,Accelerator,,
inv-chimera-venture-capital,,Chimera Venture Capital,pre-seed; seed,media-gaming,Singapore,,,early-stage,,SG,Venture Capital,,
inv-capx,,Capx,,sector-agnostic,Singapore,,,,,SG,,,
inv-rhb-bank-berhad,,RHB Bank Berhad,buyout,fintech,Malaysia,,,growth-capital,,MY,,,
inv-boost-bank,,Boost Bank,,sector-agnostic,Malaysia,,,,,MY,,,
inv-tron-network-trx-coin,,Tron Network (TRX) Coin,,web3,Singapore,,,,,SG,Private Equity Firm,,
inv-filepillar,,Filepillar,,sector-agnostic,Malaysia,,,,,MY,,,
inv-finory-tech,,Finory.tech,,sector-agnostic,Malaysia,,,,,MY,,,
inv-zentide-id,,Zentide ID,,sector-agnostic,Singapore,,,,,SG,,,
inv-qcp,,QCP,series-b; growth,fintech; web3,Singapore,,,growth-capital,,SG,,comms@qcpgroup.com,
inv-lydian-labs,,Lydian Labs,seed,media-gaming; deeptech,Malaysia,,,early-stage,,MY,,info@lydianlabs.com,yes
inv-pvx-partners,,PvX Partners,,sector-agnostic,Singapore,,,,,SG,,,
inv-treehouse-labs,,Treehouse Labs,,sector-agnostic,Singapore,,,,,SG,,,
inv-l8-ventures,,L8 Ventures,,climatetech,Malaysia,,,,,MY,Venture Capital,,
inv-aument-capital-partners,,Aument Capital Partners,seed,fintech,Singapore; Southeast Asia,,,early-stage,,SG,Venture Capital,,
inv-betterx,,Betterx,,sector-agnostic,Singapore,,,,,SG,,,
inv-skyechip,,SkyeChip,,sector-agnostic,Malaysia,,,,,MY,,,
inv-kamigotchi,,Kamigotchi,,sector-agnostic,Singapore,,,,,SG,,,
inv-tarta-labs,,Tarta Labs,,sector-agnostic,Singapore,,,,,SG,,,
inv-arcfra,,Arcfra,,sector-agnostic,Singapore,,,,,SG,,,
inv-the-custom-movement,,The Custom Movement,,sector-agnostic,Malaysia,,,,,MY,,,
inv-exabloom,,Exabloom,,sector-agnostic,Singapore,,,,,SG,,,
inv-mancano-and-associates,,Mancano And Associates,,sector-agnostic,Singapore,,,,,SG,,,
inv-sogni-ai,,Sogni AI,,sector-agnostic,Singapore,,,,,SG,,,
inv-ureca,,URECA,,sector-agnostic,Singapore,,,,,SG,,,
inv-seviora-capital,,Seviora Capital,growth,agritech,Singapore,,,growth-capital,,SG,Venture Capital,,
inv-cogent-holdings,,Cogent Holdings,,sector-agnostic,Singapore,,,,,SG,,,
inv-utc-therapeutics,,UTC Therapeutics,,sector-agnostic,Singapore,,,,,SG,,,
inv-lee-kim-tah-group,,Lee Kim Tah Group,pre-seed,sector-agnostic,Singapore,,,early-stage,,SG,,,
inv-tyme-group,,Tyme Group,,sector-agnostic,Singapore,,,,,SG,,,
inv-snyper,,Snyper,,sector-agnostic,Singapore,,,,,SG,,,
inv-amphy-ai,,Amphy AI,,sector-agnostic,Singapore,,,,,SG,,,
inv-jaguar-transit,,Jaguar Transit,,sector-agnostic,Singapore,,,,,SG,,,
inv-onetab,,Onetab,,sector-agnostic,Singapore,,,,,SG,,,
inv-mercatus-capital,,Mercatus Capital,seed,fintech,Singapore,,,early-stage,,SG,Venture Capital,,
inv-apricot-capital,,Apricot Capital,seed; series-a,media-gaming; consumer,Singapore; Malaysia,,,early-stage,,SG,Venture Capital,enquiries@apricotcapital.com,yes
inv-pop-padel,,Pop Padel,,sector-agnostic,Singapore,,,,,SG,,,
inv-patience-capital-group,,Patience Capital Group,buyout,ecommerce,Singapore,,,growth-capital,,SG,,,
inv-armourzero,,ArmourZero,,sector-agnostic,Singapore,,,,,SG,,,
inv-w-chain,,W Chain,,sector-agnostic,Singapore,,,,,SG,,,
inv-noovoleum,,Noovoleum,,sector-agnostic,Singapore,,,,,SG,,,
inv-hydgen,,HYDGEN,,sector-agnostic,Singapore,,,,,SG,,,
inv-bitdeer-technologies-group,,Bitdeer Technologies Group,,sector-agnostic,Singapore,,,,,SG,,,
inv-moveon-technologies,,Moveon Technologies,series-a,sector-agnostic,Singapore,,,,,SG,,info@moveontechnologies.com,yes
inv-entobel,,Entobel,,sector-agnostic,Singapore,,,,,SG,,,
inv-lighthouse,,Lighthouse,,sector-agnostic,Singapore,,,,,SG,,,
inv-blumaiden-biosciences,,BluMaiden Biosciences,,sector-agnostic,Singapore,,,,,SG,,,
inv-carecam,,Carecam,,sector-agnostic,Singapore,,,,,SG,,,
inv-hicura,,HiCura,,sector-agnostic,Singapore,,,,,SG,,,
inv-tiim-healthcare,,TIIM Healthcare,,sector-agnostic,Singapore,,,,,SG,,,
inv-canvas,,Canvas,,sector-agnostic,Singapore,,,,,SG,,,
inv-blueprint-ventures,,Blueprint Ventures,pre-seed; seed,consumer; deeptech,Singapore; Southeast Asia,,,early-stage,,SG,Venture Capital,info@blueprint.vc,yes
inv-goat-gaming,,GOAT Gaming,,sector-agnostic,Singapore,,,,,SG,,,
inv-icm-hpqc,,ICM HPQC,series-a,sector-agnostic,Singapore,,,,,SG,Venture Capital,,
inv-nodis,,Nodis,,sector-agnostic,Singapore,,,,,SG,,,
inv-orka,,ORkA,,sector-agnostic,Singapore,,,,,SG,,,
inv-gallet-capital,,Gallet Capital,seed,web3; fintech,Singapore,,,early-stage,,SG,,info@galletcapital.com,yes
inv-graiden-gorge-investments,,Graiden Gorge Investments,seed,manufacturing,Singapore,,,early-stage,,SG,Venture Capital,,
inv-aleph,,Aleph,,sector-agnostic,Singapore,,,,,SG,,,
inv-ranger-finance,,Ranger Finance,,sector-agnostic,Singapore,,,,,SG,,,
inv-sing-fuels,,Sing Fuels,seed; series-a,sector-agnostic,Singapore,,,early-stage,,SG,,,
inv-129knots,,129Knots,,sector-agnostic,Singapore,,,,,SG,,,
inv-polar-cold,,Polar Cold,,sector-agnostic,Singapore,,,,,SG,,,
inv-arq-energy,,ARQ Energy,,sector-agnostic,Singapore,,,,,SG,,,
inv-sunrise,,Sunrise,,sector-agnostic,Singapore,,,,,SG,,,
inv-innocus-global-group,,Innocus Global Group,,edtech,Singapore,,,,,SG,,,
inv-w-capital-markets,,W Capital Markets,,sector-agnostic,Singapore,,,,,SG,,,
inv-tarn-pte-ltd,,Tarn Pte. Ltd.,,sector-agnostic,Singapore,,,,,SG,,,
inv-roundhouse-media,,Roundhouse Media,,sector-agnostic,Singapore,,,,,SG,,,
inv-reyhut,,Reyhut,,sector-agnostic,Malaysia,,,,,MY,,,
inv-aura-fem-health,,Aura Fem Health,,sector-agnostic,Singapore,,,,,SG,,,
inv-being-juice,,being juice,,sector-agnostic,Malaysia,,,,,MY,,,
inv-novastro,,Novastro,,sector-agnostic,Singapore,,,,,SG,,,
inv-voox,,VOOX,,sector-agnostic,Singapore,,,,,SG,,,
inv-flint,,Flint,,sector-agnostic,Singapore,,,,,SG,,,
inv-rzolut,,RZOLUT,,sector-agnostic,Singapore,,,,,SG,,,
inv-vivident,,Vivident,,sector-agnostic,Singapore,,,,,SG,,,
inv-smarten-spaces,,Smarten Spaces,,sector-agnostic,Singapore,,,,,SG,,,
inv-alteriq-global,,AlteriQ Global,seed; series-a,sector-agnostic,Southeast Asia; Singapore,,,early-stage,,SG,,contact@alteriqglobal.com,yes
inv-blue-bridge-capital,,Blue Bridge Capital,pre-seed; seed,enterprise-saas; healthtech,Singapore,,,early-stage,,SG,Private Equity Firm,,
inv-oneteam,,Oneteam,,sector-agnostic,Singapore,,,,,SG,,,
inv-t-rex-capital,,T-Rex Capital,seed; series-a; series-b,web3; media-gaming; fintech,Singapore,,,early-stage,,SG,,,
inv-kyck,,KYCK,,sector-agnostic,Singapore,,,,,SG,,,
inv-cenobots-cenozoic-robotics,,CenoBots (Cenozoic Robotics),,sector-agnostic,Singapore,,,,,SG,,,
inv-dantehq,,DanteHQ,,sector-agnostic,Singapore,,,,,SG,,,
inv-mua-dao,,MUA DAO,,sector-agnostic,Singapore,,,,,SG,,,
inv-the-rainmakers,,The Rainmakers,,sector-agnostic,Malaysia,,,,,MY,,,
inv-george-kent-malaysia,,George Kent Malaysia,series-a,fintech,Malaysia; Southeast Asia,,,,,MY,,,
inv-goodgamenation,,GoodGameNation,,sector-agnostic,Singapore,,,,,SG,,,
inv-dehidden,,Dehidden,,sector-agnostic,Singapore,,,,,SG,,,
inv-creditai,,CreditAI,,sector-agnostic,Singapore,,,,,SG,,,
inv-eden-impact,,Eden Impact,series-a,manufacturing,Singapore,,,,,SG,Venture Capital,hello@edenimpact.sg,yes
inv-referreach,,ReferReach,,sector-agnostic,Singapore,,,,,SG,,,
inv-falcon-investment-advisors,,Falcon Investment Advisors,buyout,infrastructure,Singapore,,,growth-capital,,SG,Private Equity Firm,,
inv-talkme,,TalkMe,,sector-agnostic,Singapore,,,,,SG,,,
inv-palki-motors-pte-ltd,,Palki Motors Pte. Ltd.,,sector-agnostic,Singapore,,,,,SG,,,
inv-quizmatch,,Quizmatch,,sector-agnostic,Singapore,,,,,SG,,,
inv-ibind-systems,,ibind Systems,,sector-agnostic,Singapore,,,,,SG,,,
inv-mdt-innovations,,MDT Innovations,,sector-agnostic,Malaysia,,,,,MY,,,
inv-smartretail,,SmartRetail,,sector-agnostic,Singapore,,,,,SG,,,
inv-ycp-group,,YCP Group,series-b,climatetech,Singapore,,,,,SG,,pperez@ycpgroup.com,
inv-dragon-fund,,Dragon Fund,series-c; growth,sector-agnostic,Singapore,,,growth-capital,,SG,,,
inv-datadance,,DataDance,,sector-agnostic,Singapore,,,,,SG,,,
inv-caddy-finance,,Caddy Finance,,sector-agnostic,Singapore,,,,,SG,,,
inv-enfarm,,enfarm,,sector-agnostic,Singapore,,,,,SG,,,
inv-its-herbs,,Its Herbs,,sector-agnostic,Malaysia,,,,,MY,,,
inv-inferix-labs,,Inferix Labs,,sector-agnostic,Singapore,,,,,SG,,,
inv-openloop,,OpenLoop,,sector-agnostic,Singapore,,,,,SG,,,
inv-duckchain,,DuckChain,,sector-agnostic,Singapore,,,,,SG,,,
inv-the-flow-studio,,The Flow Studio,,sector-agnostic,Malaysia,,,,,MY,,,
inv-tiny,,Tiny,,sector-agnostic,Singapore,,,,,SG,,,
inv-eon-protocol,,EON Protocol,,sector-agnostic,Singapore,,,,,SG,,,
inv-interlace,,Interlace,,sector-agnostic,Singapore,,,,,SG,,,
inv-openpad-ai,,OpenPad AI,,sector-agnostic,Singapore,,,,,SG,,,
inv-earos-inc,,Earos Inc,,sector-agnostic,Singapore,,,,,SG,,,
inv-bond-capital-partners,,Bond Capital Partners,series-a,web3,Singapore,,,,,SG,Venture Capital,,
inv-build-on-scenes,,Build on Scenes,,sector-agnostic,Singapore,,,,,SG,,,
inv-metafi,,Metafi,,sector-agnostic,Singapore,,,,,SG,,,
inv-amaanah-circle,,AMAANAH CIRCLE,series-a,healthtech,Singapore,,,,,SG,,,
inv-niber-technologies,,Niber Technologies,,sector-agnostic,Singapore,,,,,SG,,,
inv-dragon-roark,,Dragon Roark,pre-seed; seed,web3,Singapore,,,early-stage,,SG,Venture Capital,,
inv-tan-capital-partners,,Tan Capital Partners,,healthtech,Singapore,,,,,SG,,,
inv-tsao-group,,Tsao Group,series-a,sector-agnostic,Singapore,,,,,SG,Family Investment Office,,
inv-plano,,Plano,,sector-agnostic,Singapore,,,,,SG,,,
inv-gaib,,GAIB,,sector-agnostic,Singapore,,,,,SG,,,
inv-qbit,,Qbit,,sector-agnostic,Singapore,,,,,SG,,,
inv-bitsave,,BitSave,,sector-agnostic,Singapore,,,,,SG,,,
inv-wadzpay,,WadzPay,,web3,Singapore,,,,,SG,,,
inv-medisun-energy,,MediSun Energy,,sector-agnostic,Singapore,,,,,SG,,,
inv-dossiers,,Dossiers,,sector-agnostic,Singapore,,,,,SG,,,
inv-the-finlab,,The FinLab,pre-seed,deeptech,Singapore,,,early-stage,,SG,Accelerator,,
inv-greenfi,,Greenfi,,sector-agnostic,Singapore,,,,,SG,,,
inv-pivot,,Pivot,pre-seed; seed,deeptech; fintech,Singapore,,,early-stage,,SG,Venture Capital,bizdev@pivot.com,
inv-cla-global-ts,,CLA Global TS,,sector-agnostic,Singapore,,,,,SG,,,
inv-unicorn-investments,,Unicorn Investments,seed,enterprise-saas,Singapore,,,early-stage,,SG,,,
inv-singularity,,Singularity,,sector-agnostic,Singapore,,,,,SG,,,
inv-skyx,,SkyX,,sector-agnostic,Singapore,,,,,SG,,,
inv-artal-asia,,Artal Asia,series-b; series-c; growth,consumer; ecommerce,Singapore,,,growth-capital,,SG,Venture Capital,,
inv-keshik-capital,,Keshik Capital,growth,climatetech,Singapore,,,growth-capital,,SG,Venture Capital,,
inv-datakrew,,Datakrew,,sector-agnostic,Singapore,,,,,SG,,,
inv-axross,,Axross,,sector-agnostic,Singapore,,,,,SG,,,
inv-edutinker,,eduTinker,,sector-agnostic,Singapore,,,,,SG,,,
inv-culum-capital,,Culum Capital,,sector-agnostic,Singapore,,,,,SG,,,
inv-softinn-solutions,,Softinn Solutions,,sector-agnostic,Malaysia,,,,,MY,,,
inv-meta-ultra-holdings,,Meta Ultra Holdings,seed,web3,Singapore,,,early-stage,,SG,Venture Capital,,
inv-asia-reinsurance-brokers,,Asia Reinsurance Brokers,,sector-agnostic,Singapore,,,,,SG,,,
inv-apar-investments,,Apar Investments,,consumer,Singapore,,,,,SG,Venture Capital,,
inv-mizuho-asia-partners,,Mizuho Asia Partners,buyout,climatetech,Singapore,,,growth-capital,,SG,Private Equity Firm,,
inv-koppiku,,Koppiku,,sector-agnostic,Malaysia,,,,,MY,,,
inv-vertex-holdings,,Vertex Holdings,series-c,enterprise-saas,Singapore,,,growth-capital,,SG,Venture Capital,partnerships@vertexholdings.com,
inv-efundsme,,eFundSME,,sector-agnostic,Singapore,,,,,SG,,,
inv-primekeeper-malaysia,,PrimeKeeper Malaysia,,sector-agnostic,Malaysia,,,,,MY,,,
inv-technode-global,,TechNode Global,,sector-agnostic,Singapore,,,,,SG,,,
inv-granite-asia,,Granite Asia,seed; series-a; series-b,deeptech; manufacturing,Singapore; Southeast Asia,,,early-stage,,SG,Venture Capital,contact@graniteasia.com,yes
inv-aiox,,AIOX,,sector-agnostic,Singapore,,,,,SG,Angel Group,,
inv-ich-group,,ICH Group,,healthtech,Singapore,,,,,SG,Venture Capital,sales@ichgroup.com,
inv-orchid-3-investments,,Orchid 3 Investments,,sector-agnostic,Singapore,,,,,SG,Private Equity Firm,,
inv-itechgenic-global,,iTechGenic Global,,sector-agnostic,Singapore,,,,,SG,,,
inv-smbc-asia-rising-fund,,SMBC Asia Rising Fund,series-a; series-b; series-c,fintech,Singapore; Southeast Asia,,,growth-capital,,SG,Venture Capital,,
inv-gtr-ventures,,GTR Ventures,pre-seed; seed; series-a,fintech; logistics,Singapore; Southeast Asia,,,early-stage,,SG,Venture Capital,hello@gtrventures.vc,yes
inv-xdc-trade-network,,XDC Trade Network,,sector-agnostic,Singapore,,,,,SG,,,
inv-hanglu-capital,,Hanglu Capital,series-a,manufacturing,Malaysia,,,,,MY,,,
inv-jucoin,,JuCoin,seed,web3; media-gaming,Singapore,,,early-stage,,SG,,,
inv-moore-labs,,Moore Labs,seed,web3; media-gaming,Singapore,,,early-stage,,SG,,,
inv-unilive,,UniLive,,sector-agnostic,Singapore,,,,,SG,,,
inv-dcap-digital,,DCAP Digital,,sector-agnostic,Malaysia,,,,,MY,,,
inv-echo-protocol,,Echo Protocol,,sector-agnostic,Singapore,,,,,SG,,,
inv-bulbaswap,,BulbaSwap,,sector-agnostic,Singapore,,,,,SG,,,
inv-nextgen-ai,,Nextgen Ai,,sector-agnostic,Singapore,,,,,SG,,,
inv-ordzaar,,Ordzaar,,sector-agnostic,Singapore,,,,,SG,,,
inv-archipelago-capital-partners,,Archipelago Capital Partners,seed; buyout,fintech,Singapore; Southeast Asia,,,early-stage; growth-capital,,SG,Private Equity Firm,,
inv-81ravens,,81RAVENS,,sector-agnostic,Singapore,,,,,SG,,,
inv-hata,,Hata,,sector-agnostic,Malaysia,,,,,MY,,,
inv-xnergy-autonomous-power-technologies,,Xnergy Autonomous Power Technologies,,sector-agnostic,Singapore,,,,,SG,,,
inv-assure-ai,,Assure AI,,sector-agnostic,Singapore,,,,,SG,,,
inv-sna-equity,,SNA EQUITY,,manufacturing,Malaysia,,,,,MY,,,
inv-earlybird-ai,,Earlybird AI,,sector-agnostic,Singapore,,,,,SG,,,
inv-dex-ventures,,DEX Ventures,seed; series-a,web3; media-gaming,Singapore,,,early-stage,,SG,,,
inv-connectingdna,,ConnectingDNA,,sector-agnostic,Singapore,,,,,SG,,,
inv-canterly,,Canterly,,sector-agnostic,Singapore,,,,,SG,,,
inv-jazro,,Jazro,,sector-agnostic,Malaysia,,,,,MY,,,
inv-logipeace,,Logipeace,,sector-agnostic,Singapore,,,,,SG,,,
inv-future-food-foundry,,Future Food Foundry,,agritech; climatetech,Singapore,,,,,SG,,,
inv-pell-network,,Pell Network,,sector-agnostic,Singapore,,,,,SG,,,
inv-surfin,,Surfin,,sector-agnostic,Singapore,,,,,SG,,,
inv-truely-travel-esim,,Truely Travel eSIM,,sector-agnostic,Singapore,,,,,SG,,,
inv-sunbird-bio,,Sunbird Bio,,sector-agnostic,Singapore,,,,,SG,,,
inv-musim-mas-group,,Musim Mas Group,,sector-agnostic,Singapore,,,,,SG,,,
inv-temasek-trust-capital,,Temasek Trust Capital,series-a,healthtech; climatetech,Singapore,,,,,SG,,,
inv-brainactive,,Brainactive,,sector-agnostic,Singapore,,,,,SG,,,
inv-airboxr,,Airboxr,,sector-agnostic,Singapore,,,,,SG,,,
inv-berrypay,,BerryPay,,sector-agnostic,Malaysia,,,,,MY,,,
inv-cbe-eco-solutions-pte-ltd,,CBE Eco-Solutions Pte Ltd,,sector-agnostic,Singapore,,,,,SG,,,
inv-tack,,Tack,,sector-agnostic,Singapore,,,,,SG,,,
inv-antares-ventures,,Antares Ventures,seed; series-a; series-b,manufacturing; climatetech,Singapore,,,early-stage,,SG,Venture Capital,,
inv-itemcount,,Itemcount,,sector-agnostic,Singapore,,,,,SG,,,
inv-dehusk,,Dehusk,,sector-agnostic,Singapore,,,,,SG,,,
inv-biosensorix,,Biosensorix,,sector-agnostic,Singapore,,,,,SG,,,
inv-hardskills,,Hardskills,,sector-agnostic,Singapore,,,,,SG,,,
inv-plunify,,Plunify,,sector-agnostic,Singapore,,,,,SG,,,
inv-dxn-holdings,,DXN Holdings,,sector-agnostic,Malaysia,,,,,MY,,,
inv-kadan-capital,,Kadan Capital,seed; series-a,deeptech,Singapore; Southeast Asia,,,early-stage,,SG,Venture Capital,,
inv-mlion-corporation,,Mlion Corporation,,sector-agnostic,Singapore,,,,,SG,,,
inv-ascentium,,Ascentium,,sector-agnostic,Singapore,,,,,SG,,,
inv-mind-stretcher,,Mind Stretcher,,sector-agnostic,Singapore,,,,,SG,,,
inv-teamsolve,,TeamSolve,,sector-agnostic,Singapore,,,,,SG,,,
inv-supafaya,,Supafaya,,sector-agnostic,Singapore,,,,,SG,,,
inv-filament-finance,,Filament Finance,,sector-agnostic,Singapore,,,,,SG,,,
inv-titan-network,,Titan Network,,sector-agnostic,Singapore,,,,,SG,,,
inv-fingular,,Fingular,,fintech,Singapore,,,,,SG,,,
inv-skinseoul,,SkinSeoul,,sector-agnostic,Singapore,,,,,SG,,,
inv-shieldeum,,Shieldeum,,sector-agnostic,Singapore,,,,,SG,,,
inv-msig-holdings-vietnam,,MSIG Holdings Vietnam,seed; series-c,healthtech; ecommerce,Singapore,,,early-stage; growth-capital,,SG,,,
inv-serenity-healthcare-partners,,Serenity Healthcare Partners,,sector-agnostic,Singapore,,,,,SG,,,
inv-gradient-network,,Gradient Network,,sector-agnostic,Singapore,,,,,SG,,,
inv-dymon-asia-private-equity,,Dymon Asia Private Equity,buyout,edtech,Singapore; Southeast Asia,,,growth-capital,,SG,Private Equity Firm,,
inv-openeden,,OpenEden,,sector-agnostic,Singapore,,,,,SG,,,
inv-overtake,,OVERTAKE,series-a,web3,Singapore,,,,,SG,,,
inv-oasis-ai,,Oasis AI,,sector-agnostic,Malaysia,,,,,MY,,,
inv-big-candle-capital,,Big Candle Capital,seed,web3,Singapore,,,early-stage,,SG,Venture Capital,,
inv-miix-capital,,MIIX Capital,seed,web3,Singapore,,,early-stage,,SG,Venture Capital,,
inv-eartheye-space,,Eartheye Space,,sector-agnostic,Singapore,,,,,SG,,,
inv-aquilius-investment-partners,,Aquilius Investment Partners,buyout,sector-agnostic,Singapore,,,growth-capital,,SG,Private Equity Firm,,
inv-tokka-labs,,Tokka Labs,pre-seed; seed,web3,Singapore,,,early-stage,,SG,,hello@tokkalabs.com,yes
inv-six-atomic,,Six Atomic,,sector-agnostic,Singapore,,,,,SG,,,
inv-spinel-network,,Spinel Network,,sector-agnostic,Singapore,,,,,SG,,,
inv-sdax,,SDAX,,sector-agnostic,Singapore,,,,,SG,,,
inv-kv-asia-capital,,KV Asia Capital,series-b; buyout,consumer,Singapore; Malaysia; Southeast Asia,,,growth-capital,,SG,Private Equity Firm,contact@kvasiacapital.com,yes
inv-zus-coffee,,ZUS Coffee,,sector-agnostic,Malaysia,,,,,MY,,,
inv-meds-venture,,MEDS Venture,,sector-agnostic,Singapore,,,,,SG,,,
inv-nexif-energy-management-pte-ltd,,Nexif Energy Management Pte. Ltd.,,sector-agnostic,Singapore,,,,,SG,,,
inv-lumirous,,Lumirous,,sector-agnostic,Malaysia,,,,,MY,,,
inv-runsocial,,RunSocial,,sector-agnostic,Singapore,,,,,SG,,,
inv-ammalgam,,Ammalgam,,sector-agnostic,Singapore,,,,,SG,,,
inv-pan-malaysia-ventures,,Pan Malaysia Ventures,pre-seed; seed,consumer; ecommerce,Malaysia; Singapore,,,early-stage,,MY,Venture Capital,,
inv-saveday,,SaveDay,,sector-agnostic,Singapore,,,,,SG,,,
inv-unnitel,,Unnitel,,sector-agnostic,Singapore,,,,,SG,,,
inv-prognoix,,Prognoix,,sector-agnostic,Singapore,,,,,SG,,,
inv-yoripe,,YoRipe,,sector-agnostic,Singapore,,,,,SG,,,
inv-bcb-blockchain,,BCB Blockchain,,sector-agnostic,Singapore,,,,,SG,,,
inv-fashionvalet,,FashionValet,,sector-agnostic,Malaysia,,,,,MY,,,
inv-malaysia-airlines,,Malaysia Airlines,,sector-agnostic,Malaysia,,,,,MY,,,
inv-0xppl,,0xPPL,,sector-agnostic,Singapore,,,,,SG,,,
inv-sis-cloud-fund,,SiS Cloud Fund,series-a,web3,Singapore,,,,,SG,,,
inv-att-global,,ATT Global,,sector-agnostic,Singapore,,,,,SG,,,
inv-dhost,,dhost,,sector-agnostic,Singapore,,,,,SG,,,
inv-finknight,,FinKnight,,sector-agnostic,Malaysia,,,,,MY,,,
inv-sarana-ai,,Sarana AI,,sector-agnostic,Malaysia,,,,,MY,,,
inv-surplusloop,,SurplusLoop,,sector-agnostic,Malaysia,,,,,MY,,,
inv-maiden-capital,,Maiden Capital,pre-seed,enterprise-saas; fintech; proptech,Singapore,,,early-stage,,SG,Family Investment Office,,
inv-jumpex,,Jumpex,,sector-agnostic,Singapore,,,,,SG,,,
inv-continuum-wind-energy,,Continuum Wind Energy,,sector-agnostic,Singapore,,,,,SG,,,
inv-skywalker-education-technology,,Skywalker Education Technology,series-b,enterprise-saas; edtech,Singapore,,,,,SG,,,
inv-turingbitchain,,Turingbitchain,,sector-agnostic,Singapore,,,,,SG,,,
inv-aleta-planet,,Aleta Planet,,sector-agnostic,Singapore,,,,,SG,,,
inv-newell-road,,Newell Road,,sector-agnostic,Malaysia,,,,,MY,,,
inv-flexibees,,FlexiBees,,sector-agnostic,Singapore,,,,,SG,,,
inv-j-capital,,J Capital,seed,sector-agnostic,Singapore,,,early-stage,,SG,Venture Capital,,
inv-cellivate-technology,,Cellivate Technology,,sector-agnostic,Singapore,,,,,SG,,,
inv-vessel-finance,,Vessel Finance,,sector-agnostic,Singapore,,,,,SG,,,
inv-deep-tech-venture-partners,,Deep-Tech Venture Partners,seed; series-a,deeptech,Singapore,,,early-stage,,SG,Venture Capital,,
inv-aprisium,,Aprisium,,sector-agnostic,Singapore,,,,,SG,,,
inv-pentagon-games,,Pentagon Games,,sector-agnostic,Singapore,,,,,SG,,,
inv-wspn,,WSPN,,sector-agnostic,Singapore,,,,,SG,,,
inv-teleport,,Teleport,series-a,logistics; ecommerce,Malaysia; Southeast Asia,,,,,MY,,,
inv-bluethrone,,BlueThrone,,sector-agnostic,Singapore,,,,,SG,,,
inv-crimsonox-capital,,Crimsonox Capital,series-b,enterprise-saas; deeptech,Singapore,,,,,SG,Venture Capital,,
inv-takeo-holdings,,Takeo holdings,,enterprise-saas,Singapore,,,,,SG,Venture Capital,,
inv-ai-seer,,AI Seer,,sector-agnostic,Singapore,,,,,SG,,,
inv-har-har-chicken,,Har Har Chicken,,sector-agnostic,Singapore,,,,,SG,,,
inv-choladeck,,Choladeck,,sector-agnostic,Malaysia,,,,,MY,,,
inv-easyrenz,,EasyRenz,,sector-agnostic,Malaysia,,,,,MY,,,
inv-intellecs-ai,,Intellecs.AI,,sector-agnostic,Singapore,,,,,SG,,,
inv-wise-ai,,WISE AI,,sector-agnostic,Malaysia,,,,,MY,,,
inv-axtraction-ai,,Axtraction AI,,sector-agnostic,Malaysia,,,,,MY,,,
inv-alt-synergy,,ALT Synergy,,sector-agnostic,Malaysia,,,,,MY,,,
inv-nakngaji,,Nakngaji,,sector-agnostic,Malaysia,,,,,MY,,,
inv-mystartup,,MYStartup,pre-seed,sector-agnostic,Malaysia,,,early-stage,,MY,Accelerator,,
inv-otter-barista,,Otter Barista,,sector-agnostic,Malaysia,,,,,MY,,,
inv-klean,,Klean,,sector-agnostic,Malaysia,,,,,MY,,,
inv-care-care-digital-sdn-bhd,,Care+ | Care Digital Sdn Bhd,,sector-agnostic,Malaysia,,,,,MY,,,
inv-dr-clear-aligners,,Dr Clear Aligners,,sector-agnostic,Malaysia,,,,,MY,,,
inv-fastener-group,,Fastener Group,,sector-agnostic,Singapore,,,,,SG,,,
inv-sonobee-ultrasound,,SonoBee Ultrasound,,sector-agnostic,Malaysia,,,,,MY,,,
inv-g-ventures,,G Ventures,seed,sector-agnostic,Singapore,,,early-stage,,SG,,,
inv-seviora-group,,Seviora Group,,sector-agnostic,Singapore,,,,,SG,,,
inv-hanow-fund,,Hanow Fund,seed,enterprise-saas; manufacturing,Singapore,,,early-stage,,SG,,,
inv-ynk-capital,,YNK Capital,pre-seed,media-gaming,Singapore,,,early-stage,,SG,,,
inv-pandiana,,Pandiana,,sector-agnostic,Singapore,,,,,SG,,,
inv-cosmosiq-ai,,CosmosIQ.AI,,sector-agnostic,Singapore,,,,,SG,,,
inv-kibo-invest,,Kibo Invest,seed; series-a; series-b,climatetech,Singapore,,,early-stage,,SG,,opportunities@kiboinvest.com,
inv-hi-p-international,,Hi-P International,,sector-agnostic,Singapore,,,,,SG,,,
inv-heymax,,HeyMax,,sector-agnostic,Singapore,,,,,SG,,,
inv-healium-digital-healthcare,,Healium Digital Healthcare,,sector-agnostic,Singapore,,,,,SG,,,
inv-geo-energy-resources,,Geo Energy Resources,seed,manufacturing; climatetech,Singapore; Southeast Asia,,,early-stage,,SG,,,
inv-luma-investments-limited,,Luma Investments Limited,,sector-agnostic,Singapore,,,,,SG,Private Equity Firm,,
inv-grand-venture-technology,,Grand Venture Technology,,sector-agnostic,Singapore,,,,,SG,,,
inv-hemo-bioengineering,,HEMO BIOENGINEERING,,sector-agnostic,Singapore,,,,,SG,,,
inv-sobot,,Sobot,,sector-agnostic,Singapore,,,,,SG,,,
inv-eps-ventures,,EPS Ventures,seed; series-a; growth,manufacturing; climatetech,Singapore,,,early-stage; growth-capital,,SG,,,
inv-magorium,,Magorium,,sector-agnostic,Singapore,,,,,SG,,,
inv-tigasfera,,Tigasfera,,sector-agnostic,Malaysia,,,,,MY,,,
inv-enoku,,ENOKU,,sector-agnostic,Malaysia,,,,,MY,,,
inv-zapp-world,,Zapp World,,sector-agnostic,Malaysia,,,,,MY,,,
inv-mangham-gaxiola-pte-ltd,,Mangham Gaxiola Pte Ltd,,sector-agnostic,Singapore,,,,,SG,,,
inv-another-food,,Another Food,,sector-agnostic,Singapore,,,,,SG,,,
inv-kurrant-ventures,,Kurrant Ventures,seed,agritech,Singapore,,,early-stage,,SG,,,
inv-belli,,Belli,,sector-agnostic,Singapore,,,,,SG,,,
inv-qbitum,,Qbitum,,sector-agnostic,Singapore,,,,,SG,,,
inv-freesearch-ventures,,Freesearch Ventures,pre-seed; seed; series-a,enterprise-saas; fintech,Singapore,,,early-stage,,SG,Venture Capital,,
inv-okapi-technologies,,Okapi Technologies,,sector-agnostic,Malaysia,,,,,MY,,,
inv-ventureforgood,,VentureForGood,seed; series-a; series-b,enterprise-saas,Singapore,,,early-stage,,SG,Entrepreneurship Program,,
inv-profyle,,Profyle,,sector-agnostic,Singapore,,,,,SG,,,
inv-multipolitan,,Multipolitan,,sector-agnostic,Singapore,,,,,SG,,,
inv-v3v-ventures,,V3V Ventures,seed,web3,Southeast Asia; Singapore,,,early-stage,,SG,Venture Capital,info@v3v.com,yes
inv-marinachain,,MarinaChain,,sector-agnostic,Singapore,,,,,SG,,,
inv-arrowbiome,,ArrowBiome,,sector-agnostic,Singapore,,,,,SG,,,
inv-gxs,,GXS,,sector-agnostic,Singapore,,,,,SG,,,
inv-st-telemedia-global-data-centres,,ST Telemedia Global Data Centres,,sector-agnostic,Singapore,,,,,SG,,,
inv-peak3,,Peak3,series-c; growth,fintech,Southeast Asia; Singapore,,,growth-capital,,SG,,,
inv-fibo-partners,,Fibo Partners,seed,deeptech; web3,Singapore,,,early-stage,,SG,Venture Capital,,
inv-zk-prime-capital,,ZK Prime Capital,seed,sector-agnostic,Singapore,,,early-stage,,SG,Venture Capital,,
inv-elys-network,,Elys Network,,sector-agnostic,Singapore,,,,,SG,,,
inv-octayne,,Octayne,,sector-agnostic,Singapore,,,,,SG,,,
inv-patel-family-office,,Patel family office,pre-seed,healthtech; deeptech,Singapore,,,early-stage,,SG,Family Investment Office,,
inv-qiro-finance,,Qiro Finance,,sector-agnostic,Singapore,,,,,SG,,,
inv-foundership,,Foundership,seed,fintech,Singapore,,,early-stage,,SG,Accelerator,hey@foundership.com,
inv-deemples,,Deemples,,sector-agnostic,Malaysia,,,,,MY,,,
inv-toy-eight,,TOY EIGHT,,sector-agnostic,Malaysia,,,,,MY,,,
inv-hyperblocks-pro,,Hyperblocks Pro,,sector-agnostic,Singapore,,,,,SG,,,
inv-bac-games,,BAC Games,,sector-agnostic,Singapore,,,,,SG,,,
inv-aceville,,Aceville,growth,logistics,Singapore,,,growth-capital,,SG,Venture Capital,,
inv-doragonland,,DoragonLand,,sector-agnostic,Singapore,,,,,SG,,,
inv-nsure-network,,Nsure Network,,sector-agnostic,Singapore,,,,,SG,,,
inv-yieldnest,,YieldNest,,sector-agnostic,Singapore,,,,,SG,,,
inv-dataunion,,DataUnion,,sector-agnostic,Singapore,,,,,SG,,,
inv-carbengkel,,Carbengkel,,sector-agnostic,Malaysia,,,,,MY,,,
inv-foodadvisor,,FoodAdvisor,,sector-agnostic,Malaysia,,,,,MY,,,
inv-stubapp,,Stubapp,,sector-agnostic,Malaysia,,,,,MY,,,
inv-sushivid-the-influencer-marketing-company,,SushiVid - The Influencer Marketing Company,,sector-agnostic,Malaysia,,,,,MY,,,
inv-runcloud,,RunCloud,,sector-agnostic,Malaysia,,,,,MY,,,
inv-vmo-rocks,,VMO Rocks,,sector-agnostic,Malaysia,,,,,MY,,,
inv-mycash-online,,MyCash Online,,sector-agnostic,Malaysia,,,,,MY,,,
inv-kepp,,KEPP,,sector-agnostic,Malaysia,,,,,MY,,,
inv-salescandy,,SalesCandy,,sector-agnostic,Malaysia,,,,,MY,,,
inv-youthstoday-com,,YouthsToday.com,,sector-agnostic,Malaysia,,,,,MY,,,
inv-sentuh,,Sentuh,,sector-agnostic,Malaysia,,,,,MY,,,
inv-tag-la-technology-sdn-bhd,,TAG La Technology Sdn. Bhd,,sector-agnostic,Malaysia,,,,,MY,,,
inv-nexplatform,,NEXPlatform,,sector-agnostic,Malaysia,,,,,MY,,,
inv-publict-io-formerly-known-as-supernewsroom,,PubliCT.io (formerly known as Supernewsroom),,sector-agnostic,Malaysia,,,,,MY,,,
inv-next-blockchain-capital,,Next Blockchain Capital,pre-seed,web3,Singapore,,,early-stage,,SG,,,
inv-arc-the-community,,ARC the Community,pre-seed; seed,web3,Singapore,,,early-stage,,SG,,support@arccommunity.com,yes
inv-polarise-protocol,,Polarise Protocol,,sector-agnostic,Singapore,,,,,SG,,,
inv-withfeeling-ai,,WITHFEELING.AI,,sector-agnostic,Singapore,,,,,SG,,,
inv-anak2u,,Anak2U,,sector-agnostic,Malaysia,,,,,MY,,,
inv-cloudjoi,,CloudJoi,,sector-agnostic,Malaysia,,,,,MY,,,
inv-shoppegram,,Shoppegram,,sector-agnostic,Malaysia,,,,,MY,,,
inv-origo,,Origo,,sector-agnostic,Singapore,,,,,SG,,,
inv-physiomobile,,Physiomobile,,sector-agnostic,Malaysia,,,,,MY,,,
inv-quarkonix,,Quarkonix,,sector-agnostic,Singapore,,,,,SG,,,
inv-capitaland-india-trust-clint,,CapitaLand India Trust (CLINT),,sector-agnostic,Singapore,,,,,SG,,,
inv-evolutionx-debt-capital,,EvolutionX Debt Capital,buyout,ecommerce; fintech,Malaysia; Singapore,,,growth-capital,,SG,Venture Capital,,
inv-sovereign-wealth-funds-temasek,,sovereign wealth funds Temasek,growth,fintech,Singapore,,,growth-capital,,SG,Venture Capital,,
inv-oxalus,,Oxalus,,sector-agnostic,Singapore,,,,,SG,,,
inv-caliber,,Caliber,pre-seed,web3,Singapore,,,early-stage,,SG,,,
inv-ecomi-technology-pte-ltd,,ECOMI TECHNOLOGY PTE. LTD.,,sector-agnostic,Singapore,,,,,SG,,,
inv-xsquare-technologies,,XSQUARE Technologies,,sector-agnostic,Singapore,,,,,SG,,,
inv-rhea,,Rhea,,sector-agnostic,Singapore,,,,,SG,,,
inv-evlos,,Evlos,,sector-agnostic,Malaysia,,,,,MY,,,
inv-bootloader-studio,,Bootloader Studio,,sector-agnostic,Singapore,,,,,SG,,,
inv-baby-shark-universe,,Baby Shark Universe,,sector-agnostic,Singapore,,,,,SG,,,
inv-prox-sg,,Prox SG,pre-seed; seed,enterprise-saas,Singapore,,,early-stage,,SG,,,
inv-ethereum-name-service,,Ethereum Name Service,,sector-agnostic,Singapore,,,,,SG,,,
inv-galaxis,,Galaxis,,sector-agnostic,Singapore,,,,,SG,,,
inv-ekuiti-nasional-berhad,,Ekuiti Nasional Berhad,buyout,healthtech; ecommerce,Malaysia,,,growth-capital,,MY,Private Equity Firm,,
inv-mizou,,Mizou,,sector-agnostic,Malaysia,,,,,MY,,,
inv-sekuya,,Sekuya,,sector-agnostic,Singapore,,,,,SG,,,
inv-rize,,Rize,,sector-agnostic,Singapore,,,,,SG,,,
inv-biodefense,,BioDefense,,sector-agnostic,Singapore,,,,,SG,,,
inv-sutd-venture-holdings,,SUTD Venture Holdings,seed; series-a,deeptech,Singapore,,,early-stage,,SG,Venture Capital,,
inv-zelos-venture-partners,,Zelos Venture Partners,seed,deeptech; manufacturing,Singapore,,,early-stage,,SG,Venture Capital,,
inv-wefaa-robotics,,Wefaa Robotics,,sector-agnostic,Singapore,,,,,SG,,,
inv-nsg-biolabs,,NSG BioLabs,,sector-agnostic,Singapore,,,,,SG,,,
inv-teammately,,Teammately,,sector-agnostic,Singapore,,,,,SG,,,
inv-kasagi-labo,,Kasagi Labo,,sector-agnostic,Singapore,,,,,SG,,,
inv-cywreck,,CyWreck,,sector-agnostic,Singapore,,,,,SG,,,
inv-warybee,,WaryBee,,sector-agnostic,Malaysia,,,,,MY,,,
inv-zapzapmath,,Zapzapmath,,sector-agnostic,Malaysia,,,,,MY,,,
inv-tide-analytics,,Tide Analytics,,sector-agnostic,Malaysia,,,,,MY,,,
inv-instab,,InstaB,,sector-agnostic,Malaysia,,,,,MY,,,
inv-shoptizen,,Shoptizen,,sector-agnostic,Malaysia,,,,,MY,,,
inv-closetstyles,,CLOSETStyles,,sector-agnostic,Malaysia,,,,,MY,,,
inv-reneon-technologies,,Reneon Technologies,,sector-agnostic,Malaysia,,,,,MY,,,
inv-gigfairy,,Gigfairy,,sector-agnostic,Malaysia,,,,,MY,,,
inv-parkeasy,,Parkeasy,,sector-agnostic,Malaysia,,,,,MY,,,
inv-eat-cake-today,,Eat Cake Today,,sector-agnostic,Malaysia,,,,,MY,,,
inv-besc,,BESC,,sector-agnostic,Malaysia,,,,,MY,,,
inv-senang-insurance,,Senang Insurance,,sector-agnostic,Malaysia,,,,,MY,,,
inv-nanobar,,Nanobar,,sector-agnostic,Malaysia,,,,,MY,,,
inv-pod,,Pod,,sector-agnostic,Malaysia,,,,,MY,,,
inv-kommu,,Kommu,,sector-agnostic,Malaysia,,,,,MY,,,
inv-fleetata,,Fleetata,,sector-agnostic,Malaysia,,,,,MY,,,
inv-sepulo-holdings-berhad,,Sepulo Holdings Berhad,,sector-agnostic,Malaysia,,,,,MY,,,
inv-retailetics,,Retailetics,,sector-agnostic,Malaysia,,,,,MY,,,
inv-kapitani,,Kapitani,,sector-agnostic,Malaysia,,,,,MY,,,
inv-advisonomics,,Advisonomics,,sector-agnostic,Malaysia,,,,,MY,,,
inv-finory-app,,Finory.app,,sector-agnostic,Malaysia,,,,,MY,,,
inv-pewarisan,,Pewarisan,,sector-agnostic,Malaysia,,,,,MY,,,
inv-spacein,,SpaceIn,,sector-agnostic,Malaysia,,,,,MY,,,
inv-wahine-capital,,Wahine Capital,,sector-agnostic,Malaysia,,,,,MY,,,
inv-myscripts,,MyScripts,,sector-agnostic,Malaysia,,,,,MY,,,
inv-qmed-asia,,Qmed Asia,,sector-agnostic,Malaysia,,,,,MY,,,
inv-carpedia,,Carpedia,,sector-agnostic,Malaysia,,,,,MY,,,
inv-nebula,,Nebula,,sector-agnostic,Malaysia,,,,,MY,,,
inv-elitefit-ai,,EliteFit.AI,,sector-agnostic,Singapore,,,,,SG,,,
inv-s-bio,,S*Bio,,sector-agnostic,Singapore,,,,,SG,,,
inv-pints-ai,,Pints AI,,sector-agnostic,Singapore,,,,,SG,,,
inv-helaxy,,Helaxy,,sector-agnostic,Singapore,,,,,SG,,,
inv-vantage-point-consulting-sdn,,Vantage Point Consulting Sdn,,sector-agnostic,Malaysia,,,,,MY,,,
inv-sellinall,,SELLinALL,,sector-agnostic,Singapore,,,,,SG,,,
inv-pollen,,Pollen,,sector-agnostic,Singapore,,,,,SG,,,
inv-rava-partners,,Rava Partners,series-a; series-c; growth,infrastructure,Singapore,,,growth-capital,,SG,Private Equity Firm,contactus@ravapartners.com,
inv-seedflex-technologies,,Seedflex Technologies,,sector-agnostic,Singapore,,,,,SG,,,
inv-hillhouse-investment,,Hillhouse Investment,series-a; series-b; series-c,manufacturing; healthtech,Singapore; Southeast Asia,,,growth-capital,,SG,Private Equity Firm,contactus@hillhouseinvestment.com,
inv-rootdata,,RootData,,sector-agnostic,Singapore,,,,,SG,,,
inv-xraders,,XRADERS,,sector-agnostic,Singapore,,,,,SG,,,
inv-krayon,,Krayon,,sector-agnostic,Singapore,,,,,SG,,,
inv-ketomei,,Ketomei,,sector-agnostic,Singapore,,,,,SG,,,
inv-glitter-protocol,,Glitter Protocol,,sector-agnostic,Singapore,,,,,SG,,,
inv-stakestone,,StakeStone,,web3,Singapore,,,,,SG,,,
inv-bitlayer,,Bitlayer,,sector-agnostic,Singapore,,,,,SG,,,
inv-cell-studio,,CELL Studio,,sector-agnostic,Singapore,,,,,SG,,,
inv-openstamp,,OpenStamp,,sector-agnostic,Singapore,,,,,SG,,,
inv-shareable-assets,,Shareable Assets,,sector-agnostic,Singapore,,,,,SG,,,
inv-stealthmole,,StealthMole,,sector-agnostic,Singapore,,,,,SG,,,
inv-allies,,Allies,,sector-agnostic,Singapore,,,,,SG,,,
inv-tokenize-xchange,,Tokenize Xchange,,sector-agnostic,Singapore,,,,,SG,,,
inv-applecrumby-fish,,Applecrumby & Fish,,sector-agnostic,Malaysia,,,,,MY,,,
inv-mystiko-network,,Mystiko.Network,,sector-agnostic,Singapore,,,,,SG,,,
inv-uxlink,,UXLINK,seed; series-a,web3,Singapore,,,early-stage,,SG,,admin@uxlink.io,yes
inv-bitrealms,,BitRealms,,sector-agnostic,Singapore,,,,,SG,,,
inv-oppdoor,,OppDoor,,sector-agnostic,Singapore,,,,,SG,,,
inv-maxe-ai,,Maxe AI,,sector-agnostic,Singapore,,,,,SG,,,
inv-synphne,,SynPhNe,,sector-agnostic,Singapore,,,,,SG,,,
inv-lambdai-space,,Lambdai Space,,sector-agnostic,Singapore,,,,,SG,,,
inv-shentu-chain,,Shentu Chain,,sector-agnostic,Singapore,,,,,SG,,,
inv-ethaum-venture-partners,,EthAum Venture Partners,pre-seed; seed; series-a,deeptech; fintech,Singapore,,,early-stage,,SG,Venture Capital,startups@ethaum.com,
inv-ficus-capital,,Ficus Capital,pre-seed; seed,sector-agnostic,Malaysia; Southeast Asia,,,early-stage,,MY,Venture Capital,,
inv-simplify,,Simplify,,sector-agnostic,Malaysia,,,,,MY,,,
inv-k-id,,k-ID,,sector-agnostic,Singapore,,,,,SG,,,
inv-interchain-ventures,,Interchain Ventures,pre-seed,media-gaming; web3,Singapore; Southeast Asia,,,early-stage,,SG,Venture Capital,,
inv-smart-satu-global,,Smart Satu Global,,sector-agnostic,Singapore,,,,,SG,,,
inv-potato-productions,,Potato Productions,series-b,fintech,Singapore,,,,,SG,,,
inv-amansa-holdings,,Amansa Holdings,buyout,fintech,Singapore,,,growth-capital,,SG,,,
inv-horizon-land,,Horizon Land,,sector-agnostic,Singapore,,,,,SG,,,
inv-dprism-ai,,dPrism.ai,,sector-agnostic,Singapore,,,,,SG,,,
inv-encryptx,,EncryptX,,sector-agnostic,Singapore,,,,,SG,,,
inv-gohibe,,GoHibe,,sector-agnostic,Singapore,,,,,SG,,,
inv-imaginary-ones,,Imaginary Ones,,sector-agnostic,Singapore,,,,,SG,,,
inv-yolk-fm,,Yolk.fm,,sector-agnostic,Singapore,,,,,SG,,,
inv-cycle-network,,Cycle Network,,sector-agnostic,Singapore,,,,,SG,,,
inv-clarion-newlife-capital,,Clarion Newlife Capital,series-a,sector-agnostic,Singapore,,,,,SG,,,
inv-garden-impact-investments,,Garden Impact Investments,seed; series-a,fintech,Singapore; Southeast Asia,,,early-stage,,SG,Venture Capital,,
inv-squared-labs,,Squared Labs,,sector-agnostic,Singapore,,,,,SG,,,
inv-blockhead,,Blockhead,,sector-agnostic,Singapore,,,,,SG,,,
inv-refy,,Refy,,sector-agnostic,Singapore,,,,,SG,,,
inv-katalis-ai,,Katalis AI,,sector-agnostic,Singapore,,,,,SG,,,
inv-fluid,,Fluid,,sector-agnostic,Singapore,,,,,SG,,,
inv-jlk-technology,,JLK Technology,series-b,healthtech; manufacturing,Singapore,,,,,SG,,,
inv-bouncebit,,BounceBit,,sector-agnostic,Singapore,,,,,SG,,,
inv-initia-labs,,Initia Labs,,sector-agnostic,Singapore,,,,,SG,,,
inv-prefer,,Prefer,,sector-agnostic,Singapore,,,,,SG,,,
inv-w-labs,,W Labs,seed,media-gaming; web3,Singapore,,,early-stage,,SG,,w@wlabs.io,
inv-climate-impact-x,,Climate Impact X,,sector-agnostic,Singapore,,,,,SG,,,
inv-informatics-academy,,Informatics Academy,,sector-agnostic,Singapore,,,,,SG,,,
inv-ken-energy,,Ken Energy,pre-seed,healthtech,Singapore,,,early-stage,,SG,,,
inv-green-cop,,Green COP,,sector-agnostic,Singapore,,,,,SG,,,
inv-carbcoin,,Carbcoin,,sector-agnostic,Malaysia,,,,,MY,,,
inv-bateriku,,Bateriku,,sector-agnostic,Malaysia,,,,,MY,,,
inv-capital-square-partners,,Capital Square Partners,buyout,sector-agnostic,Singapore,,,growth-capital,,SG,Private Equity Firm,,
inv-algogroup,,AlgoGroup,,sector-agnostic,Singapore,,,,,SG,,,
inv-kodiak-finance,,Kodiak Finance,,sector-agnostic,Singapore,,,,,SG,,,
inv-amperesand,,Amperesand,,sector-agnostic,Singapore,,,,,SG,,,
inv-lightlink,,LightLink,,sector-agnostic,Singapore,,,,,SG,,,
inv-invoicenxt,,INVOICENXT,,sector-agnostic,Singapore,,,,,SG,,,
inv-tokyo-century-leasing,,Tokyo Century Leasing,series-a,sector-agnostic,Singapore,,,,,SG,,,
inv-gocomet,,GoComet,,sector-agnostic,Singapore,,,,,SG,,,
inv-nimbus-group,,Nimbus Group,,sector-agnostic,Singapore,,,,,SG,,,
inv-homeground,,Homeground,,sector-agnostic,Malaysia,,,,,MY,,,
inv-belive,,BeLive,,sector-agnostic,Singapore,,,,,SG,,,
inv-hyperlive-entertainment,,HyperLive Entertainment,,sector-agnostic,Singapore,,,,,SG,,,
inv-dear-doc,,Dear Doc,,sector-agnostic,Singapore,,,,,SG,,,
inv-65lab,,65LAB,,sector-agnostic,Singapore,,,,,SG,,,
inv-persona-studios,,Persona Studios,,sector-agnostic,Singapore,,,,,SG,,,
inv-ditrolic-energy,,Ditrolic Energy,,sector-agnostic,Malaysia,,,,,MY,,,
inv-ula-singapore,,Ula Singapore,,sector-agnostic,Singapore,,,,,SG,,,
inv-hashmeta,,Hashmeta,seed,web3; infrastructure,Singapore,,,early-stage,,SG,,,
inv-tian-san-shipping,,Tian San Shipping,seed,sector-agnostic,Singapore,,,early-stage,,SG,,,
inv-cleve,,Cleve,,sector-agnostic,Malaysia,,,,,MY,,,
inv-cleanedge-resources,,CleanEdge Resources,,sector-agnostic,Singapore,,,,,SG,,,
inv-nsg-ventures,,NSG Ventures,seed; series-a,healthtech,Singapore,,,early-stage,,SG,Venture Capital,,
inv-gdmc,,GDMC,,sector-agnostic,Singapore,,,,,SG,,,
inv-fairmonde-golf,,Fairmonde Golf,,sector-agnostic,Singapore,,,,,SG,,,
inv-coex,,COEX,,sector-agnostic,Malaysia,,,,,MY,,,
inv-cult-creative,,Cult Creative,,sector-agnostic,Malaysia,,,,,MY,,,
inv-mega-technology,,Mega Technology,series-a,healthtech,Singapore,,,,,SG,,,
inv-meals-in-minutes,,Meals in Minutes,,sector-agnostic,Singapore,,,,,SG,,,
inv-flyoro,,FlyORO,,sector-agnostic,Singapore,,,,,SG,,,
inv-vividthree-productions,,Vividthree Productions,seed,media-gaming; web3,Singapore,,,early-stage,,SG,,,
inv-skyark,,SkyArk,,sector-agnostic,Singapore,,,,,SG,,,
inv-meiro-cdp,,Meiro CDP,,sector-agnostic,Singapore,,,,,SG,,,
inv-ain-medicare-sdn-bhd,,Ain Medicare Sdn Bhd,,sector-agnostic,Malaysia,,,,,MY,,,
inv-clinipath-malaysia,,Clinipath Malaysia,,sector-agnostic,Malaysia,,,,,MY,,,
inv-cmc-group,,CMC Group,,sector-agnostic,Malaysia,,,,,MY,,,
inv-cell-tissue-technology,,Cell Tissue Technology,,sector-agnostic,Malaysia,,,,,MY,,,
inv-edotco-group-sdn-bhd,,edotco Group Sdn Bhd,,sector-agnostic,Malaysia,,,,,MY,,,
inv-ecomobi-pte,,Ecomobi PTE,seed,fintech; web3,Singapore,,,early-stage,,SG,,,
inv-octifi,,Octifi,,sector-agnostic,Singapore,,,,,SG,,,
inv-cand,,canD,,sector-agnostic,Singapore,,,,,SG,,,
inv-journey-capital-partners,,Journey Capital Partners,series-a,enterprise-saas; ecommerce,Singapore; Southeast Asia,,,,,SG,Venture Capital,,
inv-medad-technologies,,Medad Technologies,,sector-agnostic,Singapore,,,,,SG,,,
inv-digital-edge,,Digital Edge,,sector-agnostic,Singapore,,,,,SG,,,
inv-kaiju-labs,,Kaiju Labs,,sector-agnostic,Singapore,,,,,SG,,,
inv-storhub-group,,StorHub Group,,sector-agnostic,Singapore,,,,,SG,,,
inv-krosslinker,,Krosslinker,,sector-agnostic,Singapore,,,,,SG,,,
inv-supa-foundation,,SUPA Foundation,,sector-agnostic,Malaysia,,,,,MY,,,
inv-oasys,,Oasys,pre-seed; seed,web3; media-gaming; fintech,Singapore,,,early-stage,,SG,,info@oasys.co,yes
inv-advanced-medtech,,Advanced MedTech,series-a; series-b; series-c,healthtech,Singapore,,,growth-capital,,SG,,,
inv-flexii,,Flexii,,sector-agnostic,Singapore,,,,,SG,,,
inv-asiatokenfund,,AsiaTokenFund,seed,edtech; deeptech,Singapore,,,early-stage,,SG,,,
inv-academic-labs,,Academic Labs,,sector-agnostic,Singapore,,,,,SG,,,
inv-mfpay,,MFPay,,sector-agnostic,Singapore,,,,,SG,,,
inv-nexagate,,Nexagate,,sector-agnostic,Malaysia,,,,,MY,,,
inv-unicorn-verse,,Unicorn Verse,seed,media-gaming; web3,Singapore,,,early-stage,,SG,,contact@unicornverse.capital,yes
inv-intract,,Intract,,sector-agnostic,Singapore,,,,,SG,,,
inv-aia-konica-minolta-digital-health-accelerator,,AIA Konica Minolta Digital Health Accelerator,,healthtech; consumer,Singapore,,,,,SG,Accelerator,,
inv-adaptive-capital-partners,,Adaptive Capital Partners,series-a,healthtech; consumer,Singapore; Malaysia,,,,,SG,Venture Capital,,
inv-biorithm,,Biorithm,,sector-agnostic,Singapore,,,,,SG,,,
inv-regenosis,,Regenosis,,healthtech,Singapore,,,,,SG,,,
inv-rxcell,,RxCell,,sector-agnostic,Singapore,,,,,SG,,,
inv-biobot-surgical-pte-ltd,,Biobot Surgical Pte Ltd,,sector-agnostic,Singapore,,,,,SG,,,
inv-destiny-energy,,Destiny Energy,pre-seed,deeptech; manufacturing,Singapore,,,early-stage,,SG,,,
inv-whampoa-digital,,Whampoa Digital,,web3,Singapore,,,,,SG,Venture Capital,,
inv-dora-factory,,Dora Factory,,sector-agnostic,Singapore,,,,,SG,,,
inv-meatiply,,Meatiply,,sector-agnostic,Singapore,,,,,SG,,,
inv-cmia-capital-partners,,CMIA Capital Partners,series-a,sector-agnostic,Singapore,,,,,SG,Venture Capital,contactus@cmia.com,
inv-bitsmedia,,Bitsmedia,,sector-agnostic,Singapore,,,,,SG,,,
inv-silicon-box,,Silicon Box,,sector-agnostic,Singapore,,,,,SG,,,
inv-gummys-tv,,Gummys TV,,sector-agnostic,Singapore,,,,,SG,,,
inv-solv8-technology,,SOLV8 Technology,,sector-agnostic,Singapore,,,,,SG,,,
inv-lalia,,Lalia,,sector-agnostic,Singapore,,,,,SG,,,
inv-nova-satra-dx,,Nova Satra Dx,,sector-agnostic,Singapore,,,,,SG,,,
inv-flashwire,,Flashwire,,sector-agnostic,Singapore,,,,,SG,,,
inv-algorand-ventures,,Algorand Ventures,,sector-agnostic,Singapore,,,,,SG,Venture Capital,,
inv-alta,,Alta,,sector-agnostic,Singapore,,,,,SG,,kancelaria@altagroup.vc,
inv-goodwhale,,GoodWhale,,sector-agnostic,Singapore,,,,,SG,,,
inv-the-edgeof,,The Edgeof,pre-seed,climatetech; infrastructure,Singapore,,,early-stage,,SG,Venture Capital,,
inv-oww-capital-partners,,OWW Capital Partners,series-a,sector-agnostic,Singapore,,,,,SG,Venture Capital,,
inv-i-pop-networks,,i-POP Networks,,sector-agnostic,Singapore,,,,,SG,,,
inv-justcommodity-software-solutions,,JustCommodity Software Solutions,,sector-agnostic,Singapore,,,,,SG,,,
inv-treebox-solutions,,TreeBox Solutions,,sector-agnostic,Singapore,,,,,SG,,,
inv-incourage,,Incourage,,sector-agnostic,Singapore,,,,,SG,,,
inv-sovex,,Sovex,,sector-agnostic,Malaysia,,,,,MY,,,
inv-meld,,MELD,seed,web3; deeptech,Singapore,,,early-stage,,SG,,,
inv-maiora-ventures,,Maiora Ventures,pre-seed; seed; series-a,enterprise-saas; fintech,Singapore,,,early-stage,,SG,Venture Capital,,
inv-qarbotech,,Qarbotech,,sector-agnostic,Malaysia,,,,,MY,,,
inv-quanta,,Quanta,,sector-agnostic,Singapore,,,,,SG,,,
inv-marubeni-growth-capital,,Marubeni Growth Capital,buyout,healthtech,Singapore; Southeast Asia,,,growth-capital,,SG,Venture Capital,,
inv-blowfish-ventures,,Blowfish ventures,seed,fintech; ecommerce,Singapore,,,early-stage,,SG,,,
inv-kinetic,,Kinetic,,sector-agnostic,Singapore,,,,,SG,,,
inv-octava,,Octava,seed; series-b,deeptech; media-gaming,Singapore; Southeast Asia,,,early-stage,,SG,Family Investment Office,enquiries@octava.sg,yes
inv-matr1x,,Matr1x,seed,web3; media-gaming,Singapore,,,early-stage,,SG,,,
inv-wind-app,,Wind.app,,sector-agnostic,Singapore,,,,,SG,,,
inv-appflowy,,AppFlowy,,sector-agnostic,Singapore,,,,,SG,,,
inv-spot-on-chain,,Spot On Chain,,sector-agnostic,Singapore,,,,,SG,,,
inv-rigel-capital,,Rigel Capital,seed; series-a,logistics; enterprise-saas,Southeast Asia; Singapore,,,early-stage,,SG,Venture Capital,,
inv-twin-towers-ventures,,Twin Towers Ventures,seed; series-b; growth,logistics; climatetech,Malaysia; Southeast Asia,,,early-stage; growth-capital,,MY,Venture Capital,,
inv-radiant1-pte-ltd,,Radiant1 Pte Ltd,,sector-agnostic,Singapore,,,,,SG,,,
inv-racer-technology,,Racer Technology,,sector-agnostic,Singapore,,,,,SG,,,
inv-snuugo,,Snuugo,,sector-agnostic,Singapore,,,,,SG,,,
inv-farmbyte,,FarmByte,,agritech,Malaysia; Singapore,,,,,MY,,,
inv-archisen,,Archisen,,sector-agnostic,Singapore,,,,,SG,,,
inv-ve-technology-group,,VE Technology Group,,sector-agnostic,Singapore,,,,,SG,,,
inv-liminal,,Liminal,pre-seed; seed,web3; fintech,Singapore,,,early-stage,,SG,Venture Capital,,
inv-authentickator,,Authentickator,,sector-agnostic,Singapore,,,,,SG,,,
inv-livsyt,,livSYT,,sector-agnostic,Singapore,,,,,SG,,,
inv-ytwo,,YTWO,pre-seed; seed; series-c,web3,Singapore,,,early-stage; growth-capital,,SG,Venture Capital,,
inv-lxa,,LXA,,sector-agnostic,Singapore,,,,,SG,,,
inv-protos-labs,,Protos Labs,,sector-agnostic,Singapore,,,,,SG,,,
inv-elven,,Elven,,sector-agnostic,Singapore,,,,,SG,,,
inv-moneythor,,Moneythor,,sector-agnostic,Singapore,,,,,SG,,,
inv-cobo-ventures,,Cobo Ventures,seed,fintech; web3,Singapore,,,early-stage,,SG,Venture Capital,,
inv-lend-east,,Lend East,series-a,fintech,Singapore; Southeast Asia,,,,,SG,Venture Debt,,
inv-xd-academy,,XD Academy,,sector-agnostic,Singapore,,,,,SG,,,
inv-nutri-san,,Nutri-San,,sector-agnostic,Singapore,,,,,SG,,,
inv-senior-interactive,,Senior Interactive,,sector-agnostic,Singapore,,,,,SG,,,
inv-charge,,Charge+,,sector-agnostic,Singapore,,,,,SG,,,
inv-payrecon,,PayRecon,,sector-agnostic,Malaysia,,,,,MY,,,
inv-trinityeco,,TrinityEco,,sector-agnostic,Singapore,,,,,SG,,,
inv-the-woke-company,,The Woke Company,,sector-agnostic,Singapore,,,,,SG,,,
inv-rhb-xcelerator,,RHB Xcelerator,,enterprise-saas; fintech,Malaysia; Singapore,,,,,MY,Accelerator,,
inv-vircle,,Vircle,,sector-agnostic,Malaysia,,,,,MY,,,
inv-ryder,,Ryder,,sector-agnostic,Singapore,,,,,SG,,,
inv-rxilient,,Rxilient,,sector-agnostic,Singapore,,,,,SG,,,
inv-splitting-me,,Splitting Me,,sector-agnostic,Singapore,,,,,SG,,,
inv-oms-group,,OMS Group,,sector-agnostic,Malaysia,,,,,MY,,,
inv-takadao,,Takadao,,sector-agnostic,Singapore,,,,,SG,,,
inv-stilt-studios,,STILT STUDIOS,,sector-agnostic,Singapore,,,,,SG,,,
inv-boomgrow,,BoomGrow,,sector-agnostic,Malaysia,,,,,MY,,,
inv-bettr-group,,Bettr Group,,sector-agnostic,Singapore,,,,,SG,,,
inv-phasio,,Phasio,,sector-agnostic,Singapore,,,,,SG,,,
inv-pixocial,,Pixocial,,sector-agnostic,Singapore,,,,,SG,,,
inv-multichainz,,MultichainZ,,sector-agnostic,Singapore,,,,,SG,,,
inv-grabwheels,,GrabWheels,,sector-agnostic,Singapore,,,,,SG,,,
inv-beamstart,,BEAMSTART,,sector-agnostic,Singapore,,,,,SG,Venture Capital,,
inv-transparently-ai,,Transparently.AI,,sector-agnostic,Singapore,,,,,SG,,,
inv-collarwork-io-formerly-hauz,,collarwork.io - formerly HAUZ,,sector-agnostic,Malaysia,,,,,MY,,,
inv-ctos-digital,,CTOS Digital,,fintech,Malaysia,,,,,MY,,,
inv-prestige-biopharma,,Prestige Biopharma,,sector-agnostic,Singapore,,,,,SG,,,
inv-schola,,Schola,,sector-agnostic,Singapore,,,,,SG,,,
inv-axxel-marketing,,Axxel Marketing,seed,sector-agnostic,Singapore,,,early-stage,,SG,,,
inv-siftee,,Siftee,,sector-agnostic,Singapore,,,,,SG,,,
inv-troopers,,TROOPERS,,sector-agnostic,Malaysia,,,,,MY,,,
inv-automera,,Automera,,sector-agnostic,Singapore,,,,,SG,,,
inv-grvt,,GRVT,,sector-agnostic,Singapore,,,,,SG,,,
inv-intercontinental-energy,,InterContinental Energy,,sector-agnostic,Singapore,,,,,SG,,,
inv-accendo-technologies,,Accendo Technologies,,sector-agnostic,Malaysia,,,,,MY,,,
inv-silverlake-axis,,Silverlake Axis,seed,fintech,Malaysia,,,early-stage,,MY,,sales@silverlakeaxis.com,
inv-finology,,Finology,,sector-agnostic,Malaysia,,,,,MY,,,
inv-digital-infraco,,Digital InfraCo,,sector-agnostic,Singapore,,,,,SG,,,
inv-ta-global,,TA Global,,sector-agnostic,Malaysia,,,,,MY,Private Equity Firm,,
inv-wondermind,,WonderMind,,sector-agnostic,Singapore,,,,,SG,,,
inv-komet-games,,Komet Games,,sector-agnostic,Singapore,,,,,SG,,,
inv-sleek-ev,,Sleek EV,,sector-agnostic,Singapore,,,,,SG,,,
inv-uniti-motors,,UNITI Motors,,sector-agnostic,Singapore,,,,,SG,,,
inv-helix,,HELIX,,sector-agnostic,Singapore,,,,,SG,,,
inv-mythic-protocol,,Mythic Protocol,,sector-agnostic,Singapore,,,,,SG,,,
inv-peptobiotics,,Peptobiotics,,sector-agnostic,Singapore,,,,,SG,,,
inv-yumcha-studios,,Yumcha Studios,,sector-agnostic,Singapore,,,,,SG,,,
inv-trace,,Trace+,,sector-agnostic,Singapore,,,,,SG,,,
inv-lablink-medical-laboratory,,Lablink Medical Laboratory,,sector-agnostic,Malaysia,,,,,MY,,,
inv-jp-asia-capital-partners,,JP Asia Capital Partners,,manufacturing,Singapore,,,,,SG,Private Equity Firm,,
inv-dora,,Dora,,sector-agnostic,Singapore,,,,,SG,,,
inv-zeabur,,Zeabur,,sector-agnostic,Singapore,,,,,SG,,,
inv-buzzcity,,BuzzCity,,sector-agnostic,Singapore,,,,,SG,,,
inv-cerebry,,Cerebry,,sector-agnostic,Singapore,,,,,SG,,,
inv-mindigital-group,,Mindigital Group,,sector-agnostic,Singapore,,,,,SG,,,
inv-universiti-teknologi-mara,,Universiti Teknologi MARA,,sector-agnostic,Malaysia,,,,,MY,,,
inv-collektr,,Collektr,,sector-agnostic,Malaysia,,,,,MY,,,
inv-oda-capital,,ODA Capital,seed,web3,Singapore,,,early-stage,,SG,,,
inv-antsomi,,Antsomi,,sector-agnostic,Singapore,,,,,SG,,,
inv-redex,,Redex,,sector-agnostic,Singapore,,,,,SG,,,
inv-optacloud,,Optacloud,,sector-agnostic,Singapore,,,,,SG,,,
inv-neoloka,,NEOLOKA,,sector-agnostic,Singapore,,,,,SG,,,
inv-mole,,Mole,,sector-agnostic,Singapore,,,,,SG,,,
inv-imin-technology,,iMin Technology,,sector-agnostic,Singapore,,,,,SG,,,
inv-magiccraft-new-generation-game,,MagicCraft /New Generation Game,,sector-agnostic,Singapore,,,,,SG,,,
inv-pi-xcels,,Pi-xcels,,sector-agnostic,Singapore,,,,,SG,,,
inv-ap-technologies,,AP Technologies,,sector-agnostic,Singapore,,,,,SG,,,
inv-beep-technologies,,Beep Technologies,,sector-agnostic,Singapore,,,,,SG,,,
inv-egide,,EGIDE,,sector-agnostic,Singapore,,,,,SG,,,
inv-trivium,,trivium,,sector-agnostic,Singapore,,,,,SG,,,
inv-choys,,CHOYS,,sector-agnostic,Singapore,,,,,SG,,,
inv-sirius,,Sirius,,sector-agnostic,Singapore,,,,,SG,,,
inv-ztx,,ZTX,,sector-agnostic,Singapore,,,,,SG,,,
inv-verticurl,,Verticurl,,sector-agnostic,Singapore,,,,,SG,,,
inv-neurowyzr,,Neurowyzr,,sector-agnostic,Singapore,,,,,SG,,,
inv-lbank,,LBank,seed; series-a,web3,Singapore,,,early-stage,,SG,,service@lbank.com,
inv-flashintel,,FlashIntel,,sector-agnostic,Singapore,,,,,SG,,,
inv-silversea-media-group,,Silversea Media Group,seed,enterprise-saas; ecommerce,Singapore,,,early-stage,,SG,,,
inv-gorillaspace,,GorillaSpace,,sector-agnostic,Singapore,,,,,SG,,,
inv-unicode-digital,,Unicode Digital,seed; series-a,web3,Singapore,,,early-stage,,SG,Venture Capital,info@unicodedigital.com,yes
inv-sabana-real-estate-investment-management-pte,,Sabana Real Estate Investment Management Pte.,,sector-agnostic,Singapore,,,,,SG,,,
inv-acra,,Acra,seed,healthtech,Singapore,,,early-stage,,SG,,,
inv-a2tech,,A2Tech,,sector-agnostic,Malaysia,,,,,MY,,,
inv-evfy-singapore,,Evfy Singapore,,sector-agnostic,Singapore,,,,,SG,,,
inv-petronas-futuretech,,PETRONAS FutureTech,,manufacturing; climatetech,Malaysia; Singapore; Southeast Asia,,,,,SG,Accelerator,,
inv-petronas-ventures,,PETRONAS Ventures,series-a; series-c,climatetech; manufacturing,Malaysia; Singapore,,,growth-capital,,MY,Venture Capital,,
inv-rely,,Rely,,sector-agnostic,Singapore,,,,,SG,,,
inv-cryptoviet-ventures,,CryptoViet Ventures,pre-seed; seed; series-b,web3; media-gaming,Singapore; Southeast Asia,,,early-stage,,SG,Venture Capital,,
inv-cdnetworks,,CDNetworks,,sector-agnostic,Singapore,,,,,SG,,,
inv-project-z,,Project Z,,sector-agnostic,Singapore,,,,,SG,,,
inv-bloomthis,,BloomThis,,sector-agnostic,Malaysia,,,,,MY,,,
inv-spout-entertainment,,Spout Entertainment,,sector-agnostic,Singapore,,,,,SG,,,
inv-hehealth-inc,,HeHealth Inc,,sector-agnostic,Singapore,,,,,SG,,,
inv-heatnuc,,Heatnuc,,sector-agnostic,Singapore,,,,,SG,,,
inv-ukiss,,UKISS,seed,web3,Singapore,,,early-stage,,SG,,,
inv-2mr-labs,,2MR Labs,,sector-agnostic,Singapore,,,,,SG,,,
inv-maribank,,MariBank,,sector-agnostic,Singapore,,,,,SG,,,
inv-openex,,OpenEx,,sector-agnostic,Singapore,,,,,SG,,,
inv-1bstories,,1Bstories,,sector-agnostic,Singapore,,,,,SG,,,
inv-eyeball-games,,Eyeball Games,,sector-agnostic,Singapore,,,,,SG,,,
inv-bunker,,Bunker,,sector-agnostic,Singapore,,,,,SG,,,
inv-shell-malaysia,,Shell Malaysia,,sector-agnostic,Malaysia,,,,,MY,,,
inv-arus-oil,,Arus Oil,,sector-agnostic,Malaysia,,,,,MY,,,
inv-scalo-technologies,,Scalo Technologies,,sector-agnostic,Singapore,,,,,SG,,,
inv-aethir,,Aethir,pre-seed; seed; series-a,deeptech,Singapore,,,early-stage,,SG,,,
inv-kandle,,Kandle,,sector-agnostic,Singapore,,,,,SG,,,
inv-coop-marketing,,COOP Marketing,,sector-agnostic,Singapore,,,,,SG,,,
inv-solelands,,SoLeLands,,sector-agnostic,Singapore,,,,,SG,,,
inv-immibot,,Immibot,,sector-agnostic,Singapore,,,,,SG,,,
inv-needle,,Needle,,sector-agnostic,Singapore,,,,,SG,,,
inv-alacrity-capital,,Alacrity Capital,pre-seed; seed,enterprise-saas,Singapore,,,early-stage,,SG,Angel Group,,
inv-nannystreet,,NannyStreet,,sector-agnostic,Singapore,,,,,SG,,,
inv-metacene,,MetaCene,,sector-agnostic,Singapore,,,,,SG,,,
inv-ventureblick,,VentureBlick,series-a,healthtech; deeptech,Singapore,,,,,SG,,,
inv-nousq-pte-ltd,,NousQ Pte Ltd,,sector-agnostic,Singapore,,,,,SG,,,
inv-5x,,5X,,sector-agnostic,Singapore,,,,,SG,,,
inv-goldman-sachs-singapore-pte,,Goldman Sachs (Singapore) Pte,growth,consumer; manufacturing,Singapore,,,growth-capital,,SG,Investment Bank,,
inv-zenith-learning-group,,Zenith Learning Group,,sector-agnostic,Singapore,,,,,SG,,,
inv-bomanbridge-media,,Bomanbridge Media,,sector-agnostic,Singapore,,,,,SG,,,
inv-send,,SEND,,sector-agnostic,Malaysia,,,,,MY,,,
inv-kwap,,KWAP,seed; series-b,sector-agnostic,Malaysia; Southeast Asia; Singapore,,,early-stage,,MY,Venture Capital,,
inv-65-equity-partners,,65 Equity Partners,buyout,healthtech; manufacturing,Singapore; Malaysia,,,growth-capital,,SG,Private Equity Firm,contact@65equitypartners.com,yes
inv-imedia,,iMedia,,sector-agnostic,Malaysia,,,,,MY,,,
inv-instahome,,Instahome,,sector-agnostic,Malaysia,,,,,MY,,,
inv-benx-digital-asset-exchange,,BENX Digital Asset Exchange,,sector-agnostic,Singapore,,,,,SG,,,
inv-condiver,,CONDIVER,,sector-agnostic,Singapore,,,,,SG,,,
inv-din,,DIN,,sector-agnostic,Singapore,,,,,SG,,,
inv-biometallica,,Biometallica,,sector-agnostic,Singapore,,,,,SG,,,
inv-introdex,,Introdex,,sector-agnostic,Singapore,,,,,SG,,,
inv-source,,Source,,sector-agnostic,Singapore,,,,,SG,,,
inv-metier-food,,Metier Food,,sector-agnostic,Malaysia,,,,,MY,,,
inv-the-green-factory,,The Green Factory,,sector-agnostic,Malaysia,,,,,MY,,,
inv-baituljannah,,Baituljannah,,sector-agnostic,Malaysia,,,,,MY,,,
inv-kintry,,Kintry,,sector-agnostic,Malaysia,,,,,MY,,,
inv-scentses-co,,Scentses + Co,,sector-agnostic,Singapore,,,,,SG,,,
inv-nexmind,,NexMind,,sector-agnostic,Malaysia,,,,,MY,,,
inv-thryve-earth,,Thryve.Earth,,sector-agnostic,Singapore,,,,,SG,,,
inv-penjana-kapital,,Penjana Kapital,series-a; growth,ecommerce,Malaysia; Singapore,,,growth-capital,,MY,,,
inv-permodalan-negeri-selangor-berhad,,Permodalan Negeri Selangor Berhad,series-a,ecommerce,Malaysia; Singapore,,,,,MY,,,
inv-ento-industries,,Ento Industries,,sector-agnostic,Singapore,,,,,SG,,,
inv-startale-group,,Startale Group,,sector-agnostic,Singapore,,,,,SG,,,
inv-tibo,,Tibo,,sector-agnostic,Singapore,,,,,SG,,,
inv-utu,,Utu,,sector-agnostic,Singapore,,,,,SG,,,
inv-smilie,,Smilie,,sector-agnostic,Singapore,,,,,SG,,,
inv-yashang-capital,,Yashang Capital,series-a,healthtech,Singapore,,,,,SG,,,
inv-lion-tcr,,Lion TCR,,sector-agnostic,Singapore,,,,,SG,,,
inv-keppel-corporation,,Keppel Corporation,,proptech,Singapore,,,,,SG,Hedge Fund,,
inv-dtcpay,,dtcpay,,sector-agnostic,Singapore,,,,,SG,,,
inv-vantient,,Vantient,,sector-agnostic,Singapore,,,,,SG,,,
inv-driven-communications,,Driven Communications,,sector-agnostic,Malaysia,,,,,MY,,,
inv-parc-capital,,PARC Capital,pre-seed; seed,web3,Singapore,,,early-stage,,SG,Venture Capital,info@parccapital.com,yes
inv-hildrics-capital,,Hildrics Capital,buyout,manufacturing,Singapore; Malaysia,,,growth-capital,,SG,Private Equity Firm,,
inv-giib-rubber,,GIIB Rubber,,sector-agnostic,Malaysia,,,,,MY,,,
inv-decentralised-gaming-ventures,,Decentralised Gaming Ventures,,sector-agnostic,Singapore,,,,,SG,,,
inv-angle-army-drift-team,,Angle Army Drift Team,,sector-agnostic,Singapore,,,,,SG,,,
inv-sparklehaze,,Sparklehaze,,sector-agnostic,Singapore,,,,,SG,,,
inv-asia-deal-group,,Asia Deal Group,,sector-agnostic,Singapore,,,,,SG,,,
inv-bilimber,,BilimBer,,sector-agnostic,Singapore,,,,,SG,,,
inv-zero-error-systems,,Zero-Error Systems,,sector-agnostic,Singapore,,,,,SG,,,
inv-secta5,,SECTA5,,sector-agnostic,Singapore,,,,,SG,,,
inv-bayo-pay-m-sdn-bhd,,Bayo Pay (M) Sdn Bhd,,sector-agnostic,Malaysia,,,,,MY,,,
inv-trip-affiliates-network,,Trip Affiliates Network,,sector-agnostic,Singapore,,,,,SG,,,
inv-adera-global,,Adera Global,seed,fintech,Singapore,,,early-stage,,SG,,,
inv-oneview,,OneView,,sector-agnostic,Singapore,,,,,SG,,,
inv-zenadmin,,ZenAdmin,,sector-agnostic,Singapore,,,,,SG,,,
inv-ospree,,Ospree,,sector-agnostic,Singapore,,,,,SG,,,
inv-picocandy,,PicoCandy,,sector-agnostic,Singapore,,,,,SG,,,
inv-spaceship,,Spaceship,,sector-agnostic,Singapore,,,,,SG,,,
inv-fabrica-ai,,Fabrica AI,,sector-agnostic,Singapore,,,,,SG,,,
inv-credshields,,CredShields,,sector-agnostic,Singapore,,,,,SG,,,
inv-jagofon,,Jagofon,,sector-agnostic,Singapore,,,,,SG,,,
inv-morfyus,,Morfyus,,sector-agnostic,Singapore,,,,,SG,,,
inv-vela-diagnostics-pte-ltd,,Vela Diagnostics Pte. Ltd.,,sector-agnostic,Singapore,,,,,SG,,,
inv-delta-corp-holdings,,Delta Corp Holdings,,sector-agnostic,Singapore,,,,,SG,,,
inv-mms-ventures,,MMS Ventures,seed; series-a; series-b,healthtech,Malaysia,,,early-stage,,MY,,,
inv-proterra-asia,,Proterra Asia,series-a; buyout,manufacturing,Singapore,,,growth-capital,,SG,,+6567098750,yes
inv-doxa-holdings,,Doxa Holdings,,sector-agnostic,Singapore,,,,,SG,,,
inv-manis-leting,,Manis Leting,,sector-agnostic,Malaysia,,,,,MY,,,
inv-triphie,,Triphie,,sector-agnostic,Malaysia,,,,,MY,,,
inv-madly,,Madly,,sector-agnostic,Singapore,,,,,SG,,,
inv-apar-technologies,,Apar Technologies,seed,sector-agnostic,Singapore,,,early-stage,,SG,,60322766437,yes
inv-presto,,Presto,seed; series-a,web3,Singapore; Southeast Asia,,,early-stage,,SG,Venture Capital,hello@prestoventures.com,yes
inv-lanchi-ventures,,Lanchi Ventures,seed; series-a; series-c,deeptech; healthtech,Singapore,,,early-stage; growth-capital,,SG,Venture Capital,info@lanchiventures.com,yes
inv-abcde,,ABCDE,pre-seed; seed; series-a,web3,Singapore,,,early-stage,,SG,Venture Capital,,
inv-stratified-capital,,Stratified Capital,seed; series-a,web3; media-gaming,Singapore; Malaysia,,,early-stage,,SG,Venture Capital,,
inv-gentree-fund,,Gentree Fund,seed; series-a; series-c,ecommerce; fintech,Southeast Asia; Singapore,,,early-stage; growth-capital,,SG,Venture Capital,,
inv-antalpha,,Antalpha,pre-seed; seed; series-a,web3,Singapore,,,early-stage,,SG,Venture Capital,ai@antalpha.com,
inv-tnb-aura,,TNB Aura,seed; series-a; series-b,agritech; edtech,Singapore; Southeast Asia,,,early-stage,,SG,Venture Capital,,
inv-northstar-group,,Northstar Group,seed; series-a; series-b,ecommerce; fintech,Southeast Asia; Singapore,,,early-stage,,SG,Venture Capital,,
inv-bigtapp-pte,,BigTapp Pte,,sector-agnostic,Singapore,,,,,SG,,,
inv-generation-prime,,Generation Prime,,sector-agnostic,Singapore,,,,,SG,,,
inv-metazone,,MetaZone,,sector-agnostic,Singapore,,,,,SG,,,
inv-2moon-capital,,2Moon Capital,,media-gaming,Singapore,,,,,SG,Venture Capital,,
inv-metagame-industries,,Metagame Industries,,sector-agnostic,Singapore,,,,,SG,,,
inv-curieous,,Curieous,,sector-agnostic,Singapore,,,,,SG,,,
inv-haive,,HaiVE,,sector-agnostic,Singapore,,,,,SG,,,
inv-degame,,Degame,,sector-agnostic,Singapore,,,,,SG,,,
inv-emurgo-ventures,,Emurgo ventures,pre-seed; seed,web3; fintech,Singapore,,,early-stage,,SG,Venture Capital,,
inv-bossjob,,Bossjob,,sector-agnostic,Singapore,,,,,SG,,,
inv-gaussian-robotics,,Gaussian Robotics,,sector-agnostic,Singapore,,,,,SG,,,
inv-poko,,Poko,,sector-agnostic,Singapore,,,,,SG,,,
inv-jagat,,Jagat,,sector-agnostic,Singapore,,,,,SG,,,
inv-triple-lab,,Triple Lab,,sector-agnostic,Singapore,,,,,SG,,,
inv-echotik,,EchoTik,,sector-agnostic,Singapore,,,,,SG,,,
inv-locollab,,LoCollab,,sector-agnostic,Singapore,,,,,SG,,,
inv-kickidler,,Kickidler,,sector-agnostic,Singapore,,,,,SG,,,
inv-cashwise,,CashWise,,sector-agnostic,Singapore,,,,,SG,,,
inv-blood,,Blood,,sector-agnostic,Singapore,,,,,SG,,,
inv-sweef-capital,,Sweef Capital,seed; buyout,healthtech; edtech,Singapore; Southeast Asia,,,early-stage; growth-capital,,SG,Venture Capital,contactus@sweefcapital.com,
inv-hashkey-capital,,HashKey Capital,pre-seed; seed,web3; media-gaming,Singapore,,,early-stage,,SG,Venture Capital,,
inv-amp,,AMP,,sector-agnostic,Singapore,,,,,SG,,,
inv-ora,,Ora,,sector-agnostic,Singapore,,,,,SG,,,
inv-meta-technology-capital,,Meta Technology Capital,seed,enterprise-saas,Singapore,,,early-stage,,SG,Family Investment Office,,
inv-qarbon-technologies,,Qarbon Technologies,,sector-agnostic,Singapore,,,,,SG,,,
inv-squarex,,SquareX,,sector-agnostic,Singapore,,,,,SG,,,
inv-peaq,,peaq,pre-seed,web3; infrastructure; deeptech,Singapore,,,early-stage,,SG,,,
inv-paragon-capital-management-singapore,,Paragon Capital Management Singapore,seed; series-a,manufacturing,Singapore,,,early-stage,,SG,,,
inv-aitreat,,AITREAT,,sector-agnostic,Singapore,,,,,SG,,,
inv-claritas-technology,,Claritas Technology,,sector-agnostic,Singapore,,,,,SG,,,
inv-druid-chain,,Druid Chain,,sector-agnostic,Malaysia,,,,,MY,,,
inv-myburgerlab-malaysia,,myBurgerLab Malaysia,,sector-agnostic,Malaysia,,,,,MY,,,
inv-truffles,,Truffles,,sector-agnostic,Singapore,,,,,SG,,,
inv-banyan-tree-hotels-resorts,,Banyan Tree Hotels & Resorts,,sector-agnostic,Singapore,,,,,SG,,,
inv-transitry,,Transitry,,sector-agnostic,Singapore,,,,,SG,,,
inv-whale,,Whale,,sector-agnostic,Singapore,,,,,SG,,,
inv-fragmynt,,Fragmynt,,sector-agnostic,Singapore,,,,,SG,,,
inv-woh-hup,,Woh Hup,seed; series-a,proptech,Singapore; Southeast Asia,,,early-stage,,SG,,general@wohhup.com,yes
inv-continuum-world,,Continuum World,,sector-agnostic,Singapore,,,,,SG,,,
inv-cultivaer,,Cultivaer,,sector-agnostic,Singapore,,,,,SG,,,
inv-allium-bio,,Allium Bio,,sector-agnostic,Singapore,,,,,SG,,,
inv-nala-berhad,,Nala Berhad,,sector-agnostic,Malaysia,,,,,MY,,,
inv-homii,,Homii,,sector-agnostic,Malaysia,,,,,MY,,,
inv-asia-digital-engineering,,Asia Digital Engineering,,sector-agnostic,Malaysia,,,,,MY,,,
inv-suipad,,SuiPad,,sector-agnostic,Singapore,,,,,SG,,,
inv-payhalal,,PayHalal,,sector-agnostic,Malaysia,,,,,MY,,,
inv-natural-trace,,Natural Trace,,sector-agnostic,Singapore,,,,,SG,,,
inv-kabel,,Kabel,,sector-agnostic,Malaysia,,,,,MY,,,
inv-paysaction,,Paysaction,,sector-agnostic,Singapore,,,,,SG,,,
inv-ds-x-ventures,,DS/X Ventures,pre-seed; seed,enterprise-saas; fintech,Southeast Asia; Singapore,,,early-stage,,SG,Venture Capital,pitch@dsx.vc,
inv-d3-labs,,D3 Labs,,sector-agnostic,Singapore,,,,,SG,,,
inv-beebag,,BeeBag,,sector-agnostic,Malaysia,,,,,MY,,,
inv-docspe-ai-platform-for-healthcare,,Docspe (AI Platform for Healthcare),,sector-agnostic,Malaysia,,,,,MY,,,
inv-outram-bio,,Outram Bio,seed,healthtech,Singapore,,,early-stage,,SG,Venture Capital,,
inv-albatroz-therapeutics,,Albatroz Therapeutics,,sector-agnostic,Singapore,,,,,SG,,,
inv-wegowhere,,WeGoWhere,,sector-agnostic,Singapore,,,,,SG,,,
inv-growtheum-capital-partners,,Growtheum Capital Partners,series-b; buyout,agritech; healthtech,Singapore; Southeast Asia,,,growth-capital,,SG,Private Equity Firm,,
inv-teraju,,Teraju,pre-seed,consumer,Malaysia,,,early-stage,,MY,,,
inv-petotum,,Petotum,,sector-agnostic,Malaysia,,,,,MY,,,
inv-cube-highways-and-infrastructure,,Cube Highways and Infrastructure,,sector-agnostic,Singapore,,,,,SG,,,
inv-mito-health,,Mito Health,,sector-agnostic,Singapore,,,,,SG,,,
inv-cortical-labs,,Cortical Labs,,sector-agnostic,Singapore,,,,,SG,,,
inv-oyika,,Oyika,,sector-agnostic,Singapore,,,,,SG,,,
inv-fattastic-technologies,,Fattastic Technologies,,sector-agnostic,Singapore,,,,,SG,,,
inv-crossspace,,CrossSpace,,sector-agnostic,Singapore,,,,,SG,,,
inv-little-farms,,Little Farms,,sector-agnostic,Singapore,,,,,SG,,,
inv-careera,,Careera,,sector-agnostic,Singapore,,,,,SG,,,
inv-cebg-studio,,CEBG Studio,,sector-agnostic,Singapore,,,,,SG,,,
inv-yuma-ai,,Yuma AI,,sector-agnostic,Singapore,,,,,SG,,,
inv-heros,,heros,,sector-agnostic,Singapore,,,,,SG,,,
inv-xrator,,XRATOR,,sector-agnostic,Singapore,,,,,SG,,,
inv-zapkad,,Zapkad,,sector-agnostic,Singapore,,,,,SG,,,
inv-d-risk,,D-Risk,,sector-agnostic,Singapore,,,,,SG,,,
inv-linh-ai,,Linh AI,,sector-agnostic,Singapore,,,,,SG,,,
inv-nervotec,,Nervotec,,sector-agnostic,Singapore,,,,,SG,,,
inv-huawei-s-spark-incubator,,Huawei's Spark Incubator,,healthtech,Singapore,,,,,SG,Incubator,,
inv-corgiai,,CorgiAI,,sector-agnostic,Singapore,,,,,SG,,,
inv-pionex,,Pionex,seed,sector-agnostic,Singapore,,,early-stage,,SG,,,
inv-uxuy,,UXUY,,sector-agnostic,Singapore,,,,,SG,,,
inv-dozer,,Dozer,,sector-agnostic,Singapore,,,,,SG,,,
inv-wellesta,,Wellesta,,sector-agnostic,Singapore,,,,,SG,,,
inv-verz-design,,Verz Design,,sector-agnostic,Singapore,,,,,SG,,,
inv-southern-capital-group,,Southern Capital Group,pre-seed; seed; series-b,sector-agnostic,Singapore; Malaysia,,,early-stage,,SG,Private Equity Firm,,
inv-soft-space,,Soft Space,,sector-agnostic,Malaysia,,,,,MY,,,
inv-alchemy-pay,,Alchemy Pay,seed,web3; media-gaming; fintech,Singapore,,,early-stage,,SG,,support@alchemypay.org,yes
inv-zen-insights,,Zen Insights,,sector-agnostic,Singapore,,,,,SG,,,
inv-samta-ai,,Samta.ai,,sector-agnostic,Singapore,,,,,SG,,,
inv-copernicus-consulting,,Copernicus Consulting,,sector-agnostic,Singapore,,,,,SG,,,
inv-tablepointer,,TablePointer,,sector-agnostic,Singapore,,,,,SG,,,
inv-betterdata,,Betterdata,,sector-agnostic,Singapore,,,,,SG,,,
inv-canopy-power,,Canopy Power,,sector-agnostic,Singapore,,,,,SG,,,
inv-lucep,,Lucep,,sector-agnostic,Singapore,,,,,SG,,,
inv-nextblock,,NextBlock,,sector-agnostic,Singapore,,,,,SG,,,
inv-cake-defi,,Cake DeFi,,sector-agnostic,Singapore,,,,,SG,,,
inv-torus-labs,,Torus Labs,,sector-agnostic,Singapore,,,,,SG,,,
inv-bridge-oracle,,Bridge Oracle,,sector-agnostic,Malaysia,,,,,MY,,,
inv-pacer,,Pacer,,sector-agnostic,Malaysia,,,,,MY,,,
inv-movelabs,,MoveLabs,,sector-agnostic,Singapore,,,,,SG,,,
inv-antler-elevate,,Antler Elevate,seed; series-a,fintech; deeptech,Singapore; Southeast Asia,,,early-stage,,SG,,,
inv-avoinvest,,AvoInvest,buyout,web3; deeptech,Singapore,,,growth-capital,,SG,Venture Capital,,
inv-cradles,,Cradles,,sector-agnostic,Singapore,,,,,SG,,,
inv-rida,,Rida,,sector-agnostic,Singapore,,,,,SG,,,
inv-buildbear-labs,,BuildBear Labs,,sector-agnostic,Singapore,,,,,SG,,,
inv-macan,,MACAN,pre-seed,consumer,Singapore,,,early-stage,,SG,Private Equity Firm,info@macan.com.sg,yes
inv-lion-city-capital,,Lion City Capital,series-a; series-b,sector-agnostic,Singapore,,,,,SG,Private Equity Firm,,
inv-adrenalin-group,,Adrenalin Group,series-a,consumer,Singapore,,,,,SG,,,
inv-ivitech,,Ivitech,,sector-agnostic,Singapore,,,,,SG,,,
inv-gonsave,,GoNsave,,sector-agnostic,Singapore,,,,,SG,,,
inv-walnut-holdings,,Walnut Holdings,seed,sector-agnostic,Singapore,,,early-stage,,SG,Family Investment Office,,
inv-car-chilli,,Car Chilli,,sector-agnostic,Singapore,,,,,SG,,,
inv-nami,,nami,,sector-agnostic,Singapore,,,,,SG,,,
inv-smooth-labs,,Smooth Labs,,sector-agnostic,Singapore,,,,,SG,,,
inv-khazanah-impact-innovation-challenge,,Khazanah Impact Innovation Challenge,,healthtech,Malaysia,,,,,MY,Accelerator,,
inv-care-concierge,,CARE Concierge,,sector-agnostic,Malaysia,,,,,MY,,,
inv-the-iterative-collective,,The Iterative Collective,,sector-agnostic,Singapore,,,,,SG,Incubator,,
inv-particle-network,,Particle Network,,sector-agnostic,Singapore,,,,,SG,,,
inv-tomi,,Tomi,,sector-agnostic,Singapore,,,,,SG,,,
inv-langchain,,LangChain,,sector-agnostic,Singapore,,,,,SG,,,
inv-little-wallet,,Little Wallet,,sector-agnostic,Singapore,,,,,SG,,,
inv-vahoca,,VAHOCA,seed,sector-agnostic,Singapore,,,early-stage,,SG,,,
inv-mystifly,,Mystifly,,sector-agnostic,Singapore,,,,,SG,,,
inv-stageworks,,StageWorks,,sector-agnostic,Singapore,,,,,SG,,,
inv-foresight-news,,Foresight News,,sector-agnostic,Singapore,,,,,SG,,,
inv-emerge-group,,EMERGE Group,,sector-agnostic,Singapore,,,,,SG,,,
inv-circle-capital,,Circle Capital,seed,agritech; climatetech,Singapore,,,early-stage,,SG,Venture Capital,,
inv-agros,,Agros,,sector-agnostic,Singapore,,,,,SG,,,
inv-moon-holding-capital,,MOON HOLDING CAPITAL,seed,sector-agnostic,Malaysia,,,early-stage,,MY,Family Investment Office,,
inv-icares-technology,,ICARES TECHNOLOGY,,sector-agnostic,Malaysia,,,,,MY,,,
inv-mercu,,Mercu,,sector-agnostic,Singapore,,,,,SG,,,
inv-bank-champs,,Bank Champs,series-a,web3,Singapore,,,,,SG,Investment Bank,,
inv-bika,,BIKA,,sector-agnostic,Singapore,,,,,SG,,,
inv-cnhc,,Cnhc,,sector-agnostic,Singapore,,,,,SG,,,
inv-the-growhub-innovations,,The GrowHub Innovations,,sector-agnostic,Singapore,,,,,SG,,,
inv-seatown-holdings,,SeaTown Holdings,growth; buyout,healthtech,Southeast Asia; Singapore; Malaysia,,,growth-capital,,SG,,,
inv-foundation-healthcare,,Foundation Healthcare,,sector-agnostic,Singapore,,,,,SG,,,
inv-akadasia,,Akadasia,,sector-agnostic,Singapore,,,,,SG,,,
inv-groundup-ai,,Groundup.ai,,sector-agnostic,Singapore,,,,,SG,,,
inv-bintang-capital-partners,,Bintang Capital Partners,series-a; buyout,enterprise-saas,Malaysia; Singapore,,,growth-capital,,MY,Private Equity Firm,contact.us@bintangcapitalpartners.com,
inv-umami-united,,Umami United,,sector-agnostic,Singapore,,,,,SG,,,
inv-mycosortia,,Mycosortia,,sector-agnostic,Singapore,,,,,SG,,,
inv-impacfat,,ImpacFat,,sector-agnostic,Singapore,,,,,SG,,,
inv-dynacyte-biosciences,,Dynacyte Biosciences,,sector-agnostic,Singapore,,,,,SG,,,
inv-sono-biosciences,,Sono Biosciences,,sector-agnostic,Singapore,,,,,SG,,,
inv-pullulo,,Pullulo,,sector-agnostic,Singapore,,,,,SG,,,
inv-algrow-biosciences,,Algrow Biosciences,,sector-agnostic,Singapore,,,,,SG,,,
inv-metis,,Metis,seed,web3,Singapore,,,early-stage,,SG,,contact@metis.io,yes
inv-synapse-innovation,,Synapse Innovation,,sector-agnostic,Malaysia,,,,,MY,,,
inv-ocp-asia,,OCP Asia,,ecommerce,Singapore; Malaysia; Southeast Asia,,,,,SG,Syndicate,info@ocpasia.com,yes
inv-innova-technology,,Innova Technology,,sector-agnostic,Singapore,,,,,SG,,,
inv-ascenz,,Ascenz,,sector-agnostic,Singapore,,,,,SG,,,
inv-la-mans-marine-engineering,,La Mans Marine Engineering,,sector-agnostic,Singapore,,,,,SG,,,
inv-pirate3d,,Pirate3D,,sector-agnostic,Singapore,,,,,SG,,,
inv-icarsclub,,iCarsClub,,sector-agnostic,Singapore,,,,,SG,,,
inv-intuitive-creations,,Intuitive Creations,,sector-agnostic,Singapore,,,,,SG,,,
inv-gcorelab-pte-ltd,,Gcorelab Pte Ltd,,sector-agnostic,Singapore,,,,,SG,,,
inv-purer-skin,,Purer Skin,,sector-agnostic,Singapore,,,,,SG,,,
inv-i3-precision,,I3 Precision,,sector-agnostic,Singapore,,,,,SG,,,
inv-gnosis-analytics,,GNosis Analytics,,sector-agnostic,Singapore,,,,,SG,,,
inv-xjera-labs,,Xjera Labs,,sector-agnostic,Singapore,,,,,SG,,,
inv-scantist,,Scantist,,sector-agnostic,Singapore,,,,,SG,,,
inv-apillon,,Apillon,,sector-agnostic,Singapore,,,,,SG,,,
inv-tresgo,,TresGo,,sector-agnostic,Malaysia,,,,,MY,,,
inv-kathrein-ventures,,Kathrein Ventures,series-a,ecommerce; consumer,Singapore; Malaysia,,,,,SG,Micro VC,,
inv-sea-unicorn,,Sea Unicorn,series-a,ecommerce; consumer,Malaysia,,,,,MY,,,
inv-examoo,,ExaMoo,,sector-agnostic,Singapore,,,,,SG,,,
inv-network0,,network0,pre-seed,web3,Singapore,,,early-stage,,SG,Venture Capital,,
inv-agorai,,Agorai,,sector-agnostic,Singapore,,,,,SG,,,
inv-kine-protocol,,Kine Protocol,,sector-agnostic,Singapore,,,,,SG,,,
inv-hurricaneswap,,HurricaneSwap,,sector-agnostic,Singapore,,,,,SG,,,
inv-chainsight,,Chainsight,,sector-agnostic,Singapore,,,,,SG,,,
inv-cumberland-labs,,Cumberland Labs,seed,ecommerce; web3,Singapore,,,early-stage,,SG,Incubator,,
inv-mep-enviro-technology,,MEP Enviro Technology,seed,web3,Malaysia,,,early-stage,,MY,,,
inv-masverse,,MASVERSE,seed,media-gaming,Malaysia,,,early-stage,,MY,,+60174871961,yes
inv-aor-global,,AOR Global,seed,sector-agnostic,Singapore,,,early-stage,,SG,,,
inv-wonder-strategic-international,,Wonder Strategic International,,sector-agnostic,Singapore,,,,,SG,,,
inv-clavystbio,,ClavystBio,seed; series-a,healthtech,Singapore,,,early-stage,,SG,Venture Capital,connect@clavystbio.com,
inv-xin-fund-management,,XIN Fund Management,seed,web3,Singapore,,,early-stage,,SG,,,
inv-digift,,Digift,,sector-agnostic,Singapore,,,,,SG,,,
inv-oriza-greenwillow-technology-fund,,Oriza Greenwillow Technology Fund,series-a,healthtech,Southeast Asia; Singapore,,,,,SG,Venture Capital,,
inv-willowmore,,Willowmore,,sector-agnostic,Singapore,,,,,SG,,,
inv-getgo,,GetGo,,sector-agnostic,Singapore,,,,,SG,,,
inv-greeks-live,,Greeks.live,,sector-agnostic,Singapore,,,,,SG,,,
inv-skye-renewables,,Skye Renewables,,sector-agnostic,Singapore,,,,,SG,,,
inv-animeta,,Animeta,,sector-agnostic,Singapore,,,,,SG,,,
inv-myfirst,,myFirst,,sector-agnostic,Singapore,,,,,SG,,,
inv-musiclife-foundation,,MusicLife Foundation,,sector-agnostic,Singapore,,,,,SG,,,
inv-cube-asia,,Cube Asia,,sector-agnostic,Singapore,,,,,SG,,,
inv-razer-merchant-services-sdn-bhd,,Razer Merchant Services Sdn. Bhd.,,sector-agnostic,Malaysia,,,,,MY,,,
inv-pikom,,PIKOM,,sector-agnostic,Malaysia,,,,,MY,,,
inv-netccentric,,Netccentric,,sector-agnostic,Singapore,,,,,SG,,,
inv-sitegiant,,Sitegiant,,sector-agnostic,Malaysia,,,,,MY,,,
inv-kumoten,,Kumoten,,sector-agnostic,Malaysia,,,,,MY,,,
inv-commerce-asia,,Commerce.Asia,seed,ecommerce,Malaysia,,,early-stage,,MY,,,
inv-bizapp,,BizApp,,sector-agnostic,Malaysia,,,,,MY,,,
inv-tableapp,,TableApp,,sector-agnostic,Malaysia,,,,,MY,,,
inv-sprintla,,Sprintla,,sector-agnostic,Malaysia,,,,,MY,,,
inv-durioo,,Durioo,,sector-agnostic,Malaysia,,,,,MY,,,
inv-vulpes-ventures,,Vulpes Ventures,seed; series-a; series-b,proptech,Singapore; Southeast Asia,,,early-stage,,SG,Venture Capital,info@vulpesventures.com,yes
inv-tin-men-capital,,Tin Men Capital,seed; series-a; series-b,ecommerce,Singapore; Southeast Asia,,,early-stage,,SG,Venture Capital,,
inv-genting-ventures,,Genting Ventures,seed; series-a,fintech; agritech,Singapore; Southeast Asia,,,early-stage,,SG,Venture Capital,,
inv-openspace-capital,,Openspace Capital,seed; series-a; series-b,ecommerce,Singapore; Southeast Asia; Malaysia,,,early-stage,,SG,Venture Capital,ideas@openspacecapital.com,
inv-saison-capital,,Saison Capital,pre-seed; seed; series-a,fintech,Singapore; Southeast Asia,,,early-stage,,SG,Venture Capital,,
inv-crypto-com-capital,,Crypto.com Capital,seed,web3; media-gaming,Singapore; Southeast Asia,,,early-stage,,SG,Venture Capital,,
inv-darren-lau,,Darren Lau,seed; series-a,web3; fintech,Malaysia; Singapore; Southeast Asia,,,early-stage,,MY,,,
inv-greenwillow-capital-management,,Greenwillow Capital Management,seed; series-a,deeptech,Singapore,,,early-stage,,SG,Venture Capital,,
inv-holosuit,,HoloSuit,,sector-agnostic,Singapore,,,,,SG,,,
inv-newmedia-holding,,NewMedia Holding,seed,media-gaming,Singapore,,,early-stage,,SG,,hello@newmediaholding.com,yes
inv-rfd-capital,,RFD Capital,series-a,web3,Singapore,,,,,SG,Venture Capital,,
inv-cenoa,,Cenoa,,sector-agnostic,Singapore,,,,,SG,,,
inv-freightify,,Freightify,,sector-agnostic,Singapore,,,,,SG,,,
inv-ee-capital,,EE Capital,series-a,media-gaming,Singapore,,,,,SG,,,
inv-wealth-management-alliance,,Wealth Management Alliance,series-a,sector-agnostic,Singapore,,,,,SG,Private Equity Firm,,
inv-asia-sustainability-angels,,Asia Sustainability Angels,seed,proptech,Singapore,,,early-stage,,SG,,,
inv-getsolar,,GetSolar,,sector-agnostic,Singapore,,,,,SG,,,
inv-aeon-credit-service,,Aeon Credit Service,,sector-agnostic,Malaysia,,,,,MY,,,
inv-vivo-surgical,,Vivo Surgical,,sector-agnostic,Singapore,,,,,SG,,,
inv-flipkart-health,,Flipkart Health,,sector-agnostic,Singapore,,,,,SG,,,
inv-comfortdelgro-capital-partners,,ComfortDelGro Capital Partners,seed; series-a,deeptech; infrastructure,Singapore,,,early-stage,,SG,Venture Capital,,
inv-bowled-io,,Bowled.io,,sector-agnostic,Singapore,,,,,SG,,,
inv-deverse-world,,Deverse World,,sector-agnostic,Singapore,,,,,SG,,,
inv-carbon-balance,,Carbon Balance,,sector-agnostic,Singapore,,,,,SG,,,
inv-librecall,,LibreCall,,sector-agnostic,Singapore,,,,,SG,,,
inv-kiplex,,kipleX,pre-seed; seed; series-a,deeptech; enterprise-saas,Malaysia; Singapore,,,early-stage,,MY,Venture Capital,,
inv-edbv-management,,EDBV Management,series-a,sector-agnostic,Singapore,,,,,SG,Private Equity Firm,,
inv-polaris-kin,,Polaris Kin,seed,sector-agnostic,Singapore,,,early-stage,,SG,,,
inv-quadrant-io,,Quadrant.io,,sector-agnostic,Singapore,,,,,SG,,,
inv-dcx,,DCX,,sector-agnostic,Singapore,,,,,SG,,,
inv-pilon,,Pilon,,sector-agnostic,Singapore,,,,,SG,,,
inv-debox,,DeBox,,sector-agnostic,Singapore,,,,,SG,,,
inv-temokin,,Temokin,seed,fintech,Malaysia,,,early-stage,,MY,,,
inv-x-pay,,X Pay,,sector-agnostic,Singapore,,,,,SG,,,
inv-2ex-technology,,2EX Technology,,sector-agnostic,Singapore,,,,,SG,,,
inv-emoote,,Emoote,pre-seed; seed,web3,Singapore,,,early-stage,,SG,Venture Capital,+6503012024,yes
inv-jet8,,JET8,,sector-agnostic,Singapore,,,,,SG,,,
inv-kendall-court,,Kendall Court,series-b; buyout,healthtech,Singapore; Southeast Asia,,,growth-capital,,SG,Private Equity Firm,partners@kendallcourt.com,
inv-bunzz,,Bunzz,,sector-agnostic,Singapore,,,,,SG,,,
inv-motion-g,,Motion G,,sector-agnostic,Singapore,,,,,SG,,,
inv-alterpacks,,AlterPacks,,sector-agnostic,Singapore,,,,,SG,,,
inv-intella-x,,Intella X,,sector-agnostic,Singapore,,,,,SG,,,
inv-blackpanda,,Blackpanda,,sector-agnostic,Singapore,,,,,SG,,,
inv-ecospirits,,EcoSpirits,,sector-agnostic,Singapore,,,,,SG,,,
inv-mindful-wealth,,Mindful Wealth,series-a,fintech,Singapore,,,,,SG,Hedge Fund,info@mindfulwealth.com,yes
inv-genius-ventures,,Genius Ventures,pre-seed; seed,deeptech; media-gaming; agritech,Singapore,,,early-stage,,SG,Micro VC,,
inv-trtl-ventures,,TRTL Ventures,pre-seed; seed; series-a,fintech; healthtech,Singapore,,,early-stage,,SG,Venture Capital,pitch@trtl.vc,
inv-artichoke-capital,,Artichoke Capital,pre-seed; seed; series-b,web3,Singapore,,,early-stage,,SG,Venture Capital,,
inv-shopee,,Shopee,,sector-agnostic,Singapore,,,,,SG,,,
inv-coverio,,Coverio,,sector-agnostic,Singapore,,,,,SG,,,
inv-virtualtech-frontier,,Virtualtech Frontier,,sector-agnostic,Malaysia,,,,,MY,,,
inv-aonic-formerly-poladrone,,Aonic (Formerly Poladrone),,sector-agnostic,Malaysia,,,,,MY,,,
inv-goodgang-labs,,GoodGang Labs,,sector-agnostic,Singapore,,,,,SG,,,
inv-asmpt,,ASMPT,seed,deeptech,Singapore,,,early-stage,,SG,,,
inv-supermom,,Supermom,,sector-agnostic,Singapore,,,,,SG,,,
inv-genzero,,GenZero,series-a; series-b,climatetech,Singapore,,,,,SG,Venture Capital,,
inv-metatrust-labs,,MetaTrust Labs,,sector-agnostic,Singapore,,,,,SG,,,
inv-caladan,,Caladan,seed; series-a,web3,Singapore; Southeast Asia,,,early-stage,,SG,,,
inv-mantle-network,,Mantle Network,pre-seed; seed; series-a,web3,Singapore,,,early-stage,,SG,,,
inv-shipsfocus,,ShipsFocus,seed,deeptech,Singapore,,,early-stage,,SG,,enquiry@shipsfocus.com,yes
inv-oak-grove-ventures,,Oak Grove Ventures,pre-seed; seed; series-a,web3,Southeast Asia; Singapore,,,early-stage,,SG,Venture Capital,info@oakgrove.vc,yes
inv-a2d-ventures,,A2D Ventures,pre-seed; seed; series-a,manufacturing; enterprise-saas,Southeast Asia; Singapore; Malaysia,,,early-stage,,SG,Angel Group,contact@a2dventures.com,yes
inv-dh-venture-holdings,,DH Venture Holdings,pre-seed; seed,deeptech; enterprise-saas,Malaysia; Singapore,,,early-stage,,SG,Venture Capital,,
inv-xdc-network,,XDC Network,pre-seed; seed,web3; media-gaming,Singapore,,,early-stage,,SG,,,
inv-hico,,HICO,pre-seed; seed; series-a,logistics; deeptech,Singapore,,,early-stage,,SG,Venture Capital,head-office@hico.com,
inv-dwf-labs,,DWF Labs,pre-seed; seed,web3,Singapore; Southeast Asia,,,early-stage,,SG,Venture Capital,,
inv-goplus-security,,GoPlus Security,seed,web3,Singapore,,,early-stage,,SG,,,
inv-tradeworks-vc,,Tradeworks.vc,pre-seed; seed; series-a,logistics; ecommerce,Singapore,,,early-stage,,SG,Venture Capital,,
inv-farquhar-vc,,Farquhar VC,pre-seed; seed; series-a,deeptech; fintech,Singapore; Southeast Asia,,,early-stage,,SG,Venture Capital,,
inv-bitrise-capital,,Bitrise Capital,seed,deeptech; web3,Singapore,,,early-stage,,SG,Venture Capital,,
inv-odig,,ODIG,seed,web3,Singapore,,,early-stage,,SG,Venture Capital,hi@odig.co,
inv-aurum-investments,,Aurum Investments,pre-seed; seed; series-b,proptech; consumer,Singapore,,,early-stage,,SG,Venture Capital,investments@auruminvestments.sg,
inv-boleh-ventures,,Boleh Ventures,pre-seed; seed; series-b,fintech,Singapore; Southeast Asia,,,early-stage,,SG,,,
inv-united-overseas-bank,,United Overseas Bank,growth,proptech,Singapore; Southeast Asia,,,growth-capital,,SG,Venture Debt,+18886946735,yes
inv-cryptomeria-capital,,Cryptomeria Capital,seed,web3; fintech,Singapore,,,early-stage,,SG,Venture Capital,contact@cryptomeriacapital.com,yes
inv-hyperchain-capital,,Hyperchain Capital,seed,web3; media-gaming,Singapore; Southeast Asia,,,early-stage,,SG,Hedge Fund,,
inv-old-fashion-research,,Old Fashion Research,pre-seed; seed; series-a,web3; media-gaming,Singapore,,,early-stage,,SG,Venture Capital,,
inv-onebit-ventures,,Onebit Ventures,seed; series-a,media-gaming; web3,Singapore; Southeast Asia,,,early-stage,,SG,Venture Capital,,
inv-kum-hong-siew,,Kum Hong Siew,seed; series-a,consumer,Singapore; Southeast Asia,,,early-stage,,SG,,,
inv-giulio-xiloyannis,,Giulio Xiloyannis,pre-seed; seed,media-gaming,Malaysia; Southeast Asia,,,early-stage,,MY,Individual/Angel,,
inv-mask-network,,Mask Network,pre-seed; seed; series-a,web3,Singapore; Southeast Asia,,,early-stage,,SG,Venture Capital,,
inv-jif-capital,,JIF Capital,seed; series-a; series-b,ecommerce,Singapore; Southeast Asia; Malaysia,,,early-stage,,SG,Venture Capital,,
inv-hillhouse-ventures,,Hillhouse Ventures,seed; series-a; series-b,manufacturing; healthtech,Singapore,,,early-stage,,SG,Venture Capital,,
inv-wavemaker-impact,,Wavemaker Impact,pre-seed; seed; series-a,agritech,Singapore; Southeast Asia,,,early-stage,,SG,Venture Capital,,
inv-alba-renewables,,Alba Renewables,,sector-agnostic,Singapore,,,,,SG,,,
inv-x-force-capital,,X-Force capital,seed; series-a,web3; media-gaming,Singapore,,,early-stage,,SG,,,
inv-altcoin-buzz,,Altcoin Buzz,seed,media-gaming; web3,Singapore,,,early-stage,,SG,,contact@altcoinbuzz.io,yes
inv-auristone,,Auristone,,sector-agnostic,Singapore,,,,,SG,,,
inv-mindverse,,Mindverse,,sector-agnostic,Singapore,,,,,SG,,,
inv-chocolate-ventures,,Chocolate Ventures,seed; series-a,logistics,Singapore,,,early-stage,,SG,Venture Capital,,
inv-tetrixx-pte-ltd,,"Tetrixx Pte., Ltd.",,sector-agnostic,Singapore,,,,,SG,,,
inv-ailytics,,Ailytics,,sector-agnostic,Singapore,,,,,SG,,,
inv-altern,,Alternō,,sector-agnostic,Singapore,,,,,SG,,,
inv-flexm,,FlexM,,sector-agnostic,Singapore,,,,,SG,,,
inv-carv,,CARV,seed,web3; deeptech,Singapore,,,early-stage,,SG,,,
inv-satvik-investment-pte-ltd,,SATVIK INVESTMENT PTE LTD,pre-seed; seed,logistics,Southeast Asia; Singapore,,,early-stage,,SG,Micro VC,,
inv-superbench,,Superbench,,sector-agnostic,Singapore,,,,,SG,,,
inv-rising-capital,,Rising Capital,seed,web3,Singapore,,,early-stage,,SG,,,
inv-vena-energy,,Vena Energy,,sector-agnostic,Singapore,,,,,SG,,,
inv-avid3,,Avid3,pre-seed; seed,web3,Singapore,,,early-stage,,SG,Venture Capital,,
inv-getmo,,GetMo,,sector-agnostic,Singapore,,,,,SG,,,
inv-insidersecurity,,InsiderSecurity,,sector-agnostic,Singapore,,,,,SG,,,
inv-frens-syndicate-x-vc-dao,,Frens Syndicate x VC DAO,pre-seed; seed,web3; media-gaming,Singapore,,,early-stage,,SG,Venture Capital,,
inv-morph,,Morph,,sector-agnostic,Singapore,,,,,SG,,cases@morph.vc,
inv-merkle-trade,,Merkle Trade,,sector-agnostic,Singapore,,,,,SG,,,
inv-climate-alpha,,Climate Alpha,,sector-agnostic,Singapore,,,,,SG,,,
inv-hezmedia-interactive,,Hezmedia Interactive,,sector-agnostic,Malaysia,,,,,MY,,,
inv-algobizz-berhad,,Algobizz Berhad,,sector-agnostic,Malaysia,,,,,MY,,,
inv-kamet-capital-partners,,Kamet Capital Partners,series-a; series-c,enterprise-saas; edtech,Singapore,,,growth-capital,,SG,Venture Capital,,
inv-osk-sbi-venture-partners,,OSK-SBI Venture Partners,seed; series-c,ecommerce,Malaysia; Singapore,,,early-stage; growth-capital,,MY,Venture Capital,,
inv-navigate,,Navigate,,sector-agnostic,Singapore,,,,,SG,,,
inv-blink,,Blink,,sector-agnostic,Singapore,,,,,SG,,,
inv-wallet-engine,,Wallet Engine,,sector-agnostic,Singapore,,,,,SG,,,
inv-lionsbot,,Lionsbot,,sector-agnostic,Singapore,,,,,SG,,,
inv-kube-ventures,,Kube Ventures,seed,fintech,Singapore,,,early-stage,,SG,Accelerator,,
inv-infinite-orbits,,Infinite Orbits,,sector-agnostic,Singapore,,,,,SG,,,
inv-blueduck,,Blueduck,,sector-agnostic,Malaysia,,,,,MY,,,
inv-entomal-biotech,,Entomal Biotech,,sector-agnostic,Malaysia,,,,,MY,,,
inv-capsphere,,Capsphere,,sector-agnostic,Malaysia,,,,,MY,,,
inv-metale-protocol,,Metale Protocol,,sector-agnostic,Singapore,,,,,SG,,,
inv-workclass,,Workclass,,sector-agnostic,Singapore,,,,,SG,,,
inv-regask,,RegASK,,sector-agnostic,Singapore,,,,,SG,,,
inv-cripco,,CRIPCO,,sector-agnostic,Singapore,,,,,SG,,,
inv-brandripe,,Brandripe,,sector-agnostic,Malaysia,,,,,MY,,,
inv-moneyyapp,,MoneyyApp,,sector-agnostic,Singapore,,,,,SG,,,
inv-bank-negara-malaysia,,Bank Negara Malaysia,,enterprise-saas; fintech,Malaysia,,,,,MY,Investment Bank,,
inv-du-it,,du-it,,sector-agnostic,Malaysia,,,,,MY,,,
inv-exeverse-labs,,EXEVerse Labs,,sector-agnostic,Singapore,,,,,SG,,,
inv-bitrue,,Bitrue,seed,web3; fintech,Singapore,,,early-stage,,SG,,,
inv-nf3,,NF3,,sector-agnostic,Singapore,,,,,SG,,,
inv-republic-asia,,Republic Asia,pre-seed,sector-agnostic,Singapore,,,early-stage,,SG,,hello@republicasia.co,yes
inv-planet-sandbox,,Planet Sandbox,,sector-agnostic,Singapore,,,,,SG,,,
inv-rsp-architects-planners-engineers,,RSP Architects Planners & Engineers,,sector-agnostic,Singapore,,,,,SG,,,
inv-mobilityx,,mobilityX,,sector-agnostic,Singapore,,,,,SG,,,
inv-voveo-capital,,Voveo Capital,,fintech,Singapore,,,,,SG,Venture Capital,,
inv-plena-finance,,Plena Finance,,sector-agnostic,Singapore,,,,,SG,,,
inv-reitio-protocol,,Reitio Protocol,,sector-agnostic,Singapore,,,,,SG,,,
inv-baasis-id,,BAASIS ID,,sector-agnostic,Singapore,,,,,SG,,,
inv-2dm,,2DM,,sector-agnostic,Singapore,,,,,SG,,,
inv-reclimate,,Reclimate,,sector-agnostic,Singapore,,,,,SG,,,
inv-mayar,,Mayar,,sector-agnostic,Singapore,,,,,SG,,,
inv-kairos-capital-group,,Kairos Capital Group,seed; series-a,web3; agritech,Singapore,,,early-stage,,SG,Family Investment Office,,
inv-safetruck,,SafeTruck,,sector-agnostic,Malaysia,,,,,MY,,,
inv-k-link,,K-LINK,,sector-agnostic,Singapore,,,,,SG,,,
inv-tiw-capital-group,,TIW Capital Group,buyout,sector-agnostic,Singapore,,,growth-capital,,SG,,,
inv-vinci-protocol,,Vinci Protocol,,sector-agnostic,Singapore,,,,,SG,,,
inv-yincubator,,Yincubator,seed,sector-agnostic,Singapore,,,early-stage,,SG,Micro VC,,
inv-7-5-degree,,7.5 Degree,,sector-agnostic,Singapore,,,,,SG,,,
inv-chip-cash-card-coin-handling-integrated-platform,,"CHIP - Cash, Card & Coin Handling Integrated Platform",,sector-agnostic,Malaysia,,,,,MY,,,
inv-gem-xyz,,gem.xyz,,sector-agnostic,Singapore,,,,,SG,,,
inv-novi-health,,NOVI Health,,sector-agnostic,Singapore,,,,,SG,,,
inv-rmdy-clinic,,RMDY Clinic,,sector-agnostic,Singapore,,,,,SG,,,
inv-datalogiq-analytics,,Datalogiq Analytics,,sector-agnostic,Malaysia,,,,,MY,,,
inv-insurecomfree,,InsureComFree,,sector-agnostic,Malaysia,,,,,MY,,,
inv-undeads,,Undeads,pre-seed,media-gaming; web3,Singapore,,,early-stage,,SG,Angel Group,,
inv-pharmint,,PharmInt,,sector-agnostic,Singapore,,,,,SG,,,
inv-lenddoefl,,LenddoEFL,,sector-agnostic,Singapore,,,,,SG,,,
inv-writerzen,,WriterZen,,sector-agnostic,Singapore,,,,,SG,,,
inv-nech-capital,,Nech Capital,series-a,proptech,Singapore,,,,,SG,,,
inv-mogul,,Mogul,,sector-agnostic,Singapore,,,,,SG,,,
inv-ontogenix,,Ontogenix,,sector-agnostic,Singapore,,,,,SG,,,
inv-arcane-group,,Arcane Group,seed; series-a; buyout,web3; media-gaming,Singapore,,,early-stage; growth-capital,,SG,Venture Capital,,
inv-gateway-partners,,Gateway Partners,series-b,fintech; deeptech,Singapore,,,,,SG,Private Equity Firm,,
inv-quadrant,,Quadrant,,sector-agnostic,Singapore,,,,,SG,,,
inv-partior,,Partior,,sector-agnostic,Singapore,,,,,SG,,,
inv-vtvl,,VTVL,,sector-agnostic,Singapore,,,,,SG,,,
inv-goka,,Goka,,sector-agnostic,Singapore,,,,,SG,,,
inv-mhub,,MHub,,sector-agnostic,Malaysia,,,,,MY,,,
inv-speedcargo,,Speedcargo,,sector-agnostic,Singapore,,,,,SG,,,
inv-joni-ai,,Joni.AI,,sector-agnostic,Singapore,,,,,SG,,,
inv-uncommon,,Uncommon,,sector-agnostic,Singapore,,,,,SG,,,
inv-8capita-partners,,8capita Partners,,media-gaming,Singapore,,,,,SG,Venture Capital,,
inv-optimatic-pte-ltd,,Optimatic Pte Ltd,series-a,media-gaming,Singapore; Southeast Asia,,,,,SG,,,
inv-poko-technologies,,Poko Technologies,,sector-agnostic,Singapore,,,,,SG,,,
inv-metaschool,,Metaschool,,sector-agnostic,Singapore,,,,,SG,,,
inv-athena-ventures,,Athena Ventures,pre-seed; seed; series-a,sector-agnostic,Singapore,,,early-stage,,SG,Venture Capital,,
inv-northbrooks-investments,,Northbrooks Investments,series-c,logistics,Singapore,,,growth-capital,,SG,Venture Capital,,
inv-jiovio,,JioVio,,sector-agnostic,Singapore,,,,,SG,,,
inv-polkabridge-ventures,,PolkaBridge Ventures,seed,web3; media-gaming,Singapore,,,early-stage,,SG,Venture Capital,,
inv-hijauan-bengkoka-plantations,,Hijauan Bengkoka Plantations,,sector-agnostic,Malaysia,,,,,MY,,,
inv-lumos-labs,,Lumos Labs,,sector-agnostic,Singapore,,,,,SG,,,
inv-electric-sheep-capital,,Electric Sheep Capital,series-a,enterprise-saas,Singapore,,,,,SG,Venture Capital,,
inv-pulsifi,,Pulsifi,,sector-agnostic,Singapore,,,,,SG,,,
inv-pingsafe,,PingSafe,,sector-agnostic,Singapore,,,,,SG,,,
inv-gcalls,,Gcalls,,sector-agnostic,Singapore,,,,,SG,,,
inv-lawcanvas,,LawCanvas,,sector-agnostic,Singapore,,,,,SG,,,
inv-precisionbit,,PrecisionBit,,sector-agnostic,Singapore,,,,,SG,,,
inv-freightkart,,FreightKart,,sector-agnostic,Singapore,,,,,SG,,,
inv-haftarent,,Haftarent,,sector-agnostic,Malaysia,,,,,MY,,,
inv-winimy,,Winimy,,sector-agnostic,Singapore,,,,,SG,,,
inv-checkit,,CheckIt,,sector-agnostic,Singapore,,,,,SG,,,
inv-aloi,,Aloi,,sector-agnostic,Singapore,,,,,SG,,,
inv-maxsteel,,MaxSteel,seed,ecommerce,Singapore,,,early-stage,,SG,,,
inv-mbanq-labs,,Mbanq Labs,pre-seed; seed,fintech,Singapore,,,early-stage,,SG,Accelerator,,
inv-gamlite,,Gamlite,seed,logistics,Malaysia,,,early-stage,,MY,,,
inv-asia-mobiliti,,Asia Mobiliti,,sector-agnostic,Malaysia,,,,,MY,,,
inv-winacore-capital,,Winacore Capital,seed,fintech,Malaysia,,,early-stage,,MY,Venture Capital,,
inv-bayapay,,BayaPay,,sector-agnostic,Malaysia,,,,,MY,,,
inv-beyond-medical-group,,Beyond Medical Group,,sector-agnostic,Singapore,,,,,SG,,,
inv-rakkar-digital,,Rakkar Digital,,sector-agnostic,Singapore,,,,,SG,,,
inv-stellar-james-management,,Stellar James Management,seed,sector-agnostic,Singapore,,,early-stage,,SG,Private Equity Firm,,
inv-navigate-commodities,,Navigate Commodities,,sector-agnostic,Singapore,,,,,SG,,,
inv-turnkey-group,,Turnkey Group,,sector-agnostic,Singapore,,,,,SG,,,
inv-superscrypt,,Superscrypt,pre-seed; seed; series-a,web3,Singapore,,,early-stage,,SG,Venture Capital,,
inv-aseana-insurance,,Aseana Insurance,,sector-agnostic,Singapore,,,,,SG,,,
inv-awst,,AWST,,sector-agnostic,Singapore,,,,,SG,,,
inv-kyan-therapeutics,,KYAN Therapeutics,,sector-agnostic,Singapore,,,,,SG,,,
inv-bmverse,,BMverse,,sector-agnostic,Singapore,,,,,SG,,,
inv-china-life-insurance,,China Life Insurance,series-a; series-c; buyout,deeptech,Singapore,,,growth-capital,,SG,,,
inv-trransfer,,Trransfer,,sector-agnostic,Singapore,,,,,SG,,,
inv-digital-nasional-berhad,,Digital Nasional Berhad,,sector-agnostic,Malaysia,,,,,MY,,,
inv-scorpio-electric,,Scorpio Electric,,sector-agnostic,Singapore,,,,,SG,,,
inv-tapio-protocol,,Tapio Protocol,,sector-agnostic,Singapore,,,,,SG,,,
inv-personal-data-protection-commission,,Personal Data Protection Commission,seed,web3,Singapore,,,early-stage,,SG,,,
inv-bizverse,,Bizverse,,sector-agnostic,Singapore,,,,,SG,,,
inv-fastjobs,,FastJobs,,sector-agnostic,Singapore,,,,,SG,,,
inv-klikit,,klikit,,sector-agnostic,Singapore,,,,,SG,,,
inv-eastspring-investments,,Eastspring Investments,growth,ecommerce; healthtech,Singapore,,,growth-capital,,SG,Private Equity Firm,unittrusts.query.sg@eastspring.com,
inv-eqonex-group,,EQONEX Group,,sector-agnostic,Singapore,,,,,SG,,,
inv-singene,,SinGene,,sector-agnostic,Singapore,,,,,SG,,,
inv-braintree-technologies,,Braintree Technologies,,sector-agnostic,Malaysia,,,,,MY,,,
inv-seadling,,Seadling,,sector-agnostic,Malaysia,,,,,MY,,,
inv-workforce-optimizer,,Workforce Optimizer,,sector-agnostic,Singapore,,,,,SG,,,
inv-teorra,,TEORRA,,sector-agnostic,Singapore,,,,,SG,,,
inv-rumah-group,,Rumah Group,seed,consumer; climatetech,Southeast Asia; Singapore,,,early-stage,,SG,,,
inv-temasek-life-sciences-accelerator,,Temasek Life Sciences Accelerator,seed,healthtech; consumer,Southeast Asia; Singapore,,,early-stage,,SG,Accelerator,,
inv-goldbell-financial-services,,Goldbell Financial Services,pre-seed; seed,enterprise-saas; ecommerce,Singapore,,,early-stage,,SG,,+6568610007,yes
inv-edupops,,Edupops,,sector-agnostic,Singapore,,,,,SG,,,
inv-sellerlot,,SellerLot,,sector-agnostic,Singapore,,,,,SG,,,
inv-found-seek,,Found&Seek,,sector-agnostic,Singapore,,,,,SG,,,
inv-taskulu,,Taskulu,,sector-agnostic,Singapore,,,,,SG,,,
inv-star-360,,STAR 360,,sector-agnostic,Singapore,,,,,SG,,,
inv-cse-global,,Cse Global,,sector-agnostic,Singapore,,,,,SG,,,
inv-focus-network-agencies,,Focus Network Agencies,,sector-agnostic,Singapore,,,,,SG,,,
inv-hpry-ventures,,HPRY Ventures,seed,fintech,Singapore; Malaysia,,,early-stage,,SG,Venture Capital,contact@hpry.vc,yes
inv-inery,,Inery,,sector-agnostic,Singapore,,,,,SG,,,
inv-superhedge,,SuperHedge,,sector-agnostic,Singapore,,,,,SG,,,
inv-luminor-financial,,Luminor Financial,seed,sector-agnostic,Singapore; Southeast Asia,,,early-stage,,SG,,,
inv-conflux-network,,Conflux Network,pre-seed; seed,web3,Singapore,,,early-stage,,SG,,,
inv-autify-network,,Autify Network,,sector-agnostic,Singapore,,,,,SG,,,
inv-polaris,,Polaris,,fintech,Singapore,,,,,SG,Venture Debt,,
inv-3b-ventures,,3B Ventures,series-a,healthtech,Malaysia,,,,,MY,Venture Capital,,
inv-haru-invest,,Haru Invest,series-a,sector-agnostic,Singapore,,,,,SG,,,
inv-kallfly,,Kallfly,,sector-agnostic,Singapore,,,,,SG,,,
inv-vci-global,,VCI Global,seed; series-c,fintech,Malaysia,,,early-stage; growth-capital,,MY,Venture Capital,,
inv-flexos,,FlexOS,,sector-agnostic,Singapore,,,,,SG,,,
inv-social-weaver-pte-ltd,,Social Weaver Pte Ltd,,sector-agnostic,Singapore,,,,,SG,,,
inv-rec-group,,REC Group,,sector-agnostic,Singapore,,,,,SG,Venture Capital,,
inv-vitality-foods,,Vitality Foods,,sector-agnostic,Singapore,,,,,SG,,,
inv-krystal,,Krystal,seed,media-gaming; web3,Singapore; Southeast Asia,,,early-stage,,SG,,,
inv-fota-fight-of-the-ages,,FOTA-Fight Of The Ages,,sector-agnostic,Singapore,,,,,SG,,,
inv-metaloka,,MetaLoka,,sector-agnostic,Singapore,,,,,SG,,,
inv-dakko,,Dakko,,sector-agnostic,Singapore,,,,,SG,,,
inv-uvm-2-venture-investments,,UVM 2 Venture Investments,series-a,ecommerce; consumer,Southeast Asia; Singapore,,,,,SG,,,
inv-stayr,,Stayr,,sector-agnostic,Singapore,,,,,SG,,,
inv-ink-finance,,Ink Finance,,sector-agnostic,Singapore,,,,,SG,,,
inv-verifyvasp,,VerifyVASP,seed,web3,Singapore,,,early-stage,,SG,,,
inv-starboard,,Starboard,,sector-agnostic,Singapore,,,,,SG,,,
inv-ovvy,,OVVY,,sector-agnostic,Singapore,,,,,SG,,,
inv-ento,,ento,,sector-agnostic,Malaysia,,,,,MY,,,
inv-nuguru,,Nuguru,seed,healthtech,Singapore,,,early-stage,,SG,,,
inv-moom-health,,Moom Health,,sector-agnostic,Singapore,,,,,SG,,,
inv-panthera-growth-partners,,Panthera Growth Partners,series-b; series-c,ecommerce; manufacturing,Singapore,,,growth-capital,,SG,Venture Capital,,
inv-gurulab,,Gurulab,,sector-agnostic,Malaysia,,,,,MY,,,
inv-giosis,,Giosis,,sector-agnostic,Singapore,,,,,SG,,,
inv-playground,,Playground,,sector-agnostic,Singapore,,,,,SG,,,
inv-trikl-technologies,,Trikl Technologies,,sector-agnostic,Singapore,,,,,SG,,,
inv-morfyus-league,,Morfyus League,,sector-agnostic,Singapore,,,,,SG,,,
inv-knn3-network,,KNN3 Network,,sector-agnostic,Singapore,,,,,SG,,,
inv-cloud-alliance,,Cloud Alliance,,sector-agnostic,Singapore,,,,,SG,,,
inv-oh-finance,,Oh! Finance,,sector-agnostic,Singapore,,,,,SG,,,
inv-spark-education-group,,Spark Education Group,,sector-agnostic,Singapore,,,,,SG,,,
inv-ofi,,ofi,series-a,consumer; deeptech,Singapore,,,,,SG,,,
inv-biogenes-technologies,,BioGenes Technologies,,sector-agnostic,Malaysia,,,,,MY,,,
inv-wizly,,Wizly,,sector-agnostic,Singapore,,,,,SG,,,
inv-orion-capital-asia,,Orion Capital Asia,,consumer,Singapore; Southeast Asia,,,,,SG,,,
inv-polymerize,,Polymerize,,sector-agnostic,Singapore,,,,,SG,,,
inv-apsara-investments,,Apsara Investments,seed,climatetech,Singapore,,,early-stage,,SG,Venture Capital,,
inv-octowill-inc,,Octowill Inc,,sector-agnostic,Singapore,,,,,SG,,,
inv-apeiron-bioenergy,,Apeiron Bioenergy,,sector-agnostic,Singapore,,,,,SG,,,
inv-oobit,,Oobit,,sector-agnostic,Singapore,,,,,SG,,,
inv-lofi,,LoFi,,sector-agnostic,Singapore,,,,,SG,,,
inv-knight-fintech,,Knight FinTech,,sector-agnostic,Singapore,,,,,SG,,,
inv-wastex,,WasteX,,sector-agnostic,Singapore,,,,,SG,,,
inv-quantified-energy-labs,,Quantified Energy Labs,,sector-agnostic,Singapore,,,,,SG,,,
inv-keppel-infrastructure-trust,,Keppel Infrastructure Trust,,sector-agnostic,Singapore,,,,,SG,,,
inv-pierfront-capital,,Pierfront Capital,,sector-agnostic,Singapore,,,,,SG,,,
inv-keppel-asia-infrastructure-fund,,Keppel Asia Infrastructure Fund,buyout,climatetech,Singapore,,,growth-capital,,SG,Venture Capital,,
inv-keppel-infrastructure-holdings-pte-ltd,,Keppel Infrastructure Holdings Pte Ltd,buyout,climatetech,Singapore,,,growth-capital,,SG,,,
inv-800-super-holdings,,800 Super Holdings,,sector-agnostic,Singapore,,,,,SG,,,
inv-kfc-ventures,,KFC Ventures,series-a,sector-agnostic,Singapore,,,,,SG,,,
inv-avium,,Avium,,sector-agnostic,Singapore,,,,,SG,,,
inv-banco,,banco,,sector-agnostic,Singapore,,,,,SG,,,
inv-international-payments-identity-ipid,,International Payments Identity(IPiD),,sector-agnostic,Singapore,,,,,SG,,,
inv-meson,,Meson,,sector-agnostic,Singapore,,,,,SG,,,
inv-jackett,,Jackett,,sector-agnostic,Singapore,,,,,SG,,,
inv-silence-laboratories,,Silence laboratories,,sector-agnostic,Singapore,,,,,SG,,,
inv-chocolate-finance,,Chocolate Finance,,sector-agnostic,Singapore,,,,,SG,,,
inv-safeheron,,Safeheron,,sector-agnostic,Singapore,,,,,SG,,,
inv-solanafm,,SolanaFM,seed,web3; deeptech,Singapore,,,early-stage,,SG,,,
inv-graas,,Graas,,sector-agnostic,Singapore,,,,,SG,,,
inv-re-cast-ai,,Re:cast AI,,sector-agnostic,Singapore,,,,,SG,,,
inv-qwork-my,,Qwork.my,,sector-agnostic,Malaysia,,,,,MY,,,
inv-mountain-sea-world,,Mountain Sea World,,sector-agnostic,Singapore,,,,,SG,,,
inv-sabr-capital,,Sabr Capital,pre-seed; seed; series-a,enterprise-saas; ecommerce; fintech,Singapore,,,early-stage,,SG,Venture Capital,,
inv-digifinex,,DigiFinex,pre-seed; seed,web3; fintech,Singapore,,,early-stage,,SG,,support@digifinex.com,yes
inv-frame-motion-studio,,Frame Motion Studio,,sector-agnostic,Malaysia,,,,,MY,,,
inv-comeby,,ComeBy,,sector-agnostic,Malaysia,,,,,MY,,,
inv-check-me-finance,,Check Me Finance,,sector-agnostic,Singapore,,,,,SG,,,
inv-bantu-life,,bantu.life,,sector-agnostic,Singapore,,,,,SG,,,
inv-damson-capital,,Damson Capital,pre-seed; seed,logistics; manufacturing,Southeast Asia; Singapore,,,early-stage,,SG,,,
inv-simplygood,,SimplyGood,,sector-agnostic,Singapore,,,,,SG,,,
inv-xcelerate,,Xcelerate,,sector-agnostic,Singapore,,,,,SG,,,
inv-credevia,,Credevia,,sector-agnostic,Singapore,,,,,SG,,,
inv-pible,,Pible,,sector-agnostic,Singapore,,,,,SG,,,
inv-1digitalstack,,1DigitalStack,,sector-agnostic,Singapore,,,,,SG,,,
inv-emissary-capital,,Emissary Capital,seed; growth,proptech; consumer; ecommerce,Malaysia; Singapore,,,early-stage; growth-capital,,MY,,,
inv-common-ground,,Common Ground,,sector-agnostic,Malaysia,,,,,MY,,,
inv-mbd-financials,,MBD Financials,,sector-agnostic,Singapore,,,,,SG,,,
inv-handshakes,,Handshakes,,sector-agnostic,Singapore,,,,,SG,,,
inv-buidlerstribe,,BuidlersTribe,,sector-agnostic,Singapore,,,,,SG,,,
inv-boldly-app,,Boldly App,,sector-agnostic,Singapore,,,,,SG,,,
inv-singapore-bio-innovations,,Singapore Bio-Innovations,growth,healthtech,Singapore,,,growth-capital,,SG,Venture Capital,,
inv-spiderville,,SpiderVille,,sector-agnostic,Singapore,,,,,SG,,,
inv-tune-group,,Tune Group,seed,sector-agnostic,Malaysia,,,early-stage,,MY,,,
inv-tune-protect,,Tune Protect,,sector-agnostic,Malaysia,,,,,MY,,,
inv-real-education-group-sdn-bhd,,Real Education Group Sdn Bhd,,sector-agnostic,Malaysia,,,,,MY,,,
inv-touch-n-go,,Touch n Go,,fintech,Malaysia,,,,,MY,,,
inv-y-ventures-group,,Y Ventures Group,,sector-agnostic,Singapore,,,,,SG,,,
inv-cognalearn-pte-ltd,,CognaLearn Pte Ltd,,sector-agnostic,Singapore,,,,,SG,,,
inv-sparks-energy-group,,Sparks Energy Group,,sector-agnostic,Malaysia,,,,,MY,,,
inv-dream-project-incubators,,Dream Project Incubators,series-b; series-c,sector-agnostic,Singapore,,,growth-capital,,SG,Incubator,,
inv-true-platform,,True Platform,,sector-agnostic,Singapore,,,,,SG,,,
inv-microlight-sensors,,Microlight Sensors,,sector-agnostic,Singapore,,,,,SG,,,
inv-prism,,PRISM+,,sector-agnostic,Singapore,,,,,SG,,,
inv-evo,,Evo,,sector-agnostic,Singapore,,,,,SG,,,
inv-mozaik-capital,,Mozaik Capital,pre-seed; seed,web3; deeptech,Singapore,,,early-stage,,SG,Private Equity Firm,,
inv-t3e,,T3E,seed,media-gaming; fintech,Singapore,,,early-stage,,SG,,sales@t3e.com,
inv-icmg-partners,,ICMG Partners,seed; series-a,sector-agnostic,Southeast Asia; Singapore,,,early-stage,,SG,Venture Capital,,
inv-urban-farm-tech,,Urban farm tech,,sector-agnostic,Malaysia,,,,,MY,,,
inv-favoriot,,FAVORIOT,,sector-agnostic,Malaysia,,,,,MY,,,
inv-helloworld-robotics,,HelloWorld Robotics,,sector-agnostic,Malaysia,,,,,MY,,,
inv-robopreneur,,Robopreneur,,sector-agnostic,Malaysia,,,,,MY,,,
inv-great-south-gate,,Great South Gate,pre-seed; seed; series-a,media-gaming; web3,Singapore,,,early-stage,,SG,,,
inv-compport,,Compport,,sector-agnostic,Singapore,,,,,SG,,,
inv-bthub,,Bthub,,sector-agnostic,Singapore,,,,,SG,,,
inv-innovation-partners-capital,,Innovation Partners Capital,,sector-agnostic,Singapore,,,,,SG,,,
inv-smart-audit,,Smart Audit,,sector-agnostic,Singapore,,,,,SG,,,
inv-unobank,,UNObank,,sector-agnostic,Singapore,,,,,SG,,,
inv-reneum-labs,,Reneum Labs,,sector-agnostic,Singapore,,,,,SG,,,
inv-tripvillas,,TripVillas,,sector-agnostic,Singapore,,,,,SG,,,
inv-sai-tech,,SAI.TECH,,sector-agnostic,Singapore,,,,,SG,,,
inv-peak-capital,,Peak Capital,pre-seed; series-a,web3; fintech,Singapore,,,early-stage,,SG,Venture Capital,,
inv-betafi,,Betafi,,sector-agnostic,Singapore,,,,,SG,,,
inv-drip-ai,,Drip.ai,,sector-agnostic,Singapore,,,,,SG,,,
inv-healthbeats,,HealthBeats,,sector-agnostic,Singapore,,,,,SG,,,
inv-xion-finance,,Xion Finance,,sector-agnostic,Singapore,,,,,SG,,,
inv-yiedl,,Yiedl,,sector-agnostic,Singapore,,,,,SG,,,
inv-rayn,,Rayn,pre-seed; seed,consumer,Singapore,,,early-stage,,SG,,,
inv-orbit-markets,,OrBit Markets,,sector-agnostic,Singapore,,,,,SG,,,
inv-flexbase-international,,FlexBase International,,sector-agnostic,Singapore,,,,,SG,,,
inv-omni-hr,,Omni HR,,sector-agnostic,Singapore,,,,,SG,,,
inv-getz-group,,Getz Group,,sector-agnostic,Singapore,,,,,SG,,,
inv-smart-ship-hub,,Smart Ship Hub,,sector-agnostic,Singapore,,,,,SG,,,
inv-halcyon-agri,,Halcyon Agri,series-a,ecommerce; agritech,Singapore,,,,,SG,,,
inv-heveaconnect,,HeveaConnect,,sector-agnostic,Singapore,,,,,SG,,,
inv-bluejay-finance,,Bluejay Finance,,sector-agnostic,Singapore,,,,,SG,,,
inv-ahrefs,,Ahrefs,,sector-agnostic,Singapore,,,,,SG,,,
inv-globe-teleservices,,Globe Teleservices,,sector-agnostic,Singapore,,,,,SG,,info@globeteleservices.com,yes
inv-safeguard-real-estate-management,,SafeGuard Real Estate Management,seed,fintech; ecommerce; proptech,Singapore,,,early-stage,,SG,Private Equity Firm,,
inv-safere,,SafeRE,,sector-agnostic,Singapore,,,,,SG,,,
inv-game-space,,Game Space,,sector-agnostic,Singapore,,,,,SG,,,
inv-chainbase,,Chainbase,,sector-agnostic,Singapore,,,,,SG,,,
inv-upclub,,Upclub,,sector-agnostic,Singapore,,,,,SG,,,
inv-navis-capital-partners,,Navis Capital Partners,series-a; buyout,healthtech,Singapore; Malaysia; Southeast Asia,,,growth-capital,,MY,Private Equity Firm,,
inv-fermion,,Fermion,seed,fintech; ecommerce,Singapore,,,early-stage,,SG,,,
inv-ancileo,,Ancileo,,sector-agnostic,Singapore,,,,,SG,,,
inv-rubix-networks,,RubiX Networks,,sector-agnostic,Singapore,,,,,SG,,,
inv-oncoshot,,Oncoshot,,sector-agnostic,Singapore,,,,,SG,,,
inv-bugbase,,BugBase,,sector-agnostic,Singapore,,,,,SG,,,
inv-finquest,,Finquest,,sector-agnostic,Singapore,,,,,SG,,,
inv-powercred,,PowerCred,,sector-agnostic,Singapore,,,,,SG,,,
inv-finture,,Finture,,sector-agnostic,Singapore,,,,,SG,,,
inv-unifra-network,,Unifra Network,,sector-agnostic,Singapore,,,,,SG,,,
inv-nodereal,,NodeReal,,sector-agnostic,Singapore,,,,,SG,,,
inv-umobile,,uMobile,,sector-agnostic,Malaysia,,,,,MY,,,
inv-stampede-solution,,Stampede Solution,,sector-agnostic,Malaysia,,,,,MY,,,
inv-mytukar-com,,myTukar.com,,sector-agnostic,Malaysia,,,,,MY,,,
inv-airfrov,,Airfrov,,sector-agnostic,Singapore,,,,,SG,,,
inv-gaiax-global-marketing-ventures,,Gaiax Global Marketing & Ventures,series-a,sector-agnostic,Singapore,,,,,SG,Venture Capital,,
inv-softpay-mobile,,SoftPay Mobile,,sector-agnostic,Singapore,,,,,SG,,,
inv-universiti-sains-malaysia,,Universiti Sains Malaysia,,sector-agnostic,Malaysia,,,,,MY,,,
inv-esp-capital,,ESP Capital,seed,consumer; healthtech,Singapore; Southeast Asia,,,early-stage,,SG,Venture Capital,,
inv-sil-finance,,SIL Finance,,sector-agnostic,Singapore,,,,,SG,,,
inv-asia-bioenergy-technologies-berhad,,Asia Bioenergy Technologies Berhad,,sector-agnostic,Malaysia,,,,,MY,,,
inv-bake-with-yen,,Bake With Yen,,sector-agnostic,Malaysia,,,,,MY,,,
inv-lighthouse-canton,,Lighthouse Canton,seed; series-a,enterprise-saas,Singapore,,,early-stage,,SG,Venture Capital,info@lighthouse-canton.com,yes
inv-shuttle-one,,Shuttle One,,sector-agnostic,Singapore,,,,,SG,,,
inv-sirius-venture-capital,,Sirius Venture Capital,seed,agritech,Singapore,,,early-stage,,SG,Venture Capital,,
inv-gumi-asia,,gumi Asia,,sector-agnostic,Singapore,,,,,SG,,,
inv-astro-malaysia-holdings-berhad,,Astro Malaysia Holdings Berhad,,sector-agnostic,Malaysia,,,,,MY,,,
inv-insect-feed-technologies,,Insect Feed Technologies,,sector-agnostic,Singapore,,,,,SG,,,
inv-for-the-love-of-laundry,,For the Love of Laundry,,sector-agnostic,Singapore,,,,,SG,,,
inv-aym-design,,Aym Design,,sector-agnostic,Singapore,,,,,SG,,,
inv-nexassure-group,,NexAssure Group,,sector-agnostic,Singapore,,,,,SG,,,
inv-atlas-navi,,Atlas Navi,,sector-agnostic,Singapore,,,,,SG,,,
inv-altlayer,,AltLayer,seed,web3,Singapore,,,early-stage,,SG,,,
inv-peakflo,,Peakflo,,sector-agnostic,Singapore,,,,,SG,,,
inv-agoda,,Agoda,,sector-agnostic,Singapore,,,,,SG,,,
inv-blue-incube-ventures,,Blue InCube Ventures,pre-seed; seed,deeptech; healthtech,Singapore,,,early-stage,,SG,Venture Capital,,
inv-zuno-carbon,,Zuno Carbon,,sector-agnostic,Singapore,,,,,SG,,,
inv-whip-mobility,,WHIP Mobility,,sector-agnostic,Malaysia,,,,,MY,,,
inv-education-in-motion,,Education in Motion,seed,edtech,Singapore,,,early-stage,,SG,,,
inv-orgtomic,,Orgtomic,,sector-agnostic,Malaysia,,,,,MY,,,
inv-gdex-metaverse,,GDEX Metaverse,,sector-agnostic,Singapore,,,,,SG,,,
inv-link-classroom-by-learngram-ai,,Link Classroom (by Learngram.ai),,sector-agnostic,Singapore,,,,,SG,,,
inv-kosmo,,Kosmo,,sector-agnostic,Singapore,,,,,SG,,,
inv-hav,,hav.,,sector-agnostic,Singapore,,,,,SG,,,
inv-tictag,,Tictag,,sector-agnostic,Singapore,,,,,SG,,,
inv-groverpay,,GroverPay,,fintech,Singapore,,,,,SG,,,
inv-getpaid,,GetPaid,,sector-agnostic,Singapore,,,,,SG,,,
inv-se-cure-waste-management,,Se-cure Waste Management,seed,climatetech; manufacturing,Singapore,,,early-stage,,SG,,,
inv-neu-battery-materials,,NEU Battery Materials,,sector-agnostic,Singapore,,,,,SG,,,
inv-gk-goh-financial-services,,GK Goh Financial Services,series-a,consumer; healthtech,Singapore,,,,,SG,,,
inv-amili,,AMILI,,sector-agnostic,Singapore,,,,,SG,,,
inv-falcon-house-partners,,Falcon House Partners,series-b,logistics; ecommerce,Singapore; Southeast Asia,,,,,SG,Private Equity Firm,+6567354135,yes
inv-treatsure,,treatsure,,sector-agnostic,Singapore,,,,,SG,,,
inv-blockpour,,Blockpour,,sector-agnostic,Singapore,,,,,SG,,,
inv-soundeye,,SoundEye,,sector-agnostic,Singapore,,,,,SG,,,
inv-gift-ed,,GIFT.ed,,sector-agnostic,Malaysia,,,,,MY,,,
inv-the-scale-factory,,The Scale Factory,,sector-agnostic,Singapore,,,,,SG,,,
inv-mq-technology,,MQ Technology,,web3,Malaysia,,,,,MY,,,
inv-coinvestor,,Coinvestor,,web3; deeptech,Singapore,,,,,SG,,,
inv-singapore-post,,Singapore Post,,consumer; ecommerce,Singapore,,,,,SG,,,
inv-6degrees,,6degrees,,sector-agnostic,Singapore,,,,,SG,,,
inv-citystate-group,,Citystate Group,pre-seed,fintech,Singapore,,,early-stage,,SG,,,
inv-capital-c-corporation,,Capital C Corporation,,sector-agnostic,Singapore,,,,,SG,,,
inv-omnistream,,Omnistream,,sector-agnostic,Singapore,,,,,SG,,,
inv-symphony-international-holdings,,Symphony International Holdings,seed; series-a,logistics; enterprise-saas; climatetech,Southeast Asia; Singapore,,,early-stage,,SG,Venture Capital,,
inv-civils-ai,,Civils.ai,,sector-agnostic,Singapore,,,,,SG,,,
inv-bridgetower-capital,,BridgeTower Capital,seed,web3,Singapore,,,early-stage,,SG,,,
inv-ekornes,,Ekornes,,sector-agnostic,Singapore,,,,,SG,,,
inv-relictum-pro,,Relictum Pro,,sector-agnostic,Singapore,,,,,SG,,,
inv-gshopper,,Gshopper,,sector-agnostic,Singapore,,,,,SG,,,
inv-npx-point-avenue,,NPX Point Avenue,,sector-agnostic,Singapore,,,,,SG,,,
inv-terraview,,Terraview,,sector-agnostic,Singapore,,,,,SG,,,
inv-playdex,,Playdex,,sector-agnostic,Singapore,,,,,SG,,,
inv-univers,,Univers,,sector-agnostic,Singapore,,,,,SG,,,
inv-liminal-custody,,Liminal Custody,,sector-agnostic,Singapore,,,,,SG,,,
inv-hyperion-labs-sdn-bhd,,Hyperion Labs Sdn. Bhd.,,sector-agnostic,Malaysia,,,,,MY,,,
inv-pilgrim-partners-asia,,Pilgrim Partners Asia,series-a,consumer,Singapore,,,,,SG,,enquiry@pilgrimpartnersasia.com,yes
inv-eastern-pacific-shipping,,Eastern Pacific Shipping,seed,logistics; climatetech,Singapore,,,early-stage,,SG,,,
inv-unravel-carbon,,Unravel Carbon,,sector-agnostic,Singapore,,,,,SG,,,
inv-lys-energy,,LYS Energy,,sector-agnostic,Singapore,,,,,SG,,,
inv-privyr,,Privyr,,sector-agnostic,Singapore,,,,,SG,,,
inv-xodbox,,Xodbox,,sector-agnostic,Singapore,,,,,SG,,,
inv-monsoon,,Monsoon,,sector-agnostic,Singapore,,,,,SG,,,
inv-ds-legends-pte-ltd,,DS Legends Pte Ltd,,sector-agnostic,Singapore,,,,,SG,,,
inv-voyage-finance,,Voyage Finance,,sector-agnostic,Singapore,,,,,SG,,,
inv-may-social,,May.Social,,sector-agnostic,Singapore,,,,,SG,,,
inv-rb-associates,,RB Associates,seed,sector-agnostic,Singapore,,,early-stage,,SG,Venture Capital,,
inv-eureka-robotics,,Eureka Robotics,,sector-agnostic,Singapore,,,,,SG,,,
inv-trinity-innovation-bioventure-singapore,,Trinity Innovation Bioventure Singapore,seed,healthtech,Singapore,,,early-stage,,SG,Venture Capital,,
inv-axcynsis-therapeutics,,Axcynsis Therapeutics,,sector-agnostic,Singapore,,,,,SG,,,
inv-dekko-isho-technologies-ltd-ditech,,Dekko Isho Technologies Ltd. (DITECH),pre-seed,enterprise-saas; media-gaming,Singapore,,,early-stage,,SG,Venture Capital,,
inv-koinbasket,,Koinbasket,,sector-agnostic,Singapore,,,,,SG,,,
inv-amaya-ventures,,Amaya Ventures,seed; series-a,fintech,Singapore,,,early-stage,,SG,,,
inv-neso-brands,,Neso Brands,,ecommerce,Singapore,,,,,SG,,,
inv-touch,,Touché,,sector-agnostic,Singapore,,,,,SG,,,
inv-gate-ventures,,Gate Ventures,seed; series-a,web3; fintech,Singapore,,,early-stage,,SG,Venture Capital,,
inv-ephesus-united,,Ephesus United,series-a,fintech; ecommerce,Singapore,,,,,SG,,,
inv-soyaka-ai,,Soyaka AI,,sector-agnostic,Singapore,,,,,SG,,,
inv-samudai,,Samudai,,sector-agnostic,Singapore,,,,,SG,,,
inv-our-happy-company,,Our Happy Company,,sector-agnostic,Singapore,,,,,SG,,,
inv-starrynift,,StarryNift,,sector-agnostic,Singapore,,,,,SG,,,
inv-rvac-medicines,,RVAC Medicines,,sector-agnostic,Singapore,,,,,SG,,,
inv-agbuild,,AGBuild,pre-seed; seed; series-a,web3,Singapore,,,early-stage,,SG,Venture Capital,,
inv-sender-wallet,,Sender Wallet,,sector-agnostic,Singapore,,,,,SG,,,
inv-swipey,,SWIPEY,,sector-agnostic,Singapore,,,,,SG,,,
inv-kindrick-partners,,Kindrick Partners,seed,fintech,Singapore,,,early-stage,,SG,,,
inv-ascend-now,,Ascend Now,,sector-agnostic,Singapore,,,,,SG,,,
inv-grow-agrifoodtech-accelerator,,GROW Agrifoodtech Accelerator,pre-seed; seed; series-a,healthtech; consumer; agritech,Malaysia; Southeast Asia; Singapore,,,early-stage,,SG,Accelerator,,
inv-thehousemonk,,TheHouseMonk,,sector-agnostic,Singapore,,,,,SG,,,
inv-totm-technologies,,TOTM Technologies,series-a,deeptech,Singapore,,,,,SG,,sales@totmtechnologies.com,
inv-prot-g-ventures,,Protégé Ventures,pre-seed; seed,deeptech; enterprise-saas,Singapore,,,early-stage,,SG,,,
inv-exabytes,,Exabytes,,sector-agnostic,Malaysia,,,,,MY,,,
inv-couper-pte-ltd,,Couper Pte Ltd,,sector-agnostic,Singapore,,,,,SG,,,
inv-aligned-biz,,Aligned Biz,,sector-agnostic,Singapore,,,,,SG,,,
inv-play-future-fund,,Play Future Fund,seed,web3; media-gaming,Singapore,,,early-stage,,SG,Venture Capital,,
inv-ifs-capital,,IFS Capital,seed,fintech,Singapore,,,early-stage,,SG,Venture Capital,,
inv-payd,,Payd,,sector-agnostic,Singapore,,,,,SG,,,
inv-circular,,Circular,,sector-agnostic,Singapore,,,,,SG,,,
inv-boxgreen,,BoxGreen,,sector-agnostic,Singapore,,,,,SG,,,
inv-novocall,,Novocall,,sector-agnostic,Singapore,,,,,SG,,,
inv-tutopiya,,Tutopiya,,sector-agnostic,Singapore,,,,,SG,,,
inv-equis,,Equis,,sector-agnostic,Singapore,,,,,SG,,,
inv-the-nurturing-co,,The Nurturing Co,,sector-agnostic,Singapore,,,,,SG,,,
inv-skibre,,Skibre,,sector-agnostic,Singapore,,,,,SG,,,
inv-dragasac-limited,,Dragasac Limited,growth,healthtech,Malaysia,,,growth-capital,,MY,,,
inv-can,,CAN,,sector-agnostic,Singapore,,,,,SG,,,
inv-jomparkir-sdn-bhd,,JomParkir Sdn Bhd,,sector-agnostic,Malaysia,,,,,MY,,,
inv-digital-commerce-intelligence,,Digital Commerce Intelligence,,sector-agnostic,Singapore,,,,,SG,,,
inv-credlix,,Credlix,,sector-agnostic,Singapore,,,,,SG,,,
inv-paradise-group,,Paradise Group,,sector-agnostic,Singapore,,,,,SG,,,
inv-lco-creation-pte-ltd,,LCO-CREATION PTE.LTD.,,sector-agnostic,Singapore,,,,,SG,,,
inv-fl-ventures,,FL Ventures,seed,agritech; healthtech; climatetech,Singapore,,,early-stage,,SG,Venture Capital,,
inv-bigpay,,BigPay,,sector-agnostic,Singapore,,,,,SG,,,
inv-hello-world,,Hello world,,sector-agnostic,Singapore,,,,,SG,,,
inv-ai-communis,,AI Communis,,sector-agnostic,Singapore,,,,,SG,,,
inv-jumper-ai,,Jumper.ai,,sector-agnostic,Singapore,,,,,SG,,,
inv-triple-a,,Triple-A,,fintech,Singapore,,,,,SG,,dk@triple.capital,
inv-yifeng-investment,,Yifeng Investment,series-a; growth,healthtech; media-gaming,Singapore,,,growth-capital,,SG,,,
inv-dessmann,,Dessmann,,sector-agnostic,Singapore,,,,,SG,,,
inv-asia-capital-re,,Asia Capital Re,,sector-agnostic,Singapore,,,,,SG,,,
inv-onlyou,,Onlyou,,sector-agnostic,Malaysia,,,,,MY,,,
inv-whatshalal,,WhatsHalal,,sector-agnostic,Singapore,,,,,SG,,,
inv-sgcarmart,,SgCarMart,,sector-agnostic,Singapore,,,,,SG,,,
inv-limestone-network,,Limestone Network,,sector-agnostic,Singapore,,,,,SG,,,
inv-trames,,TraMes,,sector-agnostic,Singapore,,,,,SG,,,
inv-chainstack,,Chainstack,,sector-agnostic,Singapore,,,,,SG,,,
inv-veritag,,Veritag,,sector-agnostic,Singapore,,,,,SG,,,
inv-sign-net,,Sign.net,,sector-agnostic,Singapore,,,,,SG,,,
inv-chektec,,Chektec,,sector-agnostic,Singapore,,,,,SG,,,
inv-fomo-pay,,FOMO Pay,,sector-agnostic,Singapore,,,,,SG,,,
inv-evercomm,,Evercomm,,sector-agnostic,Singapore,,,,,SG,,,
inv-navozyme,,Navozyme,,sector-agnostic,Singapore,,,,,SG,,,
inv-littlemore-innovation-labs,,Littlemore Innovation Labs,,sector-agnostic,Singapore,,,,,SG,,,
inv-drive-sg,,Drive.SG,,sector-agnostic,Singapore,,,,,SG,,,
inv-staple,,Staple,,sector-agnostic,Singapore,,,,,SG,,,
inv-ezyhaul,,Ezyhaul,,logistics,Singapore,,,,,SG,,,
inv-summit-power-international-ltd,,Summit Power International Ltd.,,sector-agnostic,Singapore,,,,,SG,,,
inv-eleos-web,,Eleos Web,,sector-agnostic,Singapore,,,,,SG,,,
inv-ecosystm,,Ecosystm,,sector-agnostic,Singapore,,,,,SG,,,
inv-kura-kura,,Kura Kura,,sector-agnostic,Singapore,,,,,SG,,,
inv-extream-ventures,,Extream Ventures,series-a,fintech,Singapore,,,,,SG,Venture Capital,,
inv-adatos-a-i,,Adatos A.I,,sector-agnostic,Singapore,,,,,SG,,,
inv-ethixbase360,,Ethixbase360,,sector-agnostic,Singapore,,,,,SG,,,
inv-opendna,,OpenDNA,,sector-agnostic,Singapore,,,,,SG,,,
inv-cloud4all,,Cloud4All,,sector-agnostic,Singapore,,,,,SG,,,
inv-yomi-games,,Yomi Games,,sector-agnostic,Singapore,,,,,SG,,,
inv-plover-trip,,Plover Trip,,sector-agnostic,Singapore,,,,,SG,,,
inv-insr-tech,,INSR.tech,,sector-agnostic,Singapore,,,,,SG,,,
inv-startup-jobs,,Startup Jobs,,sector-agnostic,Singapore,,,,,SG,,,
inv-sengenics,,Sengenics,,sector-agnostic,Singapore,,,,,SG,,,
inv-smplrspace,,Smplrspace,,sector-agnostic,Singapore,,,,,SG,,,
inv-puffer-ventures,,Puffer Ventures,seed,fintech,Singapore,,,early-stage,,SG,Venture Capital,,
inv-bitget,,Bitget,seed; series-a,web3,Singapore,,,early-stage,,SG,,,
inv-ordinary-folk,,Ordinary Folk,,sector-agnostic,Singapore,,,,,SG,,,
inv-novo-tellus-capital-partners,,Novo Tellus Capital Partners,series-c; growth; buyout,manufacturing; healthtech,Singapore,,,growth-capital,,SG,Private Equity Firm,,
inv-gero,,Gero,,sector-agnostic,Singapore,,,,,SG,,,
inv-learning-loop,,Learning Loop,,sector-agnostic,Singapore,,,,,SG,,,
inv-sudohero,,sudoHERO,,sector-agnostic,Singapore,,,,,SG,,,
inv-financial-link,,Financial Link,series-a,fintech,Malaysia,,,,,MY,,,
inv-croesus-retail-asset-management,,Croesus Retail Asset Management,,sector-agnostic,Singapore,,,,,SG,,,
inv-perkfec,,Perkfec,,sector-agnostic,Singapore,,,,,SG,,,
inv-hometaste,,Hometaste,,sector-agnostic,Malaysia,,,,,MY,,,
inv-dobybox,,Dobybox,,sector-agnostic,Malaysia,,,,,MY,,,
inv-bayar,,Bayar,,sector-agnostic,Malaysia,,,,,MY,,,
inv-anycover,,anycover,,sector-agnostic,Singapore,,,,,SG,,,
inv-xfinite,,Xfinite,,sector-agnostic,Singapore,,,,,SG,,,
inv-flexiroam,,FLEXIROAM,,sector-agnostic,Malaysia,,,,,MY,,,
inv-anideo,,Anideo,,sector-agnostic,Singapore,,,,,SG,,,
inv-biomax,,BioMax,,sector-agnostic,Singapore,,,,,SG,,,
inv-valency-international,,Valency International,,sector-agnostic,Singapore,,,,,SG,,,
inv-cyfirma,,CYFIRMA,,sector-agnostic,Singapore,,,,,SG,,,
inv-the-recommend-group,,The Recommend Group,,sector-agnostic,Malaysia,,,,,MY,,,
inv-inmaginator,,Inmaginator,seed,sector-agnostic,Malaysia,,,early-stage,,MY,Accelerator,,
inv-believe,,Believe,series-b,consumer,Singapore,,,,,SG,,info@webroker.vc,yes
inv-agp-sustainable-real-assets,,AGP Sustainable Real Assets,,sector-agnostic,Singapore,,,,,SG,Venture Capital,,
inv-weeloy,,Weeloy,,sector-agnostic,Singapore,,,,,SG,,,
inv-ambank-group,,AmBank Group,,ecommerce,Malaysia,,,,,MY,,customercare@ambankgroup.com,
inv-lynx-asia-partners,,Lynx Asia Partners,series-a,fintech,Singapore; Southeast Asia,,,,,SG,Venture Capital,,
inv-pegaxis,,Pegaxis,,sector-agnostic,Singapore,,,,,SG,,,
inv-jubilant-pharma,,Jubilant Pharma,,sector-agnostic,Singapore,,,,,SG,,,
inv-bw-group,,BW Group,,climatetech; infrastructure,Singapore,,,,,SG,,,
inv-web-synergies,,Web Synergies,,sector-agnostic,Singapore,,,,,SG,,,
inv-biosyngen,,Biosyngen,,sector-agnostic,Singapore,,,,,SG,,,
inv-wpgrowth-ventures,,WPGrowth Ventures,series-a,healthtech; deeptech,Singapore,,,,,SG,Venture Capital,,
inv-capture,,Capture,,sector-agnostic,Singapore,,,,,SG,,,
inv-singapura-finance,,Singapura Finance,series-b,fintech; ecommerce,Singapore,,,,,SG,,,
inv-membrane-instruments-and-technology,,Membrane Instruments and Technology,,sector-agnostic,Singapore,,,,,SG,,,
inv-policydock,,PolicyDock,,sector-agnostic,Singapore,,,,,SG,,,
inv-credilinq-ai,,CrediLinq.Ai,,sector-agnostic,Singapore,,,,,SG,,,
inv-garena-free-fire,,Garena Free Fire,seed,sector-agnostic,Singapore,,,early-stage,,SG,,,
inv-beoble,,Beoble,,sector-agnostic,Singapore,,,,,SG,,,
inv-asyx-international,,ASYX International,,sector-agnostic,Singapore,,,,,SG,,,
inv-lifesight,,Lifesight,,sector-agnostic,Singapore,,,,,SG,,,
inv-spini,,Spini,,sector-agnostic,Singapore,,,,,SG,,,
inv-ucare-ai,,uCare.ai,,sector-agnostic,Singapore,,,,,SG,,,
inv-tokenize-malaysia,,Tokenize Malaysia,,sector-agnostic,Malaysia,,,,,MY,,,
inv-sellerapp-e-commerce-data-analysis,,SellerApp - E-Commerce Data Analysis,,sector-agnostic,Singapore,,,,,SG,,,
inv-freshmonk,,FreshMonk,,sector-agnostic,Singapore,,,,,SG,,,
inv-apvera,,Apvera,,sector-agnostic,Singapore,,,,,SG,,,
inv-respond-io,,Respond.io,,sector-agnostic,Malaysia,,,,,MY,,,
inv-formless,,Formless,,sector-agnostic,Singapore,,,,,SG,,,
inv-asiaverify,,AsiaVerify,,sector-agnostic,Singapore,,,,,SG,,,
inv-creador,,Creador,seed; buyout,manufacturing; ecommerce,Malaysia; Southeast Asia; Singapore,,,early-stage; growth-capital,,MY,Private Equity Firm,speakup@creador.com,
inv-homecrowd,,HomeCrowd,,sector-agnostic,Malaysia,,,,,MY,,,
inv-ensuro,,Ensuro,,sector-agnostic,Singapore,,,,,SG,,,
inv-rajah-tann,,Rajah & Tann,,sector-agnostic,Singapore,,,,,SG,,,
inv-nirvana-asia,,Nirvana Asia,,sector-agnostic,Malaysia,,,,,MY,,,
inv-ritestream,,Ritestream,,sector-agnostic,Singapore,,,,,SG,,,
inv-startupbootcamp-fintech-singapore,,Startupbootcamp FinTech Singapore,,enterprise-saas,Singapore,,,,,SG,Accelerator,,
inv-corniche-capital,,Corniche Capital,seed; series-a,sector-agnostic,Singapore,,,early-stage,,SG,,info@cornichecapital.com,yes
inv-glory-kick-boxing,,Glory kick boxing,,sector-agnostic,Singapore,,,,,SG,,,
inv-archanan,,Archanan,,sector-agnostic,Singapore,,,,,SG,,,
inv-nuren-group,,Nuren Group,,sector-agnostic,Malaysia,,,,,MY,,,
inv-pand-ai,,Pand.AI,,sector-agnostic,Singapore,,,,,SG,,,
inv-wobb,,WOBB,,sector-agnostic,Malaysia,,,,,MY,,,
inv-involve-asia-technologies,,Involve Asia Technologies,,sector-agnostic,Malaysia,,,,,MY,,,
inv-wilmar-international,,Wilmar International,,healthtech,Singapore,,,,,SG,,,
inv-justco,,JustCo,series-a,deeptech,Singapore,,,,,SG,,,
inv-ratio,,Ratio,,sector-agnostic,Singapore,,,,,SG,,jim@ratio.com,
inv-icare-group,,iCare Group,,sector-agnostic,Singapore,,,,,SG,,,
inv-nikel,,Nikel,,sector-agnostic,Singapore,,,,,SG,,,
inv-scry,,Scry,,sector-agnostic,Singapore,,,,,SG,,,
inv-drep-foundation,,DREP Foundation,,sector-agnostic,Singapore,,,,,SG,,,
inv-quadrant-protocol,,Quadrant Protocol,,sector-agnostic,Singapore,,,,,SG,,,
inv-silkchain,,SilkChain,,sector-agnostic,Singapore,,,,,SG,,,
inv-foresight-ventures,,Foresight Ventures,seed; series-a,web3,Singapore,,,early-stage,,SG,Venture Capital,admin@foresightventures.com,yes
inv-astoria-solutions,,Astoria Solutions,,sector-agnostic,Singapore,,,,,SG,,,
inv-us2-ai,,Us2.ai,,sector-agnostic,Singapore,,,,,SG,,,
inv-ray,,Ray,,sector-agnostic,Singapore,,,,,SG,,,
inv-jsf-platinum,,JSF Platinum,pre-seed,edtech,Malaysia,,,early-stage,,MY,,,
inv-reskills,,ReSkills,,sector-agnostic,Malaysia,,,,,MY,,,
inv-tslc,,TSLC,,fintech,Singapore,,,,,SG,,,
inv-project-ark,,Project Ark,,sector-agnostic,Singapore,,,,,SG,,,
inv-btrlyf,,BtrLyf,,sector-agnostic,Singapore,,,,,SG,,,
inv-cornflix-tv,,Cornflix.TV,,sector-agnostic,Singapore,,,,,SG,,,
inv-socar-malaysia,,Socar Malaysia,,sector-agnostic,Malaysia,,,,,MY,,,
inv-titi-protocol,,TiTi Protocol,,sector-agnostic,Singapore,,,,,SG,,,
inv-blynk,,Blynk,,sector-agnostic,Singapore,,,,,SG,,,
inv-hyflux,,Hyflux,,sector-agnostic,Singapore,,,,,SG,,,
inv-taurx-pharmaceuticals,,TauRx Pharmaceuticals,,sector-agnostic,Singapore,,,,,SG,,,
inv-genting-singapore,,Genting Singapore,,sector-agnostic,Singapore,,,,,SG,,,
inv-genting-plantations-berhad,,Genting Plantations Berhad,series-a,agritech; deeptech,Malaysia; Singapore,,,,,MY,,,
inv-genting-malaysia-berhad,,Genting Malaysia Berhad,,sector-agnostic,Malaysia,,,,,MY,,,
inv-microtube-technologies,,Microtube Technologies,,sector-agnostic,Singapore,,,,,SG,,,
inv-caduceus-foundation,,Caduceus Foundation,,sector-agnostic,Singapore,,,,,SG,,,
inv-sbi-ventures,,SBI Ventures,buyout,sector-agnostic,Singapore; Southeast Asia,,,growth-capital,,SG,Private Equity Firm,,
inv-hc-surgical-specialist,,HC Surgical Specialist,,sector-agnostic,Singapore,,,,,SG,,,
inv-addx,,ADDX,,sector-agnostic,Singapore,,,,,SG,,,
inv-jdac,,Jdac,pre-seed; seed; series-a,web3,Singapore,,,early-stage,,SG,,office@jdac.com,yes
inv-isvs,,ISVS,,sector-agnostic,Singapore,,,,,SG,,,
inv-nuls,,NULS,,sector-agnostic,Singapore,,,,,SG,,,
inv-populstay,,PopulStay,,sector-agnostic,Singapore,,,,,SG,,,
inv-saiheat,,SAIHEAT,,sector-agnostic,Singapore,,,,,SG,,,
inv-iskra,,Iskra,pre-seed; series-a,web3,Singapore,,,early-stage,,SG,,is@iskra.vc,
inv-compasia,,CompAsia,,sector-agnostic,Singapore,,,,,SG,,,
inv-intellectual-property-office-of-singapore,,Intellectual Property Office of Singapore,,sector-agnostic,Singapore,,,,,SG,,,
inv-cleantech-solar,,Cleantech Solar,,sector-agnostic,Singapore,,,,,SG,,,
inv-weventure,,WeVenture,seed; series-a; series-b,ecommerce,Singapore,,,early-stage,,SG,Venture Capital,5169244018,yes
inv-weinvest,,WeInvest,,sector-agnostic,Singapore,,,,,SG,,,
inv-versa-asia,,Versa Asia,,sector-agnostic,Malaysia,,,,,MY,,,
inv-propertyguru-singapore,,PropertyGuru Singapore,,sector-agnostic,Singapore,,,,,SG,,,
inv-ouch,,Ouch,,sector-agnostic,Malaysia,,,,,MY,,,
inv-ministry-of-health-singapore,,Ministry of Health Singapore,seed,healthtech,Singapore,,,early-stage,,SG,Government Office,,
inv-dotbio,,DotBio,,sector-agnostic,Singapore,,,,,SG,,,
inv-shopform,,Shopform,,sector-agnostic,Singapore,,,,,SG,,,
inv-glance-sg,,Glance.sg,,sector-agnostic,Singapore,,,,,SG,,,
inv-whitemark,,Whitemark,,sector-agnostic,Singapore,,,,,SG,,,
inv-eximpe,,Eximpe,,sector-agnostic,Singapore,,,,,SG,,,
inv-mydoc,,MyDoc,,sector-agnostic,Singapore,,,,,SG,,,
inv-belazee,,Belazee,,sector-agnostic,Singapore,,,,,SG,,,
inv-motionelements,,MotionElements,,sector-agnostic,Singapore,,,,,SG,,,
inv-eduadvisor,,EduAdvisor,,sector-agnostic,Malaysia,,,,,MY,,,
inv-livein,,LiveIn,,sector-agnostic,Malaysia,,,,,MY,,,
inv-supplycart-my,,Supplycart.my,,sector-agnostic,Malaysia,,,,,MY,,,
inv-seamiles,,SeaMiles,,sector-agnostic,Singapore,,,,,SG,,,
inv-c-log,,C-LOG,,sector-agnostic,Singapore,,,,,SG,,,
inv-volteo-maritime,,Volteo Maritime,,sector-agnostic,Singapore,,,,,SG,,,
inv-enermo-technology,,Enermo Technology,,sector-agnostic,Singapore,,,,,SG,,,
inv-quantship,,QuantShip,,sector-agnostic,Singapore,,,,,SG,,,
inv-campana-group,,Campana Group,,sector-agnostic,Singapore,,,,,SG,,,
inv-malaysian-urban-design-association,,Malaysian Urban Design Association,,sector-agnostic,Malaysia,,,,,MY,,,
inv-alta-group,,Alta Group,pre-seed; seed,edtech; ecommerce; healthtech,Singapore; Malaysia,,,early-stage,,SG,,kancelaria@altagroup.vc,
inv-wakalu,,Wakalu,,sector-agnostic,Malaysia,,,,,MY,,,
inv-bluente,,Bluente,,sector-agnostic,Singapore,,,,,SG,,,
inv-global-sports-commerce,,Global Sports Commerce,,sector-agnostic,Singapore,,,,,SG,,,
inv-orange-valley,,Orange Valley,,sector-agnostic,Singapore,,,,,SG,,,
inv-salutat,,salutat,,sector-agnostic,Singapore,,,,,SG,,,
inv-bank-genie,,Bank-Genie,,sector-agnostic,Singapore,,,,,SG,,,
inv-and-global,,AND Global,,sector-agnostic,Singapore,,,,,SG,,,
inv-ushift-pte-ltd,,UShift Pte Ltd,,sector-agnostic,Singapore,,,,,SG,,,
inv-finmo,,Finmo,,sector-agnostic,Singapore,,,,,SG,,,
inv-only-insure,,Only Insure,,sector-agnostic,Singapore,,,,,SG,,,
inv-cysense,,cysense,,sector-agnostic,Singapore,,,,,SG,,,
inv-bitcopy,,BitCopy,,sector-agnostic,Singapore,,,,,SG,,,
inv-sun-cable,,Sun Cable,,sector-agnostic,Singapore,,,,,SG,,,
inv-handprint,,Handprint,,sector-agnostic,Singapore,,,,,SG,,,
inv-juno-tele,,JUNO TELE,,sector-agnostic,Singapore,,,,,SG,,,
inv-acx,,ACX,,sector-agnostic,Singapore,,,,,SG,,,
inv-dexa-international,,Dexa International,series-a,healthtech,Singapore,,,,,SG,,,
inv-nalagenetics,,Nalagenetics,,sector-agnostic,Singapore,,,,,SG,,,
inv-orchard-global-asset-management,,Orchard Global Asset Management,series-b,enterprise-saas,Singapore,,,,,SG,Venture Capital,,
inv-enerfo,,Enerfo,series-a,agritech; consumer,Singapore,,,,,SG,,,
inv-uiactive,,uiActive,,sector-agnostic,Singapore,,,,,SG,,,
inv-craes,,CRAES,seed,media-gaming,Singapore,,,early-stage,,SG,Venture Capital,,
inv-sedania-innovator,,SEDANIA Innovator,seed,media-gaming,Malaysia; Singapore,,,early-stage,,MY,,,
inv-clearpool,,Clearpool,,sector-agnostic,Singapore,,,,,SG,,,
inv-toku,,Toku,,sector-agnostic,Singapore,,,,,SG,,,
inv-positive-energy-ltd,,Positive Energy Ltd.,,sector-agnostic,Singapore,,,,,SG,,,
inv-nearex,,Nearex,,sector-agnostic,Singapore,,,,,SG,,,
inv-dn-associes,,DN ASSOCIES,,sector-agnostic,Singapore,,,,,SG,,,
inv-trackometrix,,Trackometrix,,sector-agnostic,Singapore,,,,,SG,,,
inv-winefamily,,Winefamily,,sector-agnostic,Singapore,,,,,SG,,,
inv-packet-greens,,Packet Greens,,sector-agnostic,Singapore,,,,,SG,,,
inv-intribe,,intribe,,sector-agnostic,Singapore,,,,,SG,,,
inv-kacific,,Kacific,,sector-agnostic,Singapore,,,,,SG,,,
inv-propre,,Propre,,sector-agnostic,Singapore,,,,,SG,,,
inv-asia-business-builders,,Asia Business Builders,seed; series-b; buyout,healthtech; edtech,Singapore; Southeast Asia,,,early-stage; growth-capital,,SG,Venture Capital,,
inv-crossfund,,CrossFund,pre-seed; seed,fintech; ecommerce,Singapore; Southeast Asia,,,early-stage,,SG,Angel Group,,
inv-jipay,,JiPay,,sector-agnostic,Singapore,,,,,SG,,,
inv-tiong-seng,,Tiong Seng,,sector-agnostic,Singapore,,,,,SG,,,
inv-stats-chippac,,STATS ChipPAC,,sector-agnostic,Singapore,,,,,SG,,,
inv-starhub,,StarHub,,sector-agnostic,Singapore,,,,,SG,,,
inv-icar-asia,,iCar Asia,,sector-agnostic,Malaysia,,,,,MY,,,
inv-venturecraft-group,,Venturecraft Group,series-a,media-gaming,Singapore,,,,,SG,Venture Capital,,
inv-riverwalk-holdings,,Riverwalk Holdings,seed; series-a; series-b,enterprise-saas,Singapore,,,early-stage,,SG,Venture Capital,info@riverwalkholdings.com,yes
inv-entropia,,Entropia,,sector-agnostic,Malaysia,,,,,MY,,,
inv-performance-rotors,,Performance Rotors,,sector-agnostic,Singapore,,,,,SG,,,
inv-armada-brands,,Armada Brands,,sector-agnostic,Singapore,,,,,SG,,,
inv-qualitas-health,,Qualitas Health,,sector-agnostic,Malaysia,,,,,MY,,,
inv-novelship,,Novelship,,sector-agnostic,Singapore,,,,,SG,,,
inv-aris-prime-partner,,Aris Prime Partner,,enterprise-saas,Singapore,,,,,SG,Private Equity Firm,,
inv-e27,,e27,,sector-agnostic,Singapore,,,,,SG,,,
inv-nullabor,,Nullabor,seed; series-a,agritech,Singapore,,,early-stage,,SG,Family Investment Office,,
inv-aurum-land,,Aurum Land,series-a,sector-agnostic,Singapore,,,,,SG,,,
inv-rockx,,RockX,seed; series-b,web3,Singapore,,,early-stage,,SG,,,
inv-defy-labs,,DEFY Labs,,sector-agnostic,Singapore,,,,,SG,,,
inv-arcstone,,ARCSTONE,,sector-agnostic,Singapore,,,,,SG,,,
inv-graymatics,,Graymatics,,sector-agnostic,Singapore,,,,,SG,,,
inv-taki-games,,Taki Games,,sector-agnostic,Singapore,,,,,SG,,,
inv-xseed-education,,XSEED Education,,sector-agnostic,Singapore,,,,,SG,,,
inv-hishab,,Hishab,,sector-agnostic,Singapore,,,,,SG,,,
inv-in-d,,IN-D,,sector-agnostic,Singapore,,,,,SG,,,
inv-vase-ai,,Vase.ai,,sector-agnostic,Malaysia,,,,,MY,,,
inv-openacademy,,OpenAcademy,,sector-agnostic,Malaysia,,,,,MY,,,
inv-midwest-composites,,Midwest Composites,,sector-agnostic,Malaysia,,,,,MY,,,
inv-madcash,,MADCash,,sector-agnostic,Malaysia,,,,,MY,,,
inv-vireserve,,VireServe,,sector-agnostic,Malaysia,,,,,MY,,,
inv-biztech-asia,,Biztech.Asia,,sector-agnostic,Malaysia,,,,,MY,,,
inv-wa-sushi,,Wa Sushi,,sector-agnostic,Malaysia,,,,,MY,,,
inv-howuku,,Howuku,,sector-agnostic,Malaysia,,,,,MY,,,
inv-kumo,,Kumo,,sector-agnostic,Malaysia,,,,,MY,,,
inv-mranti-malaysia,,MRANTI Malaysia,pre-seed,edtech; ecommerce,Malaysia; Southeast Asia,,,early-stage,,MY,,,
inv-sparexhub,,SpareXHub,,sector-agnostic,Malaysia,,,,,MY,,,
inv-aj-marketing,,AJ Marketing,,sector-agnostic,Singapore,,,,,SG,,,
inv-8i-holdings,,8i Holdings,pre-seed,media-gaming; fintech,Singapore,,,early-stage,,SG,,info@8iholdings.com,yes
inv-gamepay,,Gamepay,,sector-agnostic,Singapore,,,,,SG,,,
inv-mountain-pine-capital,,Mountain Pine Capital,seed; series-b,consumer,Singapore,,,early-stage,,SG,Venture Capital,,
inv-global-mortgage-group,,Global Mortgage Group,,sector-agnostic,Singapore,,,,,SG,,,
inv-novena-global-healthcare-group,,Novena Global Healthcare Group,,sector-agnostic,Singapore,,,,,SG,,,
inv-wellteq,,WellteQ,,sector-agnostic,Singapore,,,,,SG,,,
inv-denis-asia-pacific,,Denis Asia Pacific,series-a,agritech; consumer,Singapore; Southeast Asia,,,,,SG,,,
inv-greenarc-capital-pte-ltd,,GreenArc Capital Pte. Ltd.,,sector-agnostic,Singapore,,,,,SG,,,
inv-edb-new-ventures,,EDB New Ventures,seed,media-gaming,Singapore,,,early-stage,,SG,Venture Capital,,
inv-storms,,Storms,,sector-agnostic,Singapore,,,,,SG,,,
inv-tada,,TADA,,sector-agnostic,Singapore,,,,,SG,,,
inv-insectta,,Insectta,,sector-agnostic,Singapore,,,,,SG,,,
inv-yss-capital,,YSS Capital,pre-seed; seed,enterprise-saas,Singapore,,,early-stage,,SG,Venture Capital,,
inv-mycashback,,Mycashback,,sector-agnostic,Singapore,,,,,SG,,,
inv-dare-app-by-eristica,,Dare App (by Eristica),,sector-agnostic,Singapore,,,,,SG,,,
inv-mifon,,MIFON,,sector-agnostic,Singapore,,,,,SG,,,
inv-screea,,Screea,,sector-agnostic,Singapore,,,,,SG,,,
inv-be-tagged,,BE TAGGED,,sector-agnostic,Singapore,,,,,SG,,,
inv-treasure-play,,Treasure Play,,sector-agnostic,Singapore,,,,,SG,,,
inv-triptax,,TripTax,,sector-agnostic,Singapore,,,,,SG,,,
inv-altava-group,,Altava Group,,sector-agnostic,Singapore,,,,,SG,,,
inv-cross-the-ages,,Cross The Ages,,sector-agnostic,Singapore,,,,,SG,,,
inv-enleofen-bio-pte-ltd,,Enleofen Bio Pte Ltd,,sector-agnostic,Singapore,,,,,SG,,,
inv-idem-hospitality,,Idem Hospitality,,sector-agnostic,Singapore,,,,,SG,,,
inv-poseidon,,Poseidon,,sector-agnostic,Singapore,,,,,SG,,,
inv-yoma-strategic-holdings,,Yoma Strategic Holdings,,climatetech,Singapore,,,,,SG,,,
inv-tng-digital,,TNG Digital,,sector-agnostic,Malaysia,,,,,MY,,,
inv-troygold,,Troygold,,sector-agnostic,Singapore,,,,,SG,,,
inv-wifi-chua,,WiFi Chua,,sector-agnostic,Singapore,,,,,SG,,,
inv-rovo,,Rovo,,sector-agnostic,Singapore,,,,,SG,,,
inv-property-guru,,Property Guru,,sector-agnostic,Malaysia,,,,,MY,,,
inv-ntuc-enterprise,,NTUC Enterprise,,sector-agnostic,Singapore,,,,,SG,,,
inv-sembcorp-industries,,Sembcorp Industries,,sector-agnostic,Singapore,,,,,SG,,,
inv-fairprice,,FairPrice,,sector-agnostic,Singapore,,,,,SG,,,
inv-marketnode,,Marketnode,,sector-agnostic,Singapore,,,,,SG,,,
inv-tuas-capital-partners,,Tuas Capital Partners,seed; series-a,fintech; ecommerce,Singapore; Malaysia,,,early-stage,,SG,Venture Capital,,
inv-krust,,Krust,seed; series-a,web3; media-gaming,Singapore,,,early-stage,,SG,,,
inv-ulive,,ULive,,sector-agnostic,Malaysia,,,,,MY,,,
inv-convint-ai,,Convint.ai,,sector-agnostic,Singapore,,,,,SG,,,
inv-yozma-group-asia-ltd-yozma-singapore,,Yozma Group Asia LTD (Yozma Singapore),growth,healthtech,Singapore,,,growth-capital,,SG,,,
inv-locofy,,Locofy,,sector-agnostic,Singapore,,,,,SG,,,
inv-phoon-huat,,Phoon Huat,,sector-agnostic,Singapore,,,,,SG,,,
inv-atome,,Atome,,sector-agnostic,Singapore,,,,,SG,,,
inv-sats,,SATS,,sector-agnostic,Singapore,,,,,SG,,,
inv-kyberlife,,Kyberlife,,sector-agnostic,Singapore,,,,,SG,,,
inv-anystarr,,anyStarr,,sector-agnostic,Singapore,,,,,SG,,,
inv-institute-of-mental-health,,Institute of Mental Health,series-b,healthtech,Singapore,,,,,SG,,,
inv-nftb,,NFTb,seed,web3; media-gaming,Singapore; Southeast Asia,,,early-stage,,SG,,,
inv-consoliads,,ConsoliAds,,sector-agnostic,Singapore,,,,,SG,,,
inv-metaone,,MetaOne,seed,web3,Singapore,,,early-stage,,SG,,,
inv-ks-distribution,,KS Distribution,,sector-agnostic,Singapore,,,,,SG,,,
inv-bookdoc,,BookDoc,,sector-agnostic,Malaysia,,,,,MY,,,
inv-paywatch,,Paywatch,,sector-agnostic,Malaysia,,,,,MY,,,
inv-neonrunner,,NeonRunner,,sector-agnostic,Malaysia,,,,,MY,,,
inv-helpr,,Helpr,,sector-agnostic,Malaysia,,,,,MY,,,
inv-pipeline-network,,Pipeline Network,,sector-agnostic,Malaysia,,,,,MY,,,
inv-silk-bridge-partners,,Silk Bridge Partners,seed,fintech; ecommerce,Singapore,,,early-stage,,SG,Venture Capital,,
inv-thakral,,Thakral,series-a,web3; proptech,Singapore,,,,,SG,,,
inv-investax,,InvestaX,,sector-agnostic,Singapore,,,,,SG,,,
inv-mohjo,,Mohjo,,sector-agnostic,Singapore,,,,,SG,,,
inv-appshack,,AppShack,,sector-agnostic,Malaysia,,,,,MY,,,
inv-psa-international,,PSA International,series-a; series-b,fintech,Singapore,,,,,SG,,,
inv-the-straits-trading-company,,The Straits Trading Company,series-b,fintech,Singapore,,,,,SG,,+6564224288,yes
inv-sdax-financial,,SDAX Financial,,sector-agnostic,Singapore,,,,,SG,,,
inv-singapore-tourism-accelerator,,Singapore Tourism Accelerator,seed,consumer,Singapore; Southeast Asia,,,early-stage,,SG,Accelerator,,
inv-bakuun-com,,Bakuun.com,,sector-agnostic,Singapore,,,,,SG,,,
inv-finbotsai,,FinbotsAI,,sector-agnostic,Singapore,,,,,SG,,,
inv-creitive,,Creitive,pre-seed,enterprise-saas; fintech,Singapore,,,early-stage,,SG,,,
inv-holywally,,HolyWally,,sector-agnostic,Singapore,,,,,SG,,,
inv-cyberhash,,CyberHash,,sector-agnostic,Singapore,,,,,SG,,,
inv-kenanga-capital-islamic,,Kenanga Capital Islamic,,fintech,Malaysia,,,,,MY,,,
inv-capbay,,CapBay,,sector-agnostic,Malaysia,,,,,MY,,,
inv-shopmatic,,Shopmatic,,sector-agnostic,Singapore,,,,,SG,,,
inv-amazon-corporate-holdings,,Amazon Corporate Holdings,,ecommerce; fintech,Singapore,,,,,SG,,,
inv-united-offshore-bank-venture-technology-investme,,United Offshore Bank Venture Technology Investments,,healthtech,Singapore,,,,,SG,Venture Capital,,
inv-gamnat,,Gamnat,growth; buyout,media-gaming; healthtech,Singapore,,,growth-capital,,SG,,,
inv-sp-capital,,SP Capital,series-c,sector-agnostic,Singapore,,,growth-capital,,SG,Venture Capital,,
inv-yuuzoo,,YuuZoo,,sector-agnostic,Singapore,,,,,SG,,,
inv-wemix,,WEMIX,seed; series-a,media-gaming; consumer,Singapore,,,early-stage,,SG,,,
inv-ozone-tech-singapore,,Ozone Tech Singapore,,sector-agnostic,Singapore,,,,,SG,,,
inv-myeg-capital,,MyEG Capital,series-a; series-b,sector-agnostic,Malaysia,,,,,MY,Venture Capital,,
inv-tvs-motor-singapore,,TVS Motor Singapore,series-a,sector-agnostic,Singapore,,,,,SG,,,
inv-united-industrial-corp,,United Industrial Corp,,sector-agnostic,Singapore,,,,,SG,,,
inv-singapore-land-limited,,Singapore Land Limited,,sector-agnostic,Singapore,,,,,SG,,,
inv-ace,,ACE,,sector-agnostic,Singapore,,,,,SG,,,
inv-amplus-communication-pte-ltd,,Amplus Communication Pte Ltd,,sector-agnostic,Singapore,,,,,SG,,,
inv-mobiapps,,MobiApps,,sector-agnostic,Singapore,,,,,SG,,,
inv-lifetrack-medical-systems,,Lifetrack Medical Systems,,sector-agnostic,Singapore,,,,,SG,,,
inv-apeiron,,Apeiron,,sector-agnostic,Singapore,,,,,SG,,,
inv-outside-voice,,Outside Voice,,sector-agnostic,Singapore,,,,,SG,,,
inv-bungkus,,Bungkus,,sector-agnostic,Singapore,,,,,SG,,,
inv-ferne-health,,Ferne Health,,sector-agnostic,Singapore,,,,,SG,,,
inv-sansar-capital,,Sansar Capital,series-a,healthtech,Singapore,,,,,SG,Venture Capital,,
inv-cih-investment-capital-limited,,CIH Investment Capital Limited,series-a,healthtech,Singapore,,,,,SG,Venture Capital,,
inv-folo-farms,,FOLO Farms,,sector-agnostic,Malaysia,,,,,MY,,,
inv-standard-chartered-private-equity,,Standard Chartered Private Equity,buyout,fintech,Singapore,,,growth-capital,,SG,Private Equity Firm,,
inv-radix-domain-solutions,,Radix Domain Solutions,,sector-agnostic,Singapore,,,,,SG,,,
inv-imagene-labs,,Imagene Labs,,sector-agnostic,Singapore,,,,,SG,,,
inv-myeg-services,,MyEG Services,seed,sector-agnostic,Malaysia,,,early-stage,,MY,,,
inv-global-grand-leisure,,Global Grand Leisure,series-b; series-c,sector-agnostic,Singapore,,,growth-capital,,SG,,,
inv-secret-recipe,,Secret Recipe,,sector-agnostic,Malaysia,,,,,MY,,,
inv-theasianparent,,theAsianparent,,sector-agnostic,Singapore,,,,,SG,,,
inv-ich-gemini,,ICH Gemini,series-c,sector-agnostic,Singapore,,,growth-capital,,SG,Private Equity Firm,,
inv-beacon-fund,,Beacon Fund,series-c,consumer,Singapore; Southeast Asia,,,growth-capital,,SG,Venture Capital,info@beaconfund.com,yes
inv-thelorry,,TheLorry,,sector-agnostic,Malaysia,,,,,MY,,,
inv-supa,,SUPA,,sector-agnostic,Malaysia,,,,,MY,,,
inv-asiakredit,,AsiaKredit,,sector-agnostic,Singapore,,,,,SG,,,
inv-borneo,,Borneo,,sector-agnostic,Singapore,,,,,SG,,,
inv-first-plus,,First Plus,series-b,sector-agnostic,Singapore,,,,,SG,,ir@firstplus.com,
inv-reserv,,Reserv,,sector-agnostic,Singapore,,,,,SG,,,
inv-fixir,,Fixir,,sector-agnostic,Singapore,,,,,SG,,,
inv-soulscape,,Soulscape,,sector-agnostic,Singapore,,,,,SG,,,
inv-makerscut,,MAKERSCUT,,sector-agnostic,Singapore,,,,,SG,,,
inv-wonderlabs-io,,Wonderlabs.io,,sector-agnostic,Singapore,,,,,SG,,,
inv-berioza-associates,,Berioza Associates,seed,web3,Singapore,,,early-stage,,SG,,,
inv-treehouse,,Treehouse,,sector-agnostic,Singapore,,,,,SG,,,
inv-vsocial,,vSocial,,sector-agnostic,Singapore,,,,,SG,,,
inv-conversant-solutions,,Conversant Solutions,,sector-agnostic,Singapore,,,,,SG,,,
inv-dataxet,,Dataxet,,sector-agnostic,Singapore,,,,,SG,,,
inv-gamepad,,GamePad,,sector-agnostic,Singapore,,,,,SG,,,
inv-tfk-capital-partners,,TFK CAPITAL PARTNERS,series-c,agritech,Singapore,,,growth-capital,,SG,,,
inv-eatads-com,,EatAds.com,,sector-agnostic,Singapore,,,,,SG,,,
inv-dropsuite,,DropSuite,,sector-agnostic,Singapore,,,,,SG,,,
inv-apexpeak,,ApexPeak,,sector-agnostic,Singapore,,,,,SG,,,
inv-inzen-studio,,Inzen Studio,,sector-agnostic,Singapore,,,,,SG,,,
inv-five-stars-capital,,Five Stars Capital,series-b,sector-agnostic,Malaysia,,,,,MY,Private Equity Firm,,
inv-troveskin,,TroveSkin,,sector-agnostic,Singapore,,,,,SG,,,
inv-cegos,,Cegos,,sector-agnostic,Singapore,,,,,SG,,,
inv-deaftawk,,DeafTawk,,sector-agnostic,Singapore,,,,,SG,,,
inv-beamandgo,,BeamAndGo,,sector-agnostic,Singapore,,,,,SG,,,
inv-klaud9,,Klaud9,,sector-agnostic,Singapore,,,,,SG,,,
inv-energy-lite,,Energy Lite,,sector-agnostic,Singapore,,,,,SG,,,
inv-askdr,,AskDr,,sector-agnostic,Singapore,,,,,SG,,,
inv-independents,,Independents,,sector-agnostic,Singapore,,,,,SG,,,
inv-kopi-date,,Kopi Date,,sector-agnostic,Singapore,,,,,SG,,,
inv-stratificare,,StratifiCare,,sector-agnostic,Singapore,,,,,SG,,,
inv-3ciety,,3ciety,,sector-agnostic,Malaysia,,,,,MY,,,
inv-foonie-magus,,Foonie Magus,,sector-agnostic,Singapore,,,,,SG,,,
inv-canopy,,Canopy,,sector-agnostic,Singapore,,,,,SG,,,
inv-bexcom-korea,,BeXcom Korea,,sector-agnostic,Singapore,,,,,SG,,,
inv-ikonika-holdings,,Ikonika Holdings,pre-seed,consumer,Singapore,,,early-stage,,SG,,,
inv-transnational-group,,Transnational Group,,enterprise-saas; ecommerce,Singapore,,,,,SG,,,
inv-pluto-capital,,Pluto Capital,pre-seed; seed,web3; media-gaming,Singapore,,,early-stage,,SG,Venture Capital,,
inv-zecrey,,Zecrey,,sector-agnostic,Singapore,,,,,SG,,,
inv-owndays,,Owndays,,sector-agnostic,Singapore,,,,,SG,,,
inv-icommerce-asia,,iCommerce Asia,,sector-agnostic,Singapore,,,,,SG,,,
inv-respiree,,Respiree,,sector-agnostic,Singapore,,,,,SG,,,
inv-pathdao,,PathDAO,pre-seed; seed,web3; media-gaming,Malaysia; Singapore; Southeast Asia,,,early-stage,,MY,,,
inv-blockvision,,BlockVision,,sector-agnostic,Singapore,,,,,SG,,,
inv-ghl-systems-berhad,,GHL Systems Berhad,,sector-agnostic,Malaysia,,,,,MY,,,
inv-isitup-dotcom,,IsItUp Dotcom,,sector-agnostic,Malaysia,,,,,MY,,,
inv-favful,,Favful,,sector-agnostic,Malaysia,,,,,MY,,,
inv-zoom,,Zoom,,sector-agnostic,Malaysia,,,,,MY,,,
inv-deepbrain-chain,,DeepBrain Chain,seed,media-gaming; web3,Singapore,,,early-stage,,SG,,,
inv-sustenir-agriculture,,Sustenir Agriculture,,sector-agnostic,Singapore,,,,,SG,,,
inv-lambda,,Lambda,,sector-agnostic,Singapore,,,,,SG,,,
inv-platon,,PlatON,,sector-agnostic,Singapore,,,,,SG,,,
inv-next-web-capital,,Next Web Capital,pre-seed; seed,web3,Singapore,,,early-stage,,SG,Venture Capital,,
inv-axiom-asia-private-capital,,Axiom Asia Private Capital,series-a; series-c,consumer,Singapore,,,growth-capital,,SG,Fund of Funds,,
inv-in-corp-global,,In.Corp Global,,sector-agnostic,Singapore,,,,,SG,,,
inv-blue-fire-ai,,Blue Fire AI,,sector-agnostic,Singapore,,,,,SG,,,
inv-blue-planet-environmental-solution,,Blue Planet Environmental Solution,,sector-agnostic,Singapore,,,,,SG,,,
inv-pinnacle-towers,,Pinnacle Towers,,sector-agnostic,Singapore,,,,,SG,,,
inv-taylor-s-education-group,,Taylor’s Education Group,,sector-agnostic,Malaysia,,,,,MY,,,
inv-meridian-enterprises,,Meridian Enterprises,,sector-agnostic,Singapore,,,,,SG,,,
inv-f-b-asia,,F&B Asia,series-a,deeptech; consumer,Singapore,,,,,SG,,,
inv-jatf-vi-singapore,,JATF VI (SINGAPORE),series-b,ecommerce; consumer,Singapore,,,,,SG,,,
inv-data-security-systems-solutions,,Data Security Systems Solutions,,sector-agnostic,Singapore,,,,,SG,,,
inv-nubee,,Nubee,,sector-agnostic,Singapore,,,,,SG,,,
inv-fello,,Fello,,sector-agnostic,Singapore,,,,,SG,,,
inv-arches,,Arches,,sector-agnostic,Singapore,,,,,SG,,,
inv-sepsitron,,Sepsitron,,sector-agnostic,Singapore,,,,,SG,,,
inv-wander,,Wander,,sector-agnostic,Singapore,,,,,SG,,,
inv-insurevite,,InsureVite,,sector-agnostic,Singapore,,,,,SG,,,
inv-consumer-bridge,,Consumer Bridge,,sector-agnostic,Singapore,,,,,SG,,,
inv-agensi-inovasi-malaysia,,Agensi Inovasi Malaysia,,healthtech,Malaysia,,,,,MY,,,
inv-spatium,,Spatium,,sector-agnostic,Singapore,,,,,SG,,,
inv-olive-ventures,,Olive Ventures,series-a,consumer,Singapore,,,,,SG,Venture Capital,,
inv-gowithmi,,GoWithMi,,sector-agnostic,Singapore,,,,,SG,,,
inv-8trip,,8Trip,,sector-agnostic,Singapore,,,,,SG,,,
inv-maukerja,,MauKerja,,sector-agnostic,Malaysia,,,,,MY,,,
inv-swingvy,,Swingvy,,sector-agnostic,Singapore,,,,,SG,,,
inv-comnitel,,Comnitel,,sector-agnostic,Malaysia,,,,,MY,,,
inv-capitaland,,CapitaLand,series-a; growth,consumer,Singapore,,,growth-capital,,SG,Private Equity Firm,info_kr@capitaland.com,
inv-the-great-room,,The Great Room,,sector-agnostic,Singapore,,,,,SG,,,
inv-tessa-therapeutics,,Tessa Therapeutics,,sector-agnostic,Singapore,,,,,SG,,,
inv-structo,,Structo,,sector-agnostic,Singapore,,,,,SG,,,
inv-neon,,NEON,,sector-agnostic,Singapore,,,,,SG,,,
inv-synergy-fuels,,Synergy Fuels,,sector-agnostic,Singapore,,,,,SG,,,
inv-nus-technology-holdings,,NUS Technology Holdings,seed; series-a; series-b,healthtech; enterprise-saas,Singapore,,,early-stage,,SG,,,
inv-accel-x,,Accel X,series-a,deeptech,Singapore,,,,,SG,Venture Capital,amina@accelx.io,
inv-golden-energy-and-resources-gear,,Golden Energy and Resources (Gear),,sector-agnostic,Singapore,,,,,SG,,,
inv-fullerton-financial-holdings,,Fullerton Financial Holdings,series-a; series-b; series-c,fintech,Singapore,,,growth-capital,,SG,Venture Capital,corpcomm@fullertonfinancial.com,
inv-cai-partners,,CAI Partners,series-a; series-b,fintech,Singapore; Southeast Asia,,,,,SG,Private Equity Firm,admin@caipartners.com,yes
inv-worq,,WORQ,,sector-agnostic,Malaysia,,,,,MY,,,
inv-aureso,,aureso,,sector-agnostic,Singapore,,,,,SG,,,
inv-g-meds,,G-MEDS,,sector-agnostic,Singapore,,,,,SG,,,
inv-the-learning-lab-singapore,,The Learning Lab (Singapore),,sector-agnostic,Singapore,,,,,SG,,,
inv-spaceage-labs,,SpaceAge Labs,,sector-agnostic,Singapore,,,,,SG,,,
inv-bereev,,Bereev,,sector-agnostic,Malaysia,,,,,MY,,,
inv-globaltix,,GlobalTix,,infrastructure,Singapore,,,,,SG,,,
inv-overdrive-sg,,Overdrive.sg,,sector-agnostic,Singapore,,,,,SG,,,
inv-brazn,,Brazn,,sector-agnostic,Singapore,,,,,SG,,,
inv-kakitangan-com,,Kakitangan.com,,sector-agnostic,Malaysia,,,,,MY,,,
inv-newswav,,Newswav,,sector-agnostic,Malaysia,,,,,MY,,,
inv-billion-bricks,,Billion Bricks,,sector-agnostic,Singapore,,,,,SG,,,
inv-rates,,RateS,,sector-agnostic,Singapore,,,,,SG,,,
inv-mlen-diary,,MLEN DIARY,,sector-agnostic,Malaysia,,,,,MY,,,
inv-tranglo,,Tranglo,,sector-agnostic,Malaysia,,,,,MY,,,
inv-yinson-holdings,,Yinson Holdings,series-a,sector-agnostic,Malaysia; Singapore,,,,,MY,,,
inv-lam-soon,,Lam Soon,series-a,consumer,Singapore; Malaysia,,,,,SG,,,
inv-gimmie,,Gimmie,,sector-agnostic,Singapore,,,,,SG,,,
inv-realvantage,,RealVantage,,sector-agnostic,Singapore,,,,,SG,,,
inv-yeo-hiap-seng,,Yeo Hiap Seng,seed,consumer,Singapore,,,early-stage,,SG,,,
inv-tindle,,TiNDLE,,sector-agnostic,Singapore,,,,,SG,,,
inv-split,,Split,,sector-agnostic,Singapore,,,,,SG,,,
inv-friz,,Friz,,sector-agnostic,Singapore,,,,,SG,,,
inv-the-head-foundation,,The HEAD Foundation,series-b,edtech,Singapore,,,,,SG,,,
inv-the-kuok-group,,The Kuok Group,series-b,sector-agnostic,Malaysia,,,,,MY,,+6567332822,yes
inv-viddsee,,Viddsee,,sector-agnostic,Singapore,,,,,SG,,,
inv-majulah-community,,Majulah Community,,sector-agnostic,Singapore,,,,,SG,,,
inv-nanyang-technopreneurship-center,,Nanyang Technopreneurship Center,,sector-agnostic,Singapore,,,,,SG,,,
inv-cytomed-therapeutics,,CytoMed Therapeutics,,sector-agnostic,Singapore,,,,,SG,,,
inv-rutledge-vine-capital,,Rutledge Vine Capital,seed; series-a,sector-agnostic,Singapore,,,early-stage,,SG,Venture Capital,,
inv-kollect-cards,,Kollect.cards,,sector-agnostic,Singapore,,,,,SG,,,
inv-goldbell-group,,Goldbell Group,seed; series-a; series-c,logistics; deeptech,Singapore; Southeast Asia,,,early-stage; growth-capital,,SG,,+6568610007,yes
inv-love-bonito,,"Love, Bonito",seed,healthtech,Singapore,,,early-stage,,SG,,,
inv-supernova,,SuperNova,series-b; series-c,deeptech,Singapore,,,growth-capital,,SG,Accelerator,contact@supernova.ventures,yes
inv-group-ib,,Group-IB,,sector-agnostic,Singapore,,,,,SG,,,
inv-workmate,,Workmate,,sector-agnostic,Singapore,,,,,SG,,,
inv-medishares,,MediShares,,sector-agnostic,Singapore,,,,,SG,,,
inv-pchain,,PCHAIN,,sector-agnostic,Singapore,,,,,SG,,,
inv-footprint-analytics,,Footprint Analytics,,sector-agnostic,Singapore,,,,,SG,,,
inv-oasis-protocol-foundation,,Oasis Protocol Foundation,pre-seed; seed,web3,Singapore,,,early-stage,,SG,,,
inv-mhc-asia-group,,MHC Asia Group,,sector-agnostic,Singapore,,,,,SG,,,
inv-synchronous,,Synchronous,,sector-agnostic,Singapore,,,,,SG,,,
inv-kajima-ventures,,Kajima Ventures,series-b; series-c,sector-agnostic,Singapore,,,growth-capital,,SG,Venture Capital,,
inv-hubble-build,,Hubble.Build,,sector-agnostic,Singapore,,,,,SG,,,
inv-lunaray,,Lunaray,,sector-agnostic,Singapore,,,,,SG,,,
inv-asia-finance,,Asia Finance,,sector-agnostic,Singapore,,,,,SG,,,
inv-rimm-sustainability,,RIMM Sustainability,,sector-agnostic,Singapore,,,,,SG,,,
inv-riverr,,Riverr,,sector-agnostic,Singapore,,,,,SG,,,
inv-take-app,,Take App,,sector-agnostic,Singapore,,,,,SG,,,
inv-ace-green-recycling,,Ace Green Recycling,,sector-agnostic,Singapore,,,,,SG,,,
inv-tanas-capital,,Tanas Capital,seed; series-a; buyout,edtech,Singapore,,,early-stage; growth-capital,,SG,Private Equity Firm,,
inv-luna-foundation-guard,,Luna Foundation Guard,,sector-agnostic,Singapore,,,,,SG,,,
inv-st-engineering-ventures-fund,,ST Engineering Ventures Fund,seed; series-b,enterprise-saas; logistics; consumer,Singapore,,,early-stage,,SG,Venture Capital,,
inv-miyahealth,,MiyaHealth,,sector-agnostic,Singapore,,,,,SG,,,
inv-le-mercier-s-capital,,Le Mercier’s Capital,seed,ecommerce,Singapore,,,early-stage,,SG,,,
inv-urbanmetry,,URBANMETRY,,sector-agnostic,Malaysia,,,,,MY,,,
inv-serendipity-capital,,Serendipity Capital,seed; series-a; series-b,deeptech; fintech,Singapore,,,early-stage,,SG,Venture Capital,team@serendipitycapital.com,yes
inv-heyy,,"heyy,",,sector-agnostic,Singapore,,,,,SG,,,
inv-ewa-learn,,EWA Learn,,sector-agnostic,Singapore,,,,,SG,,,
inv-startupbay,,StartupBay,seed,deeptech,Singapore,,,early-stage,,SG,Accelerator,,
inv-graticule-asset-management-asia,,Graticule Asset Management Asia,seed; series-b; growth,web3,Singapore,,,early-stage; growth-capital,,SG,Private Equity Firm,,
inv-aqilliz,,Aqilliz,,sector-agnostic,Singapore,,,,,SG,,,
inv-phillipcapital,,PhillipCapital,pre-seed; seed; series-b,fintech,Singapore; Malaysia,,,early-stage,,SG,Venture Capital,info@phillipcapital.com,yes
inv-genesis-medtech,,Genesis Medtech,series-b,healthtech,Singapore,,,,,SG,,,
inv-vertex-management,,Vertex Management,series-b; series-c,infrastructure; manufacturing,Singapore,,,growth-capital,,SG,Venture Capital,,
inv-ezbuy,,ezbuy,,sector-agnostic,Malaysia,,,,,MY,,,
inv-everlife,,Everlife,series-a,healthtech,Singapore,,,,,SG,,,
inv-elama,,eLama,,sector-agnostic,Singapore,,,,,SG,,,
inv-pet-widget,,Pet Widget,,sector-agnostic,Singapore,,,,,SG,,,
inv-cardable,,Cardable,,sector-agnostic,Singapore,,,,,SG,,,
inv-wanchain,,Wanchain,,sector-agnostic,Singapore,,,,,SG,,,
inv-smartbite,,SmartBite,,sector-agnostic,Malaysia,,,,,MY,,,
inv-sonm,,SONM,,sector-agnostic,Singapore,,,,,SG,,,
inv-tradesocio,,TradeSocio,,sector-agnostic,Singapore,,,,,SG,,,
inv-selfdrvn-enterprise-pte-ltd,,SelfDrvn Enterprise Pte Ltd,,sector-agnostic,Singapore,,,,,SG,,,
inv-tapmad-tv,,TapMad Tv,,sector-agnostic,Singapore,,,,,SG,,,
inv-wealth-management-institute,,Wealth Management Institute,,sector-agnostic,Singapore,,,,,SG,,,
inv-princeton-digital-group,,Princeton Digital Group,,sector-agnostic,Singapore,,,,,SG,,,
inv-watchtowr,,watchTowr,,sector-agnostic,Singapore,,,,,SG,,,
inv-musiio,,Musiio,,sector-agnostic,Singapore,,,,,SG,,,
inv-quadria-capital,,Quadria Capital,series-a; buyout,healthtech; manufacturing,Singapore; Southeast Asia; Malaysia,,,growth-capital,,SG,Private Equity Firm,+6565926889,yes
inv-stealth,,Stealth,,sector-agnostic,Malaysia,,,,,MY,,,
inv-become,,become,,sector-agnostic,Malaysia,,,,,MY,,,
inv-duke-nus-medical-school,,Duke-NUS Medical School,,sector-agnostic,Singapore,,,,,SG,,,
inv-realie,,Realie,,sector-agnostic,Singapore,,,,,SG,,,
inv-pathscale,,PathScale,,sector-agnostic,Singapore,,,,,SG,,,
inv-unblock-analysis,,Unblock Analysis,,sector-agnostic,Singapore,,,,,SG,,,
inv-t-recs-ai,,T-RECs.ai,,sector-agnostic,Singapore,,,,,SG,,,
inv-brightree-singapore,,Brightree Singapore,,sector-agnostic,Singapore,,,,,SG,,,
inv-viewbase,,ViewBase,,sector-agnostic,Singapore,,,,,SG,,,
inv-strider-bike,,Strider Bike,,sector-agnostic,Singapore,,,,,SG,,,
inv-ccrmanager,,CCRManager,,sector-agnostic,Singapore,,,,,SG,,,
inv-asia-capital-advisors,,Asia Capital & Advisors,series-b,fintech,Singapore,,,,,SG,,,
inv-really-singapore,,Really Singapore,,sector-agnostic,Singapore,,,,,SG,,,
inv-atem-network,,Atem Network,,sector-agnostic,Singapore,,,,,SG,,,
inv-ampverse,,Ampverse,,sector-agnostic,Singapore,,,,,SG,,,
inv-msa-novo,,MSA Novo,pre-seed; seed; series-a,ecommerce; fintech,Singapore,,,early-stage,,SG,Venture Capital,ideas@novocap.co,
inv-dymon-asia-capital,,Dymon Asia Capital,series-a; series-b,fintech,Singapore; Southeast Asia,,,,,SG,Private Equity Firm,,
inv-spark-systems,,Spark Systems,,sector-agnostic,Singapore,,,,,SG,,,
inv-adani-capital,,Adani Capital,growth,ecommerce; consumer,Singapore,,,growth-capital,,SG,Private Equity Firm,,
inv-accuron-technologies,,Accuron Technologies,series-c,healthtech,Singapore,,,growth-capital,,SG,,,
inv-global-investments,,Global Investments,seed,edtech,Singapore,,,early-stage,,SG,Micro VC,,
inv-rakuten-accelerator-powered-by-techstars,,"Rakuten Accelerator, Powered by Techstars",pre-seed,media-gaming,Singapore,,,early-stage,,SG,Accelerator,,
inv-kyber-ventures,,Kyber Ventures,pre-seed; seed,web3,Singapore; Southeast Asia,,,early-stage,,SG,Venture Capital,,
inv-medisix-therapeutics,,Medisix Therapeutics,,sector-agnostic,Singapore,,,,,SG,,,
inv-habitto,,Habitto,,sector-agnostic,Singapore,,,,,SG,,,
inv-sheares-healthcare,,Sheares Healthcare,seed; series-b; series-c,healthtech,Singapore,,,early-stage; growth-capital,,SG,,,
inv-basiz-fund-service,,Basiz Fund Service,,sector-agnostic,Singapore,,,,,SG,,,
inv-oxfordcaps,,Oxfordcaps,,sector-agnostic,Singapore,,,,,SG,,,
inv-plento,,Plento,,sector-agnostic,Singapore,,,,,SG,,,
inv-plantos,,plantOS,,sector-agnostic,Malaysia,,,,,MY,,,
inv-vigti,,Vigti,,sector-agnostic,Singapore,,,,,SG,,,
inv-uppermed,,UpperMed,,sector-agnostic,Singapore,,,,,SG,,,
inv-myrlabs,,MyrLabs,,sector-agnostic,Singapore,,,,,SG,,,
inv-somin-ai,,SoMin.ai,,sector-agnostic,Singapore,,,,,SG,,,
inv-virtual-console,,Virtual Console,,sector-agnostic,Singapore,,,,,SG,,,
inv-aslan-pharmaceuticals,,ASLAN Pharmaceuticals,,sector-agnostic,Singapore,,,,,SG,,,
inv-so-col,,So-Col,,sector-agnostic,Singapore,,,,,SG,,,
inv-maverick-protocol,,Maverick Protocol,,sector-agnostic,Singapore,,,,,SG,,,
inv-salad-ventures,,Salad Ventures,,sector-agnostic,Singapore,,,,,SG,,,
inv-active-global-specialised-caregivers,,Active Global Specialised Caregivers,,sector-agnostic,Singapore,,,,,SG,,,
inv-ethlas,,Ethlas,,sector-agnostic,Singapore,,,,,SG,,,
inv-jun-capital,,Jun Capital,seed,web3,Singapore,,,early-stage,,SG,,,
inv-finn-evdemon-capital-partners,,Finn Evdemon Capital Partners,series-a,ecommerce; proptech,Singapore,,,,,SG,Venture Capital,,
inv-upstream-ventures,,Upstream Ventures,seed; series-a; buyout,enterprise-saas,Singapore,,,early-stage; growth-capital,,SG,Venture Capital,pipeline@upstreamventures.com,
inv-bexcom,,BeXcom,,sector-agnostic,Singapore,,,,,SG,,,
inv-plomo-group,,Plomo Group,,sector-agnostic,Malaysia,,,,,MY,,,
inv-propertyquants,,PropertyQuants,,sector-agnostic,Singapore,,,,,SG,,,
inv-rwdc-industries,,RWDC Industries,,sector-agnostic,Singapore,,,,,SG,,,
inv-jaic-asia-capital,,JAIC Asia Capital,,manufacturing,Singapore,,,,,SG,Venture Capital,,
inv-toast,,Toast,,sector-agnostic,Singapore,,,,,SG,,,
inv-grub-cycle,,Grub Cycle,,sector-agnostic,Malaysia,,,,,MY,,,
inv-lokalocal,,LokaLocal,,sector-agnostic,Malaysia,,,,,MY,,,
inv-debank,,DeBank,,sector-agnostic,Singapore,,,,,SG,,,
inv-rabc-group,,RABC Group,,sector-agnostic,Singapore,,,,,SG,,,
inv-seed-myanmar,,Seed Myanmar,seed,logistics,Singapore,,,early-stage,,SG,Venture Capital,,
inv-kalpha,,Kalpha,,sector-agnostic,Singapore,,,,,SG,,,
inv-cerekon,,Cerekon,,sector-agnostic,Singapore,,,,,SG,,,
inv-general-systems,,General Systems,,sector-agnostic,Singapore,,,,,SG,,,
inv-obike,,oBike,,sector-agnostic,Singapore,,,,,SG,,,
inv-nftgo,,NFTGo,,sector-agnostic,Singapore,,,,,SG,,,
inv-serv,,SERV,,sector-agnostic,Malaysia,,,,,MY,,,
inv-kravve-co,,Kravve.co,,sector-agnostic,Singapore,,,,,SG,,,
inv-ambient,,AMBIENT,,sector-agnostic,Singapore,,,,,SG,,,
inv-baypay,,BayPay,,sector-agnostic,Singapore,,,,,SG,,,
inv-medhyve,,MedHyve,,sector-agnostic,Singapore,,,,,SG,,,
inv-dressabelle,,Dressabelle,,sector-agnostic,Singapore,,,,,SG,,,
inv-jl-capital,,JL Capital,seed; series-a,fintech; logistics,Singapore; Southeast Asia,,,early-stage,,SG,Venture Capital,barbara@jlcapital.com,
inv-ematic-solutions,,Ematic Solutions,,sector-agnostic,Singapore,,,,,SG,,,
inv-avanseus,,Avanseus,,sector-agnostic,Singapore,,,,,SG,,,
inv-perromart,,PerroMart,,sector-agnostic,Singapore,,,,,SG,,,
inv-cognicept-systems,,Cognicept Systems,,sector-agnostic,Singapore,,,,,SG,,,
inv-seekify,,Seekify,,sector-agnostic,Singapore,,,,,SG,,,
inv-epsilo,,Epsilo,,sector-agnostic,Singapore,,,,,SG,,,
inv-cyber-sierra,,Cyber Sierra,,sector-agnostic,Singapore,,,,,SG,,,
inv-points-technology,,POINTS Technology,,sector-agnostic,Singapore,,,,,SG,,,
inv-eoch,,EOCH,,sector-agnostic,Singapore,,,,,SG,,,
inv-surbana-jurong,,Surbana Jurong,series-b,proptech,Singapore,,,,,SG,,,
inv-wealth,,Wealth,,sector-agnostic,Singapore,,,,,SG,,,
inv-infinity-arena,,Infinity Arena,,sector-agnostic,Singapore,,,,,SG,,,
inv-genplus,,GenPlus,,sector-agnostic,Singapore,,,,,SG,,,
inv-credence-partners,,Credence Partners,series-c; buyout,deeptech,Singapore,,,growth-capital,,SG,Private Equity Firm,,
inv-20cube-logistics,,20Cube Logistics,,sector-agnostic,Singapore,,,,,SG,,,
inv-beeketing,,Beeketing,,sector-agnostic,Singapore,,,,,SG,,,
inv-bopa,,BOPA,pre-seed,fintech,Singapore,,,early-stage,,SG,,,
inv-fraser-and-neave,,Fraser and Neave,series-a,deeptech; consumer,Singapore,,,,,SG,,,
inv-xrvision-ltd,,XRVision Ltd.,,sector-agnostic,Singapore,,,,,SG,,,
inv-omnitoons,,Omnitoons,,sector-agnostic,Singapore,,,,,SG,,,
inv-littlelives,,LittleLives,,sector-agnostic,Singapore,,,,,SG,,,
inv-seatown-international,,SeaTown International,series-b; growth; buyout,ecommerce,Singapore; Southeast Asia; Malaysia,,,growth-capital,,SG,Venture Capital,,
inv-h2-investment,,H2 Investment,seed,sector-agnostic,Malaysia,,,early-stage,,MY,Venture Capital,,
inv-pandan-ventures,,Pandan Ventures,series-a,sector-agnostic,Singapore,,,,,SG,Venture Capital,,
inv-luminor-capital,,Luminor Capital,pre-seed; series-a; series-c,fintech,Southeast Asia; Singapore,,,early-stage; growth-capital,,SG,Venture Capital,,
inv-hrnetgroup,,HRnetGroup,,sector-agnostic,Singapore,,,,,SG,,,
inv-seacef,,Seacef,seed,climatetech,Southeast Asia; Singapore,,,early-stage,,SG,,,
inv-frp-products,,FRP Products,,sector-agnostic,Singapore,,,,,SG,,,
inv-theoria-capital-management,,Theoria Capital Management,seed,edtech,Singapore,,,early-stage,,SG,Hedge Fund,,
inv-hpc-ai-technology,,HPC-AI Technology,,sector-agnostic,Singapore,,,,,SG,,,
inv-curium,,Curium,,sector-agnostic,Singapore,,,,,SG,,,
inv-perapera-ai,,perapera.ai,,sector-agnostic,Singapore,,,,,SG,,,
inv-equilibrium-world,,Equilibrium World,,sector-agnostic,Singapore,,,,,SG,,,
inv-triplestar-capital,,Triplestar Capital,seed,consumer; enterprise-saas,Singapore,,,early-stage,,SG,Venture Capital,,
inv-taembe-com,,Taembe.com,,sector-agnostic,Singapore,,,,,SG,,,
inv-alluma,,Alluma,,sector-agnostic,Singapore,,,,,SG,,,
inv-gobble,,Gobble,,sector-agnostic,Singapore,,,,,SG,,,
inv-jaj-technology,,JAJ Technology,,sector-agnostic,Singapore,,,,,SG,,,
inv-mavcap,,MAVCAP,seed,ecommerce; logistics,Malaysia; Southeast Asia,,,early-stage,,MY,Venture Capital,,
inv-guocoland-limited,,GuocoLand Limited,,sector-agnostic,Singapore,,,,,SG,,,
inv-ascendas-singbridge,,Ascendas-Singbridge,series-c,sector-agnostic,Singapore,,,growth-capital,,SG,,,
inv-kaha,,KaHa,,sector-agnostic,Singapore,,,,,SG,,,
inv-cloudmile,,CloudMile,,sector-agnostic,Singapore,,,,,SG,,,
inv-khattar-holdings,,Khattar Holdings,seed,deeptech,Singapore,,,early-stage,,SG,Venture Capital,,
inv-bfab,,Bfab,,sector-agnostic,Malaysia,,,,,MY,,,
inv-sendhelper,,Sendhelper,,sector-agnostic,Singapore,,,,,SG,,,
inv-trax,,Trax,,sector-agnostic,Singapore,,,,,SG,,,
inv-hipvan,,Hipvan,,sector-agnostic,Singapore,,,,,SG,,,
inv-easyparcel,,EasyParcel,series-b,logistics,Malaysia,,,,,MY,,,
inv-allianz-malaysia,,Allianz Malaysia,series-a,sector-agnostic,Malaysia,,,,,MY,,,
inv-globalroam,,GlobalRoam,,sector-agnostic,Singapore,,,,,SG,,,
inv-fundedhere,,FundedHere,,sector-agnostic,Singapore,,,,,SG,Venture Capital,,
inv-janio-asia,,Janio Asia,,sector-agnostic,Singapore,,,,,SG,,,
inv-poptron,,Poptron,,sector-agnostic,Malaysia,,,,,MY,,,
inv-kodekloud,,KodeKloud,,sector-agnostic,Singapore,,,,,SG,,,
inv-poseidon-network,,POSEIDON NETWORK,,sector-agnostic,Singapore,,,,,SG,,,
inv-latize,,Latize,,sector-agnostic,Singapore,,,,,SG,,,
inv-reach52,,reach52,,sector-agnostic,Singapore,,,,,SG,,,
inv-akuos,,AKUOS,,sector-agnostic,Singapore,,,,,SG,,,
inv-numu,,Numu,,sector-agnostic,Singapore,,,,,SG,,,
inv-aktivo-labs,,Aktivo Labs,,sector-agnostic,Singapore,,,,,SG,,,
inv-butleric,,Butleric,,sector-agnostic,Singapore,,,,,SG,,,
inv-hh-ventures,,HH Ventures,seed,healthtech,Singapore,,,early-stage,,SG,Private Equity Firm,,
inv-carpal,,CarPal,,sector-agnostic,Singapore,,,,,SG,,,
inv-singapore-university-of-technology-design,,Singapore University of Technology & Design,seed,edtech,Singapore,,,early-stage,,SG,,,
inv-credify,,Credify,,sector-agnostic,Singapore,,,,,SG,,,
inv-holdings,,Holdings,series-a; series-b,healthtech; climatetech,Singapore,,,,,SG,Private Equity Firm,,
inv-astronaut,,Astronaut,seed,media-gaming,Singapore,,,early-stage,,SG,,,
inv-pricearea,,PriceArea,,sector-agnostic,Singapore,,,,,SG,,,
inv-quester-capital,,Quester Capital,series-b; series-c,healthtech,Malaysia,,,growth-capital,,MY,Venture Capital,,
inv-centre-for-the-spread-of-affordable-wellness,,Centre for the Spread of Affordable Wellness,seed,agritech; consumer,Singapore,,,early-stage,,SG,,,
inv-vrcollab,,VRCollab,,sector-agnostic,Singapore,,,,,SG,,,
inv-immerzen-labs,,Immerzen Labs,,sector-agnostic,Singapore,,,,,SG,,,
inv-movel-ai,,Movel AI,,sector-agnostic,Singapore,,,,,SG,,,
inv-souschef,,SousChef,,sector-agnostic,Singapore,,,,,SG,,,
inv-web-biotechnology,,Web Biotechnology,,sector-agnostic,Singapore,,,,,SG,,,
inv-vebits-ai,,Vebits AI,,sector-agnostic,Singapore,,,,,SG,,,
inv-medios-technologies,,Medios Technologies,,sector-agnostic,Singapore,,,,,SG,,,
inv-transferfi,,TransferFi,,sector-agnostic,Singapore,,,,,SG,,,
inv-betasight,,BetaSight,,sector-agnostic,Singapore,,,,,SG,,,
inv-qritive,,Qritive,,sector-agnostic,Singapore,,,,,SG,,,
inv-kinexcs,,Kinexcs,,sector-agnostic,Singapore,,,,,SG,,,
inv-ndr-medical,,NDR Medical,,sector-agnostic,Singapore,,,,,SG,,,
inv-involt,,INVOLT,,sector-agnostic,Singapore,,,,,SG,,,
inv-konigle,,Konigle,,sector-agnostic,Singapore,,,,,SG,,,
inv-blockpunk,,BlockPunk,,sector-agnostic,Singapore,,,,,SG,,,
inv-sixsense,,SixSense,,sector-agnostic,Singapore,,,,,SG,,,
inv-eko-ai,,eko.ai,,sector-agnostic,Singapore,,,,,SG,,,
inv-horizon-quantum,,Horizon Quantum,,sector-agnostic,Singapore,,,,,SG,,,
inv-unl,,UNL,,sector-agnostic,Singapore,,,,,SG,,,
inv-capbridge,,CapBridge,,sector-agnostic,Singapore,,,,,SG,,,
inv-whitecoat,,WhiteCoat,,sector-agnostic,Singapore,,,,,SG,,,
inv-hackertrail,,HackerTrail,,sector-agnostic,Singapore,,,,,SG,,,
inv-whizpace,,Whizpace,,sector-agnostic,Singapore,,,,,SG,,,
inv-sgebiz,,SGeBIZ,,sector-agnostic,Singapore,,,,,SG,,,
inv-arth-design-build,,ARTH Design Build,,sector-agnostic,Singapore,,,,,SG,,,
inv-ftag-ventures,,FTAG Ventures,seed,sector-agnostic,Singapore,,,early-stage,,SG,Venture Capital,info@ftagventures.com,yes
inv-kungfu-math,,Kungfu Math,,sector-agnostic,Singapore,,,,,SG,,,
inv-joie,,JOIE,,sector-agnostic,Singapore,,,,,SG,,,
inv-properhands,,Properhands,,sector-agnostic,Singapore,,,,,SG,,,
inv-refash,,Refash,,sector-agnostic,Singapore,,,,,SG,,,
inv-upcode-academy,,UpCode Academy,,sector-agnostic,Singapore,,,,,SG,,,
inv-park-n-parcel,,Park N Parcel,,sector-agnostic,Singapore,,,,,SG,,,
inv-mvl-chain,,MVL Chain,,sector-agnostic,Singapore,,,,,SG,,,
inv-c88-financial-technologies,,C88 Financial Technologies,,sector-agnostic,Singapore,,,,,SG,,,
inv-lunch-actually-group,,Lunch Actually Group,,sector-agnostic,Singapore,,,,,SG,Venture Capital,,
inv-finaxar,,Finaxar,,sector-agnostic,Singapore,,,,,SG,,,
inv-uilicious,,UIlicious,,sector-agnostic,Singapore,,,,,SG,,,
inv-goget,,GoGet,,sector-agnostic,Malaysia,,,,,MY,,,
inv-ninja-van,,Ninja Van,,sector-agnostic,Singapore,,,,,SG,,,
inv-hona-io,,Hona.io,,sector-agnostic,Singapore,,,,,SG,,,
inv-opt-sea,,OPT SEA,series-a; series-b,ecommerce; enterprise-saas,Southeast Asia; Singapore,,,,,SG,Incubator,,
inv-snyppit,,Snyppit,,sector-agnostic,Singapore,,,,,SG,,,
inv-taggo,,Taggo,,sector-agnostic,Singapore,,,,,SG,,,
inv-commeasure,,Commeasure,,sector-agnostic,Singapore,,,,,SG,,,
inv-catchthatbus,,CatchThatBus,,sector-agnostic,Malaysia,,,,,MY,,,
inv-deskera,,Deskera,,sector-agnostic,Singapore,,,,,SG,,,
inv-sweetescape,,SweetEscape,,sector-agnostic,Singapore,,,,,SG,,,
inv-bookmyshow-sea,,BookMyShow SEA,,sector-agnostic,Singapore,,,,,SG,,,
inv-oyo-hotels-homes-singapore,,OYO Hotels & Homes (Singapore),,sector-agnostic,Singapore,,,,,SG,,,
inv-unabiz,,UnaBiz,,sector-agnostic,Singapore,,,,,SG,,,
inv-digital-entertainment-asset,,Digital Entertainment Asset,,sector-agnostic,Singapore,,,,,SG,,,
inv-bluered-partners,,BlueRed Partners,series-a; series-b; series-c,manufacturing; enterprise-saas,Singapore,,,growth-capital,,SG,Venture Capital,moshe@blueredpartners.com,
inv-epost-plus,,Epost Plus,,sector-agnostic,Malaysia,,,,,MY,,,
inv-6estates,,6Estates,,sector-agnostic,Singapore,,,,,SG,,,
inv-distributed-energy-pte-ltd,,Distributed Energy Pte Ltd,,sector-agnostic,Singapore,,,,,SG,,,
inv-flying-cape,,Flying Cape,,sector-agnostic,Singapore,,,,,SG,,,
inv-umitron,,Umitron,,sector-agnostic,Singapore,,,,,SG,,,
inv-st-asset-management,,ST Asset Management,series-b,healthtech,Singapore,,,,,SG,Private Equity Firm,,
inv-affinnova,,Affinnova,,sector-agnostic,Singapore,,,,,SG,,,
inv-secretlab,,Secretlab,,sector-agnostic,Singapore,,,,,SG,,,
inv-xm-studios,,XM Studios,,sector-agnostic,Singapore,,,,,SG,,,
inv-mighty-jaxx,,Mighty Jaxx,,sector-agnostic,Singapore,,,,,SG,,,
inv-bidstalk,,Bidstalk,,sector-agnostic,Singapore,,,,,SG,,,
inv-ohmyhome,,Ohmyhome,,sector-agnostic,Singapore,,,,,SG,,,
inv-appmakr,,AppMakr,,sector-agnostic,Singapore,,,,,SG,,,
inv-gigacover,,Gigacover,,sector-agnostic,Singapore,,,,,SG,,,
inv-r3-asset-management-pte-ltd,,R3 Asset Management Pte Ltd,seed,media-gaming; healthtech,Singapore,,,early-stage,,SG,Private Equity Firm,,
inv-auto-craver,,Auto Craver,,sector-agnostic,Malaysia,,,,,MY,,,
inv-the-batik-boutique,,The Batik Boutique,,sector-agnostic,Malaysia,,,,,MY,,,
inv-atx-group,,ATX Group,,sector-agnostic,Malaysia,,,,,MY,,,
inv-tripcarte,,Tripcarte,,sector-agnostic,Malaysia,,,,,MY,,,
inv-golog,,GoLog,,sector-agnostic,Malaysia,,,,,MY,,,
inv-biib,,BiiB,,sector-agnostic,Malaysia,,,,,MY,,,
inv-agiliux,,Agiliux,,sector-agnostic,Singapore,,,,,SG,,,
inv-kwikcar,,Kwikcar,,sector-agnostic,Malaysia,,,,,MY,,,
inv-iimmpact,,IIMMPACT,,sector-agnostic,Malaysia,,,,,MY,,,
inv-qijang-technologies,,QiJang Technologies,,sector-agnostic,Malaysia,,,,,MY,,,
inv-mmc-makcikkafe,,MMC(MakcikKafe),,sector-agnostic,Malaysia,,,,,MY,,,
inv-supervisor,,Supervisor,,sector-agnostic,Malaysia,,,,,MY,,,
inv-recqa,,RECQA,,sector-agnostic,Malaysia,,,,,MY,,,
inv-virtual-x,,Virtual X,,sector-agnostic,Malaysia,,,,,MY,,,
inv-tanalink,,TanaLink,,sector-agnostic,Malaysia,,,,,MY,,,
inv-erth,,ERTH,,sector-agnostic,Malaysia,,,,,MY,,,
inv-genyouth,,GenYouth,,sector-agnostic,Malaysia,,,,,MY,,,
inv-afini,,Afini,,sector-agnostic,Singapore,,,,,SG,,,
inv-healthmetrics,,HealthMetrics,,healthtech,Malaysia; Southeast Asia,,,,,MY,,,
inv-signature-market,,Signature Market,,sector-agnostic,Malaysia,,,,,MY,,,
inv-atap-co,,Atap.co,,sector-agnostic,Malaysia,,,,,MY,,,
inv-lauretta-io,,Lauretta.io,,sector-agnostic,Singapore,,,,,SG,,,
inv-bounty-media,,Bounty Media,,sector-agnostic,Singapore,,,,,SG,,,
inv-confirmu,,ConfirmU,,sector-agnostic,Singapore,,,,,SG,,,
inv-curiox-biosystems,,Curiox Biosystems,,sector-agnostic,Singapore,,,,,SG,,,
inv-cimb,,CIMB,seed,sector-agnostic,Malaysia; Singapore,,,early-stage,,MY,,,
inv-babydash,,BabyDash,,sector-agnostic,Malaysia,,,,,MY,,,
inv-glife-technologies,,Glife Technologies,,agritech,Singapore; Southeast Asia,,,,,SG,,,
inv-opennano-pte-ltd,,OpenNano Pte. Ltd.,pre-seed; seed,healthtech,Singapore,,,early-stage,,SG,,,
inv-coffeemug-ai,,CoffeeMug.ai,,sector-agnostic,Singapore,,,,,SG,,,
inv-nventures,,nVentures,pre-seed; seed,fintech,Singapore,,,early-stage,,SG,Venture Capital,,
inv-allbridge,,Allbridge,,sector-agnostic,Singapore,,,,,SG,,,
inv-select-tv-solutions-ltd,,Select TV solutions LTD,,sector-agnostic,Malaysia,,,,,MY,,,
inv-predictry,,Predictry,,sector-agnostic,Malaysia,,,,,MY,,,
inv-pinjamla,,Pinjamla,,sector-agnostic,Malaysia,,,,,MY,,,
inv-longe-medikal-sdn-bhd,,Longe Medikal Sdn Bhd,,sector-agnostic,Malaysia,,,,,MY,,,
inv-microleap,,microLEAP,,sector-agnostic,Malaysia,,,,,MY,,,
inv-zig-ventures,,ZIG Ventures,series-a; series-b,healthtech,Singapore,,,,,SG,Venture Capital,,
inv-excelpoint-technology,,Excelpoint Technology,,sector-agnostic,Singapore,,,,,SG,,,
inv-biopath-ventures,,Biopath Ventures,series-a,healthtech,Singapore,,,,,SG,Venture Capital,,
inv-advanced-medtech-holdings-amth,,Advanced MedTech Holdings (AMTH),series-a,healthtech,Singapore,,,,,SG,,,
inv-nexplay,,NEXPLAY,,sector-agnostic,Singapore,,,,,SG,,,
inv-pixcap,,PixCap,,sector-agnostic,Singapore,,,,,SG,,,
inv-kjs-group,,KJS Group,seed,agritech,Malaysia; Singapore,,,early-stage,,MY,,,
inv-makana-ventures,,Makana Ventures,series-a,agritech,Singapore,,,,,SG,Venture Capital,,
inv-tael-partners,,Tael Partners,seed,healthtech,Singapore,,,early-stage,,SG,Private Equity Firm,,
inv-wallex,,Wallex,,sector-agnostic,Singapore,,,,,SG,,,
inv-national-arts-council,,National Arts Council,,sector-agnostic,Singapore,,,,,SG,,,
inv-trafigura,,Trafigura,growth,sector-agnostic,Singapore,,,growth-capital,,SG,,enquiries@trafigura.com,yes
inv-tri-sector-associates,,Tri-Sector Associates,,sector-agnostic,Singapore,,,,,SG,,,
inv-moleac,,Moleac,,sector-agnostic,Singapore,,,,,SG,,,
inv-toowoo,,Toowoo,,sector-agnostic,Singapore,,,,,SG,,,
inv-govin-capital-pte-ltd,,Govin Capital Pte Ltd,seed; series-a,healthtech; edtech,Singapore,,,early-stage,,SG,Accelerator,info@govincapital.com,yes
inv-speedoc,,Speedoc,,sector-agnostic,Singapore,,,,,SG,,,
inv-coent-venture-partners,,Coent Venture Partners,seed; series-a,enterprise-saas; consumer,Singapore,,,early-stage,,SG,Venture Capital,,
inv-capikris-foundation,,Capikris Foundation,seed; series-a; series-c,healthtech; deeptech,Southeast Asia; Singapore,,,early-stage; growth-capital,,SG,Angel Group,,
inv-rapzo-capital,,RAPZO CAPITAL,seed; series-a,ecommerce,Singapore; Malaysia,,,early-stage,,SG,Incubator,info@rapzo.com,yes
inv-pencil,,Pencil,,sector-agnostic,Singapore,,,,,SG,,,
inv-radicali,,Radicali,,sector-agnostic,Singapore,,,,,SG,,,
inv-quod-ai,,Quod AI,,sector-agnostic,Singapore,,,,,SG,,,
inv-esco-ventures,,Esco Ventures,seed; series-a,healthtech,Singapore,,,early-stage,,SG,Venture Capital,,
inv-carmentix,,Carmentix,,sector-agnostic,Singapore,,,,,SG,,,
inv-cargene,,Cargene,,sector-agnostic,Singapore,,,,,SG,,,
inv-esco-lifesciences,,Esco Lifesciences,seed; series-a,healthtech,Singapore,,,early-stage,,SG,,ede.info@escolifesciences.com,
inv-evx-ventures,,EVX Ventures,series-a,healthtech,Singapore,,,,,SG,Venture Capital,,
inv-the-yield-lab-asia-pacific,,The Yield Lab Asia Pacific,seed; series-a,agritech,Singapore; Malaysia,,,early-stage,,SG,Venture Capital,,
inv-gajiku,,Gajiku,,sector-agnostic,Singapore,,,,,SG,,,
inv-expara-thailand,,Expara Thailand,seed; series-a,healthtech,Southeast Asia; Singapore,,,early-stage,,SG,Venture Capital,,
inv-citrine-capital,,Citrine Capital,seed; series-a,healthtech,Malaysia; Singapore,,,early-stage,,MY,Venture Capital,contact@citrinecapital.com,yes
inv-health-management-international,,Health Management International,series-a,healthtech,Singapore,,,,,SG,,,
inv-thakral-group,,Thakral Group,seed; series-a; series-b,web3,Singapore; Southeast Asia,,,early-stage,,SG,Venture Capital,,
inv-grab-ventures,,Grab Ventures,seed; series-c,sector-agnostic,Singapore; Southeast Asia,,,early-stage; growth-capital,,SG,Venture Capital,,
inv-red-dot-ventures,,Red Dot Ventures,seed,manufacturing,Singapore; Southeast Asia,,,early-stage,,SG,Venture Capital,,
inv-1derlife-growth,,1Derlife Growth,seed; series-a,sector-agnostic,Singapore,,,early-stage,,SG,Private Equity Firm,,
inv-firstfloor-capital,,FIRSTFLOOR CAPITAL,series-a; series-b; series-c,enterprise-saas; ecommerce,Malaysia; Singapore,,,growth-capital,,MY,Venture Capital,,
inv-st-engineering,,ST Engineering,,manufacturing,Singapore,,,,,SG,,,
inv-breathonix,,Breathonix,,sector-agnostic,Singapore,,,,,SG,,,
inv-homespace,,HomeSpace,,sector-agnostic,Singapore,,,,,SG,,,
inv-craft-health,,Craft Health,,sector-agnostic,Singapore,,,,,SG,,,
inv-jason-marine-group,,Jason Marine Group,series-a,sector-agnostic,Singapore,,,,,SG,,,
inv-sense-infosys,,Sense Infosys,,sector-agnostic,Singapore,,,,,SG,,,
inv-seventh-sense,,Seventh Sense,,sector-agnostic,Singapore,,,,,SG,,,
inv-keppel-capital,,Keppel Capital,seed; series-b,logistics,Singapore,,,early-stage,,SG,Venture Capital,,
inv-smarter-health,,Smarter Health,,sector-agnostic,Singapore,,,,,SG,,,
inv-ivest-capital,,Ivest Capital,series-b,fintech,Singapore,,,,,SG,Venture Capital,+00125456888,yes
inv-skin,,Skin,,sector-agnostic,Singapore,,,,,SG,,,
inv-endofotonics,,Endofotonics,,sector-agnostic,Singapore,,,,,SG,,,
inv-carmen,,Carmen,,sector-agnostic,Singapore,,,,,SG,,,
inv-child-health-imprints,,CHILD Health Imprints,,sector-agnostic,Singapore,,,,,SG,,,
inv-hummingbird-bioscience,,Hummingbird Bioscience,series-a,healthtech,Singapore,,,,,SG,,,
inv-botsync,,Botsync,,sector-agnostic,Singapore,,,,,SG,,,
inv-3dinfra,,3DInfra,,sector-agnostic,Singapore,,,,,SG,,,
inv-smartclean-technologies,,SmartClean Technologies,,sector-agnostic,Singapore,,,,,SG,,,
inv-protenga,,Protenga,,sector-agnostic,Singapore,,,,,SG,,,
inv-pedra-technology,,Pedra Technology,,sector-agnostic,Singapore,,,,,SG,,,
inv-gush,,Gush,,sector-agnostic,Singapore,,,,,SG,,,
inv-nutrition-technologies,,Nutrition Technologies,,sector-agnostic,Singapore,,,,,SG,,,
inv-mesh-bio,,Mesh Bio,,sector-agnostic,Singapore,,,,,SG,,,
inv-alchemy-foodtech,,Alchemy Foodtech,,sector-agnostic,Singapore,,,,,SG,,,
inv-acktec-technologies,,ACKTEC Technologies,,sector-agnostic,Singapore,,,,,SG,,,
inv-impress-ai,,impress.ai,,sector-agnostic,Singapore,,,,,SG,,,
inv-nuevocor,,Nuevocor,,sector-agnostic,Singapore,,,,,SG,,,
inv-dimuto,,DiMuto,,sector-agnostic,Singapore,,,,,SG,,,
inv-moovita,,Moovita,,sector-agnostic,Singapore,,,,,SG,,,
inv-rushowl,,RushOwl,,sector-agnostic,Singapore,,,,,SG,,,
inv-crowdo,,Crowdo,,sector-agnostic,Singapore,,,,,SG,,,
inv-asiacontent,,AsiaContent,,sector-agnostic,Singapore,,,,,SG,,,
inv-apver,,APVER,,sector-agnostic,Malaysia,,,,,MY,,,
inv-petsodia-com,,Petsodia.com,,sector-agnostic,Malaysia,,,,,MY,,,
inv-commsights,,Commsights,,sector-agnostic,Malaysia,,,,,MY,,,
inv-smartly,,Smartly,,sector-agnostic,Singapore,,,,,SG,,,
inv-parkit,,ParkIt,,sector-agnostic,Malaysia,,,,,MY,,,
inv-24-angels,,24 Angels,,sector-agnostic,Malaysia,,,,,MY,,,
inv-the-aqiqah,,The Aqiqah,,sector-agnostic,Malaysia,,,,,MY,,,
inv-effenbe,,Effenbe,,sector-agnostic,Malaysia,,,,,MY,,,
inv-jobworks,,Jobworks,,sector-agnostic,Malaysia,,,,,MY,,,
inv-red-dino,,Red Dino,,sector-agnostic,Malaysia,,,,,MY,,,
inv-jomrun,,JomRun,,sector-agnostic,Malaysia,,,,,MY,,,
inv-ezyspark,,EzySpark,,sector-agnostic,Malaysia,,,,,MY,,,
inv-plush-services,,Plush Services,,sector-agnostic,Malaysia,,,,,MY,,,
inv-crayon-data,,Crayon Data,,sector-agnostic,Singapore,,,,,SG,,,
inv-beyondseed,,BeyondSeed,pre-seed; seed,consumer; ecommerce,Singapore,,,early-stage,,SG,Venture Capital,support@beyondseed.com,yes
inv-umami-bioworks,,UMAMI Bioworks,,sector-agnostic,Singapore,,,,,SG,,,
inv-singapore-exchange-limited,,Singapore Exchange Limited,series-a; series-b,ecommerce,Singapore,,,,,SG,Venture Capital,,
inv-malaysian-global-innovation-and-creativity-centr,,Malaysian Global Innovation and Creativity Centre - MaGIC,,sector-agnostic,Malaysia,,,,,MY,Accelerator,,
inv-autotiming,,Autotiming,,sector-agnostic,Singapore,,,,,SG,,,
inv-koku,,Koku,,sector-agnostic,Singapore,,,,,SG,,,
inv-moneymatch,,MoneyMatch,,sector-agnostic,Malaysia,,,,,MY,,,
inv-ejen2u,,Ejen2u,,sector-agnostic,Malaysia,,,,,MY,,,
inv-pomen,,POMEN,,sector-agnostic,Malaysia,,,,,MY,,,
inv-jobs-central,,Jobs Central,,sector-agnostic,Singapore,,,,,SG,,,
inv-doctor-wealth,,Doctor Wealth,,sector-agnostic,Singapore,,,,,SG,,,
inv-metroresidences,,MetroResidences,,sector-agnostic,Singapore,,,,,SG,,,
inv-tourplus,,Tourplus,,sector-agnostic,Malaysia,,,,,MY,,,
inv-appedine,,AppeDine,,sector-agnostic,Singapore,,,,,SG,,,
inv-datature,,Datature,,sector-agnostic,Singapore,,,,,SG,,,
inv-turtletree,,TurtleTree,,sector-agnostic,Singapore,,,,,SG,,,
inv-refract-technologies,,Refract Technologies,,sector-agnostic,Singapore,,,,,SG,,,
inv-infinity-force,,Infinity Force,,sector-agnostic,Singapore,,,,,SG,,,
inv-kfit,,KFit,,sector-agnostic,Malaysia,,,,,MY,,,
inv-tsc-the-stakeholder-company,,TSC - The Stakeholder Company,,sector-agnostic,Singapore,,,,,SG,,,
inv-themobilegamer-tmg,,TheMobileGamer (TMG),,sector-agnostic,Singapore,,,,,SG,,,
inv-itwin,,iTwin,,sector-agnostic,Singapore,,,,,SG,,,
inv-calibre-ventures,,Calibre Ventures,series-b,enterprise-saas; ecommerce,Singapore,,,,,SG,Venture Capital,,
inv-small-world-group,,Small World Group,seed,healthtech,Singapore,,,early-stage,,SG,Venture Capital,,
inv-majuven,,Majuven,seed; series-a; series-c,healthtech,Singapore; Southeast Asia,,,early-stage; growth-capital,,SG,Venture Capital,info@majuven.com,yes
inv-delphy-foundation,,Delphy Foundation,,sector-agnostic,Singapore,,,,,SG,,,
inv-scry-info,,Scry.info,,web3,Singapore,,,,,SG,Venture Capital,,
inv-cointiger,,CoinTiger,,sector-agnostic,Singapore,,,,,SG,,,
inv-ink-labs-foundation,,Ink Labs Foundation,,sector-agnostic,Singapore,,,,,SG,,,
inv-read,,READ,,sector-agnostic,Singapore,,,,,SG,,,
inv-primas,,PRIMAS,,sector-agnostic,Singapore,,,,,SG,,,
inv-icube,,Icube,,sector-agnostic,Singapore,,,,,SG,,,
inv-bibox,,Bibox,,sector-agnostic,Singapore,,,,,SG,,,
inv-measurable-data-token,,Measurable Data Token,,sector-agnostic,Singapore,,,,,SG,,,
inv-qunqun,,QunQun,,sector-agnostic,Singapore,,,,,SG,,,
inv-trip-io,,Trip.io,,sector-agnostic,Singapore,,,,,SG,,,
inv-dltledgers,,dltledgers,,sector-agnostic,Singapore,,,,,SG,,,
inv-clozette-group,,Clozette Group,,sector-agnostic,Singapore,,,,,SG,,,
inv-mixmarvel,,MixMarvel,seed,web3; deeptech,Singapore,,,early-stage,,SG,,,
inv-alphawallet,,AlphaWallet,,sector-agnostic,Singapore,,,,,SG,,,
inv-wigzo-technologies,,Wigzo Technologies,,sector-agnostic,Singapore,,,,,SG,,,
inv-inseadalum-ventures,,INSEADAlum Ventures,pre-seed; seed,consumer,Singapore,,,early-stage,,SG,Venture Capital,,
inv-greyloft,,Greyloft,,sector-agnostic,Singapore,,,,,SG,,,
inv-vybes,,Vybes,,sector-agnostic,Singapore,,,,,SG,,,
inv-vresorts,,VResorts,,sector-agnostic,Singapore,,,,,SG,,,
inv-l-catterton-asia,,L Catterton Asia,series-b; growth; buyout,ecommerce; consumer,Singapore; Southeast Asia,,,growth-capital,,SG,Private Equity Firm,info@lcatterton.com,yes
inv-kunlun-capital,,Kunlun Capital,seed; series-a; series-b,healthtech,Singapore,,,early-stage,,SG,Venture Capital,,
inv-bigo-technology,,BIGO Technology,,sector-agnostic,Singapore,,,,,SG,,,
inv-tokenpocket,,TokenPocket,seed,web3; fintech,Singapore,,,early-stage,,SG,,,
inv-heypal,,HeyPal,,sector-agnostic,Singapore,,,,,SG,,,
inv-sketchnote-partners,,Sketchnote Partners,pre-seed; seed,ecommerce,Singapore; Southeast Asia,,,early-stage,,SG,Micro VC,,
inv-precession-capital-berhad,,PRECESSION CAPITAL BERHAD,seed,consumer,Malaysia,,,early-stage,,MY,Venture Capital,admin@precessioncapital.com,yes
inv-biki-com,,BiKi.com,,sector-agnostic,Singapore,,,,,SG,,,
inv-ailink,,AiLink,,sector-agnostic,Singapore,,,,,SG,,,
inv-docquity,,Docquity,,sector-agnostic,Singapore,,,,,SG,,,
inv-tinkbig-venture,,TinkBig Venture,seed,ecommerce; consumer,Malaysia; Singapore,,,early-stage,,MY,Venture Capital,,
inv-momentum-vc,,Momentum VC,seed; series-a; series-c,logistics; climatetech,Singapore,,,early-stage; growth-capital,,SG,Venture Capital,,
inv-merchantrade,,Merchantrade,,sector-agnostic,Malaysia,,,,,MY,,,
inv-axiata,,Axiata,,sector-agnostic,Malaysia,,,,,MY,,,
inv-merlion-pharma,,MerLion Pharma,,sector-agnostic,Singapore,,,,,SG,,,
inv-ubersnap,,Ubersnap,,sector-agnostic,Singapore,,,,,SG,,,
inv-keyreply,,KeyReply,,sector-agnostic,Singapore,,,,,SG,,,
inv-learnly,,Learnly,,sector-agnostic,Singapore,,,,,SG,,,
inv-elxr,,ELXR,,sector-agnostic,Singapore,,,,,SG,,,
inv-common-visual-entertainment,,Common Visual Entertainment,,sector-agnostic,Singapore,,,,,SG,,,
inv-nurture-ai,,Nurture.AI,,sector-agnostic,Singapore,,,,,SG,,,
inv-postco,,PostCo,,sector-agnostic,Malaysia,,,,,MY,,,
inv-beehivee,,Beehivee,,sector-agnostic,Singapore,,,,,SG,,,
inv-vaff-pte-ltd,,VAFF PTE LTD,,sector-agnostic,Singapore,,,,,SG,,,
inv-ideacracker,,IdeaCracker,,sector-agnostic,Singapore,,,,,SG,,,
inv-beyond-ownership,,Beyond Ownership,,sector-agnostic,Singapore,,,,,SG,,,
inv-bow,,BOW,,sector-agnostic,Singapore,,,,,SG,,,
inv-telepod,,Telepod,,sector-agnostic,Singapore,,,,,SG,,,
inv-wanderhow,,Wanderhow,,sector-agnostic,Singapore,,,,,SG,,,
inv-eatsy-technologies,,Eatsy Technologies,,sector-agnostic,Singapore,,,,,SG,,,
inv-wiredwheels,,WiredWheels,,sector-agnostic,Singapore,,,,,SG,,,
inv-cafebond-com,,Cafebond.com,,sector-agnostic,Singapore,,,,,SG,,,
inv-sg-assist,,SG Assist,,sector-agnostic,Singapore,,,,,SG,,,
inv-anywhr,,Anywhr,,sector-agnostic,Singapore,,,,,SG,,,
inv-homa2u,,HOMA2u,,sector-agnostic,Malaysia,,,,,MY,,,
inv-one-biomed,,One BioMed,,sector-agnostic,Singapore,,,,,SG,,,
inv-rsg,,RSG,,sector-agnostic,Singapore,,,,,SG,,,
inv-gamerforce-ventures,,Gamerforce Ventures,pre-seed,media-gaming,Singapore,,,early-stage,,SG,Venture Capital,,
inv-jambox-games,,Jambox Games,,sector-agnostic,Singapore,,,,,SG,,,
inv-goama,,Goama,,sector-agnostic,Singapore,,,,,SG,,,
inv-talox,,Talox,,sector-agnostic,Singapore,,,,,SG,,,
inv-championfy-acquired-by-ampverse,,Championfy (Acquired by Ampverse),,sector-agnostic,Singapore,,,,,SG,,,
inv-wiarframe,,wiarframe,,sector-agnostic,Singapore,,,,,SG,,,
inv-asiantrust-capital-partners,,Asiantrust Capital Partners,seed,ecommerce; logistics,Singapore; Southeast Asia,,,early-stage,,SG,Venture Capital,,
inv-bonappetour,,BonAppetour,,sector-agnostic,Singapore,,,,,SG,,,
inv-trabble,,Trabble,,sector-agnostic,Singapore,,,,,SG,,,
inv-ampotech,,Ampotech,,sector-agnostic,Singapore,,,,,SG,,,
inv-interviewer-ai,,Interviewer.AI,,sector-agnostic,Singapore,,,,,SG,,,
inv-resync,,Resync,,sector-agnostic,Singapore,,,,,SG,,,
inv-force-for-good,,Force for Good,,sector-agnostic,Singapore,,,,,SG,,,
inv-trophyroom,,TrophyRoom,,sector-agnostic,Singapore,,,,,SG,,,
inv-aetius-capital,,Aetius Capital,seed; series-a,sector-agnostic,Singapore,,,early-stage,,SG,Private Equity Firm,+6512345678,yes
inv-purpose-venture-capital,,Purpose Venture Capital,seed; series-b,sector-agnostic,Singapore,,,early-stage,,SG,Venture Capital,,
inv-zumvet,,ZumVet,,sector-agnostic,Singapore,,,,,SG,,,
inv-svested,,Svested,,sector-agnostic,Singapore,,,,,SG,,,
inv-beaubit,,BEAUBIT,,sector-agnostic,Singapore,,,,,SG,,,
inv-powerhouse-ai,,Powerhouse AI,,sector-agnostic,Singapore,,,,,SG,,,
inv-knowledge-platform,,Knowledge Platform,,sector-agnostic,Singapore,,,,,SG,,,
inv-silicon-solution-partners,,Silicon Solution Partners,seed,healthtech,Singapore,,,early-stage,,SG,Accelerator,,
inv-aevice-health,,Aevice Health,,sector-agnostic,Singapore,,,,,SG,,,
inv-beryllium,,Beryllium,,sector-agnostic,Singapore,,,,,SG,,,
inv-igotopia-sdn-bhd,,Igotopia Sdn Bhd,,sector-agnostic,Malaysia,,,,,MY,,,
inv-kudo-labs,,Kudo Labs,,sector-agnostic,Singapore,,,,,SG,,,
inv-slasify,,Slasify,,sector-agnostic,Singapore,,,,,SG,,,
inv-lanturn,,Lanturn,,sector-agnostic,Singapore,,,,,SG,,,
inv-drive-lah,,Drive lah,,sector-agnostic,Singapore,,,,,SG,,,
inv-gumlet,,Gumlet,,sector-agnostic,Singapore,,,,,SG,,,
inv-hugosave,,Hugosave,,sector-agnostic,Singapore,,,,,SG,,,
inv-tes-singapore,,TES (Singapore),seed; series-b,climatetech,Singapore,,,early-stage,,SG,,,
inv-rebaked,,reBaked,,sector-agnostic,Singapore,,,,,SG,,,
inv-bizbaz,,Bizbaz,,sector-agnostic,Singapore,,,,,SG,,,
inv-hobnob-ai,,Hobnob.ai,,sector-agnostic,Singapore,,,,,SG,,,
inv-palexy,,Palexy,,sector-agnostic,Singapore,,,,,SG,,,
inv-innopact,,Innopact,pre-seed; seed,fintech; deeptech,Singapore,,,early-stage,,SG,Venture Capital,ekhart@innopact.com,
inv-proficient-software,,Proficient Software,,sector-agnostic,Malaysia,,,,,MY,,,
inv-legalfab,,LegalFAB,,sector-agnostic,Singapore,,,,,SG,,,
inv-leaves-berhad,,Leaves Berhad,,sector-agnostic,Malaysia,,,,,MY,,,
inv-clime-capital,,Clime Capital,seed; series-a,climatetech,Southeast Asia; Singapore,,,early-stage,,SG,Venture Capital,,
inv-panalyt,,Panalyt,,sector-agnostic,Singapore,,,,,SG,,,
inv-trophee,,Trophee,,sector-agnostic,Singapore,,,,,SG,,,
inv-nanyang-realty,,Nanyang Realty,seed,agritech; consumer,Singapore,,,early-stage,,SG,,,
inv-hoow-foods,,Hoow Foods,,sector-agnostic,Singapore,,,,,SG,,,
inv-inkr,,INKR,,sector-agnostic,Singapore,,,,,SG,,,
inv-progressture-solar,,Progressture Solar,,sector-agnostic,Malaysia,,,,,MY,,,
inv-explico,,Explico,,sector-agnostic,Singapore,,,,,SG,,,
inv-jobrewards,,JobRewards,,sector-agnostic,Malaysia,,,,,MY,,,
inv-etherscan,,Etherscan,seed,web3,Malaysia; Singapore,,,early-stage,,MY,,,
inv-myt-edutech-berhad,,MyT EduTech Berhad,,sector-agnostic,Malaysia,,,,,MY,,,
inv-serviceback-com,,ServiceBack.com,,sector-agnostic,Singapore,,,,,SG,,,
inv-baf-spectrum,,BAF Spectrum,seed; series-a,sector-agnostic,Singapore,,,early-stage,,SG,Angel Group,,
inv-tigris-capital,,Tigris Capital,pre-seed; seed; series-a,ecommerce; proptech,Singapore,,,early-stage,,SG,Angel Group,,
inv-augmentus,,Augmentus,,sector-agnostic,Singapore,,,,,SG,,,
inv-clicks-pte-ltd,,Clicks Pte. Ltd.,,sector-agnostic,Singapore,,,,,SG,,,
inv-fishyhub,,FishyHub,,sector-agnostic,Singapore,,,,,SG,,,
inv-awesome-container-company,,Awesome Container Company,,sector-agnostic,Singapore,,,,,SG,,,
inv-evrynet,,Evrynet,,sector-agnostic,Singapore,,,,,SG,,,
inv-cybavo,,Cybavo,,sector-agnostic,Singapore,,,,,SG,,,
inv-lucy,,Lucy,,sector-agnostic,Singapore,,,,,SG,,,
inv-neobael,,Neobael,,sector-agnostic,Singapore,,,,,SG,,,
inv-flying-chalks,,Flying Chalks,,sector-agnostic,Singapore,,,,,SG,,,
inv-etialy,,Etialy,,sector-agnostic,Singapore,,,,,SG,,,
inv-sparescnx,,SparesCNX,,sector-agnostic,Singapore,,,,,SG,,,
inv-sol-x,,SOL-X,,sector-agnostic,Singapore,,,,,SG,,,
inv-misc-berhad,,MISC Berhad,seed,logistics,Malaysia; Singapore,,,early-stage,,MY,,+60322640888,yes
inv-chord-x,,Chord X,,sector-agnostic,Singapore,,,,,SG,,,
inv-cococart,,Cococart,,sector-agnostic,Singapore,,,,,SG,,,
inv-ethis,,Ethis,,sector-agnostic,Malaysia,,,,,MY,,,
inv-filmplace,,Filmplace,,sector-agnostic,Singapore,,,,,SG,,,
inv-milky-way-ai,,Milky Way AI,,sector-agnostic,Singapore,,,,,SG,,,
inv-inseact,,INSEACT,,sector-agnostic,Singapore,,,,,SG,,,
inv-strive-education,,Strive Education,,sector-agnostic,Singapore,,,,,SG,,,
inv-tradetogether,,TradeTogether,,sector-agnostic,Singapore,,,,,SG,,,
inv-tolaram-group,,Tolaram Group,seed,fintech,Singapore,,,early-stage,,SG,,,
inv-shandi-global,,Shandi Global,,sector-agnostic,Singapore,,,,,SG,,,
inv-tinai,,Tinai,,sector-agnostic,Singapore,,,,,SG,,,
inv-adra,,Adra,,sector-agnostic,Singapore,,,,,SG,,,
inv-hh-vc-investments,,HH VC Investments,pre-seed; seed; series-a,ecommerce; enterprise-saas,Singapore; Southeast Asia,,,early-stage,,SG,Family Investment Office,,
inv-dezy,,DeZy,,sector-agnostic,Singapore,,,,,SG,,,
inv-areca-capital,,Areca Capital,seed; growth,logistics,Malaysia; Singapore,,,early-stage; growth-capital,,MY,Venture Capital,invest@arecacapital.com,
inv-mobypay,,MobyPay,,sector-agnostic,Malaysia,,,,,MY,,,
inv-fairphonic,,Fairphonic,,sector-agnostic,Singapore,,,,,SG,,,
inv-hayek-fi,,Hayek.fi,,sector-agnostic,Singapore,,,,,SG,,,
inv-trive-vc,,TRIVE VC,pre-seed; seed; series-a,fintech; edtech; web3,Singapore; Southeast Asia,,,early-stage,,SG,Venture Capital,,
inv-tigerhall,,Tigerhall,,sector-agnostic,Singapore,,,,,SG,,,
inv-imotorbike,,iMotorbike,,sector-agnostic,Singapore,,,,,SG,,,
inv-rider-dome,,Rider Dome,,sector-agnostic,Singapore,,,,,SG,,,
inv-noodle-factory,,Noodle Factory,,sector-agnostic,Singapore,,,,,SG,,,
inv-star-future-energy-sdn-bhd,,Star Future Energy Sdn Bhd,,sector-agnostic,Malaysia,,,,,MY,,,
inv-palimala-ventures,,Palimala Ventures,seed,sector-agnostic,Singapore,,,early-stage,,SG,Venture Capital,,
inv-goinfluencer,,GOinfluencer,,sector-agnostic,Singapore,,,,,SG,,,
inv-marqetr,,MARQETR,,sector-agnostic,Malaysia,,,,,MY,,,
inv-ilyf-personalised-insurance-for-drivers,,iLyF - Personalised Insurance for Drivers,,sector-agnostic,Malaysia,,,,,MY,,,
inv-digital-media-nusantara,,Digital Media Nusantara,,sector-agnostic,Malaysia,,,,,MY,,,
inv-twixor,,Twixor,,sector-agnostic,Singapore,,,,,SG,,,
inv-t-lab,,T-Lab,,sector-agnostic,Singapore,,,,,SG,,,
inv-dt-one,,DT One,,sector-agnostic,Singapore,,,,,SG,,,
inv-moolahgo,,MoolahGo,,sector-agnostic,Singapore,,,,,SG,,,
inv-clevai,,Clevai,,sector-agnostic,Singapore,,,,,SG,,,
inv-satisfind,,SatisFIND,,sector-agnostic,Singapore,,,,,SG,,,
inv-atlas,,Atlas,,sector-agnostic,Singapore,,,,,SG,,,
inv-eduspaze,,EduSpaze,pre-seed; seed; series-a,edtech,Singapore; Southeast Asia; Malaysia,,,early-stage,,SG,Accelerator,12021070801,yes
inv-sarawak-digital-economy-corporation-berhad,,Sarawak Digital Economy Corporation Berhad,seed,edtech,Malaysia,,,early-stage,,MY,Government Office,,
inv-futurelab,,FutureLab,,sector-agnostic,Malaysia,,,,,MY,,,
inv-tai-hing-group,,Tai Hing Group,seed,climatetech,Singapore,,,early-stage,,SG,,,
inv-sgrecycle,,SGRecycle,,sector-agnostic,Singapore,,,,,SG,,,
inv-diversely-io,,Diversely.io,,sector-agnostic,Singapore,,,,,SG,,,
inv-smile,,Smile,,sector-agnostic,Singapore,,,,,SG,,,
inv-hive-health,,Hive Health,,sector-agnostic,Singapore,,,,,SG,,,
inv-novabit-capital,,Novabit Capital,seed; series-a,web3; media-gaming,Singapore,,,early-stage,,SG,Venture Capital,,
inv-koperasi-tenterra,,Koperasi Tenterra,seed,fintech,Malaysia,,,early-stage,,MY,Venture Capital,,
inv-mymy,,MyMy,,sector-agnostic,Malaysia,,,,,MY,,,
inv-surer,,Surer,,sector-agnostic,Singapore,,,,,SG,,,
inv-appknox,,Appknox,,sector-agnostic,Singapore,,,,,SG,,,
inv-stream-media,,Stream Media,,sector-agnostic,Singapore,,,,,SG,,,
inv-cardup,,CardUp,,sector-agnostic,Singapore,,,,,SG,,,
inv-engagerocket,,EngageRocket,,sector-agnostic,Singapore,,,,,SG,,,
inv-talenox,,Talenox,,sector-agnostic,Singapore,,,,,SG,,,
inv-arrow,,Arrow,,sector-agnostic,Singapore,,,,,SG,,,
inv-vouch,,Vouch,,sector-agnostic,Singapore,,,,,SG,,,
inv-load2go,,Load2Go,,sector-agnostic,Malaysia,,,,,MY,,,
inv-ezyoffice,,EzyOffice,,sector-agnostic,Malaysia,,,,,MY,,,
inv-kiddocare,,Kiddocare,,sector-agnostic,Malaysia,,,,,MY,,,
inv-hatio,,Hatio,,sector-agnostic,Malaysia,,,,,MY,,,
inv-smartfund,,Smartfund,,sector-agnostic,Malaysia,,,,,MY,,,
inv-quadby,,Quadby,,sector-agnostic,Malaysia,,,,,MY,,,
inv-mybump-media,,MyBump Media,,sector-agnostic,Malaysia,,,,,MY,,,
inv-hire-seniors,,Hire.Seniors,,sector-agnostic,Malaysia,,,,,MY,,,
inv-scaleup-malaysia,,ScaleUp Malaysia,pre-seed; seed,ecommerce,Malaysia; Singapore; Southeast Asia,,,early-stage,,MY,Accelerator,,
inv-fefifo,,Fefifo,,sector-agnostic,Singapore,,,,,SG,,,
inv-wows-global,,WOWS Global,,sector-agnostic,Singapore,,,,,SG,,,
inv-fando,,Fando,,sector-agnostic,Singapore,,,,,SG,,,
inv-5digital-ventures,,5Digital Ventures,seed,healthtech,Singapore; Southeast Asia,,,early-stage,,SG,Venture Capital,,
inv-vertical-oceans,,Vertical Oceans,,sector-agnostic,Singapore,,,,,SG,,,
inv-insead-gain-global-angel-investment-network,,INSEAD GAIN - Global Angel & Investment Network,seed,fintech,Singapore,,,early-stage,,SG,Angel Group,,
inv-1337-ventures,,1337 Ventures,pre-seed; seed,ecommerce,Malaysia; Singapore; Southeast Asia,,,early-stage,,MY,Venture Capital,,
inv-synapse,,SYNAPSE,,sector-agnostic,Malaysia,,,,,MY,,,
inv-breadcrumbs-app,,Breadcrumbs App,,sector-agnostic,Singapore,,,,,SG,,,
inv-w100-venture-capital,,W100 Venture Capital,pre-seed,sector-agnostic,Malaysia,,,early-stage,,MY,Venture Capital,,
inv-imc-ventures,,IMC Ventures,seed,deeptech,Singapore,,,early-stage,,SG,Venture Capital,axeltan@imcventures.vc,
inv-beex,,BeeX,,sector-agnostic,Singapore,,,,,SG,,,
inv-reciprocus-international,,Reciprocus International,seed,fintech,Singapore; Southeast Asia,,,early-stage,,SG,,,
inv-uparcel,,uParcel,,sector-agnostic,Singapore,,,,,SG,,,
inv-fraxtor,,Fraxtor,,sector-agnostic,Singapore,,,,,SG,,,
inv-mortgage-master,,Mortgage Master,,sector-agnostic,Singapore,,,,,SG,,,
inv-keepflying,,KeepFlying®,,sector-agnostic,Singapore,,,,,SG,,,
inv-etaily,,Etaily,,sector-agnostic,Singapore,,,,,SG,,,
inv-negocia-capital,,Negocia Capital,pre-seed,logistics,Singapore,,,early-stage,,SG,Venture Capital,,
inv-yugo,,Yugo,,sector-agnostic,Singapore,,,,,SG,,,
inv-bizangel-network,,BizAngel Network,,logistics; ecommerce,Malaysia,,,,,MY,Venture Capital,,
inv-runningman,,RunningMan,,sector-agnostic,Malaysia,,,,,MY,,,
inv-lokein,,Lokein,,sector-agnostic,Malaysia,,,,,MY,,,
inv-reemedy,,Reemedy,,sector-agnostic,Malaysia,,,,,MY,,,
inv-hauz,,HAUZ,,sector-agnostic,Malaysia,,,,,MY,,,
inv-lapasar-com,,Lapasar.com,,sector-agnostic,Malaysia,,,,,MY,,,
inv-talentcloud-ai,,Talentcloud.ai,,sector-agnostic,Malaysia,,,,,MY,,,
inv-riipay,,Riipay,,sector-agnostic,Malaysia,,,,,MY,,,
inv-entrusol,,Entrusol,,sector-agnostic,Malaysia,,,,,MY,,,
inv-corporate-accelerator,,Corporate Accelerator,pre-seed,fintech; ecommerce; deeptech,Malaysia; Southeast Asia,,,early-stage,,MY,Accelerator,,
inv-nexea-venture-capital-angel-investors,,NEXEA Venture Capital & Angel Investors,pre-seed; seed,ecommerce; healthtech,Malaysia; Singapore; Southeast Asia,,,early-stage,,MY,Venture Capital,,
inv-4xlabs,,4xLabs,,sector-agnostic,Singapore,,,,,SG,,,
inv-aura-group,,Aura Group,seed; series-a,sector-agnostic,Singapore; Southeast Asia,,,early-stage,,SG,Venture Capital,info@aura.co,yes
inv-blauwpark-partners,,Blauwpark Partners,seed; series-a; series-b,fintech,Southeast Asia; Singapore,,,early-stage,,SG,Family Investment Office,,
inv-casa-mia-coliving,,Casa Mia Coliving,,sector-agnostic,Singapore,,,,,SG,,,
inv-pluvia-ai,,Pluvia.ai,,sector-agnostic,Singapore,,,,,SG,,,
inv-moneyduck,,MoneyDuck,,sector-agnostic,Singapore,,,,,SG,,,
inv-space-next-door,,Space Next Door,,sector-agnostic,Singapore,,,,,SG,,,
inv-gayo-capital,,Gayo Capital,seed,agritech; edtech,Singapore; Southeast Asia,,,early-stage,,SG,Venture Capital,,
inv-potato-play,,Potato Play,,sector-agnostic,Singapore,,,,,SG,,,
inv-lf,,ælf,,media-gaming,Singapore,,,,,SG,,,
inv-pundi-x,,Pundi X,,sector-agnostic,Singapore,,,,,SG,,,
inv-ontology,,Ontology,,sector-agnostic,Singapore,,,,,SG,,,
inv-dapp-com,,Dapp.com,,sector-agnostic,Singapore,,,,,SG,,,
inv-polysynth,,Polysynth,,sector-agnostic,Singapore,,,,,SG,,,
inv-cartesi,,Cartesi,,sector-agnostic,Singapore,,,,,SG,,,
inv-ascent,,Ascent,,sector-agnostic,Singapore,,,,,SG,,,
inv-f-drones,,F-drones,,sector-agnostic,Singapore,,,,,SG,,,
inv-id-capital,,ID Capital,seed; series-a,agritech; consumer,Malaysia; Singapore,,,early-stage,,SG,Venture Capital,contact@idcapital.com.sg,yes
inv-yup-gg,,yup.gg,,sector-agnostic,Singapore,,,,,SG,,,
inv-smartkarma,,Smartkarma,,sector-agnostic,Singapore,,,,,SG,,,
inv-iflix,,iflix,,sector-agnostic,Malaysia,,,,,MY,,,
inv-sleek,,Sleek,,sector-agnostic,Singapore,,,,,SG,,,
inv-versafleet,,VersaFleet,,sector-agnostic,Singapore,,,,,SG,,,
inv-enzootic,,Enzootic,,sector-agnostic,Singapore,,,,,SG,,,
inv-jobhopin,,JOBHOPin,,sector-agnostic,Singapore,,,,,SG,,,
inv-neurotrend,,NeuroTrend,,sector-agnostic,Singapore,,,,,SG,,,
inv-declout,,DeClout,,sector-agnostic,Singapore,,,,,SG,,,
inv-lyte-ventures,,Lyte Ventures,,sector-agnostic,Singapore,,,,,SG,,,
inv-the-assembly-place,,The Assembly Place,seed,web3,Singapore,,,early-stage,,SG,,,
inv-vulcan-post,,Vulcan Post,,sector-agnostic,Singapore,,,,,SG,,,
inv-42race,,42Race,,sector-agnostic,Singapore,,,,,SG,,,
inv-oddle,,Oddle,,sector-agnostic,Singapore,,,,,SG,,,
inv-cloudilly,,Cloudilly,,sector-agnostic,Singapore,,,,,SG,,,
inv-codesurance,,Codesurance,,sector-agnostic,Singapore,,,,,SG,,,
inv-justrunlah,,JustRunLah!,,sector-agnostic,Singapore,,,,,SG,,,
inv-nodeflair,,NodeFlair,,sector-agnostic,Singapore,,,,,SG,,,
inv-sendjoy,,Sendjoy,,sector-agnostic,Singapore,,,,,SG,,,
inv-ion-mobility,,Ion Mobility,,sector-agnostic,Singapore,,,,,SG,,,
inv-burpple,,Burpple,,sector-agnostic,Singapore,,,,,SG,,,
inv-chan-brothers-group,,Chan Brothers Group,series-a,consumer,Singapore,,,,,SG,,,
inv-spaze-ventures,,Spaze Ventures,pre-seed; seed,edtech; enterprise-saas,Singapore,,,early-stage,,SG,Venture Capital,info@spazeventures.com,yes
inv-rekanext,,Rekanext,seed; series-a,ecommerce; agritech; enterprise-saas,Singapore; Southeast Asia; Malaysia,,,early-stage,,SG,Venture Capital,,
inv-connectedhealth,,ConnectedHealth,,sector-agnostic,Singapore,,,,,SG,,,
inv-daylight-studios,,Daylight Studios,,sector-agnostic,Singapore,,,,,SG,,,
inv-fynd,,Fynd,,sector-agnostic,Singapore,,,,,SG,,,
inv-solarhome,,SolarHome,,sector-agnostic,Singapore,,,,,SG,,,
inv-combinesell,,CombineSell,,sector-agnostic,Singapore,,,,,SG,,,
inv-big-tiny,,Big Tiny,,sector-agnostic,Singapore,,,,,SG,,,
inv-trirec,,TRIREC,seed; series-a; series-b,climatetech,Singapore; Southeast Asia; Malaysia,,,early-stage,,SG,Venture Capital,,
inv-edp-renewables-apac,,EDP Renewables APAC,,sector-agnostic,Singapore,,,,,SG,,,
inv-the-silverhorn-group,,The Silverhorn Group,series-b; growth,fintech,Singapore; Southeast Asia,,,growth-capital,,SG,Venture Debt,info@silverhorngroup.com,yes
inv-onegoal,,OneGoal,,sector-agnostic,Malaysia,,,,,MY,,,
inv-opalai,,OPALai,,sector-agnostic,Singapore,,,,,SG,,,
inv-caterspot,,CaterSpot,,sector-agnostic,Singapore,,,,,SG,,,
inv-internet-of-services,,Internet of Services,seed,web3; media-gaming,Singapore,,,early-stage,,SG,,8446300520,yes
inv-walletcurve,,WalletCurve,,sector-agnostic,Singapore,,,,,SG,,,
inv-buxx,,Buxx,,sector-agnostic,Singapore,,,,,SG,,,
inv-quilt-ai,,Quilt.AI,,sector-agnostic,Singapore,,,,,SG,,,
inv-cerecin,,Cerecin,,sector-agnostic,Singapore,,,,,SG,,,
inv-bytex-io,,Bytex.io,,sector-agnostic,Singapore,,,,,SG,,,
inv-ansonia-holdings,,Ansonia Holdings,series-b; series-c,healthtech,Singapore,,,growth-capital,,SG,,,
inv-jenfi,,Jenfi,series-b,consumer,Singapore,,,,,SG,,,
inv-kamarq,,KAMARQ,,sector-agnostic,Singapore,,,,,SG,,,
inv-matchmove-pay,,MatchMove Pay,,ecommerce,Singapore,,,,,SG,,,
inv-mobileads,,MobileAds,,sector-agnostic,Malaysia,,,,,MY,,,
inv-swarmx,,SwarmX,,sector-agnostic,Singapore,,,,,SG,,,
inv-tabsquare,,TabSquare,,sector-agnostic,Singapore,,,,,SG,,,
inv-golden-moments,,Golden Moments,,sector-agnostic,Singapore,,,,,SG,,,
inv-numoni,,Numoni,,sector-agnostic,Singapore,,,,,SG,,,
inv-luxasia,,Luxasia,,consumer; healthtech,Singapore,,,,,SG,,,
inv-vanitee,,Vanitee,,sector-agnostic,Singapore,,,,,SG,,,
inv-ryde-technologies,,RYDE Technologies,,sector-agnostic,Singapore,,,,,SG,,,
inv-asia-partners-fund-management,,Asia Partners Fund Management,series-b; series-c,ecommerce,Singapore; Malaysia; Southeast Asia,,,growth-capital,,SG,Venture Capital,,
inv-garena,,Garena,seed; series-a; series-b,media-gaming,Singapore,,,early-stage,,SG,,,
inv-nus-school-of-computing,,NUS School of Computing,seed,healthtech,Singapore,,,early-stage,,SG,,,
inv-docsumo,,Docsumo,,sector-agnostic,Singapore,,,,,SG,,,
inv-cardinal-capital,,Cardinal Capital,,web3; fintech,Singapore,,,,,SG,Venture Capital,,
inv-twin-capital-asset-management,,TWIN CAPITAL ASSET MANAGEMENT,,web3; fintech,Singapore,,,,,SG,Venture Capital,,
inv-mywish,,MyWish,,sector-agnostic,Singapore,,,,,SG,,,
inv-multivac,,MultiVAC,,sector-agnostic,Singapore,,,,,SG,,,
inv-emerging-markets-investment-advisers,,Emerging Markets Investment Advisers,series-b; series-c; growth,consumer; proptech,Singapore,,,growth-capital,,SG,Private Equity Firm,,
inv-sph-ventures,,SPH Ventures,seed; series-a; series-b,fintech; consumer,Singapore; Malaysia,,,early-stage,,SG,Venture Capital,,
inv-guavapass,,GuavaPass,,sector-agnostic,Singapore,,,,,SG,,,
inv-structure,,Structure,,sector-agnostic,Singapore,,,,,SG,,,
inv-clermont-group,,Clermont Group,series-a; series-b; buyout,fintech; healthtech,Singapore; Southeast Asia,,,growth-capital,,SG,Venture Capital,6133844477,yes
inv-paka,,PAKA,pre-seed; seed; series-a,web3,Singapore,,,early-stage,,SG,,owen@paka.fund,
inv-boson,,Boson,,web3,Singapore,,,,,SG,,,
inv-kaddra,,Kaddra,,sector-agnostic,Singapore,,,,,SG,,,
inv-hapz,,Hapz,,sector-agnostic,Singapore,,,,,SG,,,
inv-qashier,,Qashier,,sector-agnostic,Singapore,,,,,SG,,,
inv-foodrazor,,Foodrazor,,sector-agnostic,Singapore,,,,,SG,,,
inv-shoplinks,,Shoplinks,,sector-agnostic,Singapore,,,,,SG,,,
inv-logchain,,LogChain,,sector-agnostic,Singapore,,,,,SG,,,
inv-shoppr,,Shoppr,,sector-agnostic,Malaysia,,,,,MY,,,
inv-holmusk,,Holmusk,,sector-agnostic,Singapore,,,,,SG,,,
inv-startup-oi,,Startup oi,,sector-agnostic,Singapore,,,,,SG,,,
inv-rate3-network,,Rate3 Network,,sector-agnostic,Singapore,,,,,SG,,,
inv-stratos-network,,Stratos Network,pre-seed,web3; deeptech,Singapore,,,early-stage,,SG,,,
inv-merkle-science,,Merkle Science,,sector-agnostic,Singapore,,,,,SG,,,
inv-affyn,,Affyn,,sector-agnostic,Singapore,,,,,SG,,,
inv-kinship-ai,,Kinship AI,,sector-agnostic,Singapore,,,,,SG,,,
inv-alpha-impact,,Alpha Impact,,sector-agnostic,Singapore,,,,,SG,,,
inv-aluna-social,,Aluna.Social,,sector-agnostic,Singapore,,,,,SG,,,
inv-multichain,,Multichain,,sector-agnostic,Singapore,,,,,SG,,,
inv-the-origin-capital,,The Origin Capital,pre-seed; seed,web3,Southeast Asia; Singapore,,,early-stage,,SG,Venture Capital,,
inv-kibo,,KIBO,,sector-agnostic,Singapore,,,,,SG,,,
inv-rangers-protocol,,Rangers Protocol,series-a,media-gaming; web3,Singapore,,,,,SG,,,
inv-nftscan,,NFTSCAN,,sector-agnostic,Singapore,,,,,SG,,,
inv-helicap,,Helicap,series-a; series-b,fintech,Singapore; Southeast Asia,,,,,SG,Venture Debt,+6569099266,yes
inv-persistence-one,,Persistence One,seed,web3,Singapore,,,early-stage,,SG,,,
inv-w3gg,,W3GG,seed; series-a,media-gaming; web3,Singapore,,,early-stage,,SG,,developer@w3gg.io,
inv-du-capital,,Du Capital,seed; series-a,web3; fintech,Singapore; Southeast Asia,,,early-stage,,SG,Venture Capital,,
inv-coinf-research,,CoinF Research,seed,web3,Singapore,,,early-stage,,SG,Venture Capital,,
inv-darenft,,DareNFT,seed,web3,Singapore,,,early-stage,,SG,,,
inv-fortuna,,FORTUNA,,sector-agnostic,Singapore,,,,,SG,,,
inv-standard-tokenization-protocol,,Standard Tokenization Protocol,,sector-agnostic,Singapore,,,,,SG,,,
inv-bifrost-global,,Bifrost Global,,sector-agnostic,Singapore,,,,,SG,,,
inv-kira-core,,Kira Core,,sector-agnostic,Singapore,,,,,SG,,,
inv-x-world-games,,X World Games,,sector-agnostic,Singapore,,,,,SG,,,
inv-xcarnival,,XCarnival,,sector-agnostic,Singapore,,,,,SG,,,
inv-fst-network,,FST NETWORK,,sector-agnostic,Singapore,,,,,SG,,,
inv-block-crafters-capital,,Block Crafters Capital,seed,web3,Southeast Asia; Singapore,,,early-stage,,SG,Venture Capital,,
inv-spherium-finance,,Spherium.Finance,,sector-agnostic,Singapore,,,,,SG,,,
inv-parrot,,Parrot,seed,deeptech,Singapore,,,early-stage,,SG,,,
inv-riodefi,,RioDeFi,seed,deeptech,Singapore,,,early-stage,,SG,,,
inv-solscan,,Solscan,seed,media-gaming,Singapore; Southeast Asia,,,early-stage,,SG,,,
inv-tomochain,,TomoChain,seed,media-gaming,Southeast Asia; Singapore,,,early-stage,,SG,,,
inv-quincus,,Quincus,,sector-agnostic,Singapore,,,,,SG,,,
inv-lion-lion,,Lion & Lion,,sector-agnostic,Malaysia,,,,,MY,,,
inv-altair-capital-advisors,,Altair Capital Advisors,seed; buyout,healthtech,Singapore,,,early-stage; growth-capital,,SG,Private Equity Firm,,
inv-sophie-s-bionutrients,,Sophie's BioNutrients,,sector-agnostic,Singapore,,,,,SG,,,
inv-tembusu-partners,,Tembusu Partners,seed; series-a; buyout,web3,Singapore; Southeast Asia,,,early-stage; growth-capital,,SG,Private Equity Firm,,
inv-validus,,Validus,,sector-agnostic,Singapore,,,,,SG,,,
inv-socash,,SOCASH,,sector-agnostic,Singapore,,,,,SG,,,
inv-pstake,,PStake,seed,web3,Singapore,,,early-stage,,SG,,,
inv-solv-protocol,,Solv Protocol,,sector-agnostic,Singapore,,,,,SG,,,
inv-provident-capital-partners,,Provident Capital Partners,seed; series-a,ecommerce,Singapore; Southeast Asia,,,early-stage,,SG,Private Equity Firm,,
inv-mediacorp-singapore,,Mediacorp Singapore,pre-seed; series-c,ecommerce,Singapore,,,early-stage; growth-capital,,SG,,+6563339888,yes
inv-group-one-holdings,,Group One Holdings,,sector-agnostic,Singapore,,,,,SG,,,
inv-flixstock,,Flixstock,,sector-agnostic,Singapore,,,,,SG,,,
inv-bribe,,Bribe,,sector-agnostic,Singapore,,,,,SG,,,
inv-myty,,MYTY,,sector-agnostic,Singapore,,,,,SG,,,
inv-aag-ventures,,AAG Ventures,pre-seed,media-gaming; web3,Singapore,,,early-stage,,SG,,,
inv-bluechips-capital,,Bluechips Capital,,web3,Singapore,,,,,SG,Venture Capital,,
inv-eastern-pacific-accelerator,,Eastern Pacific Accelerator,pre-seed; seed,logistics; deeptech,Singapore,,,early-stage,,SG,Accelerator,,
inv-sme-corporation-malaysia,,SME Corporation Malaysia,seed,enterprise-saas; ecommerce,Malaysia,,,early-stage,,MY,,,
inv-little-bit,,Little Bit,,sector-agnostic,Singapore,,,,,SG,,,
inv-daenerys-co,,Daenerys & Co,,sector-agnostic,Singapore,,,,,SG,,,
inv-fund-for-sustainability-and-energy-f4se,,FUND FOR SUSTAINABILITY AND ENERGY (F4SE),pre-seed; seed; series-b,climatetech,Singapore,,,early-stage,,SG,Venture Capital,,
inv-wisepass,,WisePass,,sector-agnostic,Singapore,,,,,SG,,,
inv-realstake,,RealStake,,sector-agnostic,Singapore,,,,,SG,,,
inv-x-capital-ventures,,X Capital Ventures,pre-seed; series-a,deeptech,Singapore,,,early-stage,,SG,Venture Capital,,
inv-ethos-partners,,Ethos Partners,seed; series-a,fintech,Singapore; Southeast Asia,,,early-stage,,SG,Venture Capital,,
inv-algorand-asia-accelerator,,Algorand Asia Accelerator,,fintech; web3,Singapore,,,,,SG,Accelerator,,
inv-instarto,,Instarto,pre-seed; seed,sector-agnostic,Singapore,,,early-stage,,SG,Venture Capital,,
inv-leben-care-technologies-pte-ltd,,Leben Care Technologies Pte Ltd,,sector-agnostic,Singapore,,,,,SG,,,
inv-digix,,Digix,,sector-agnostic,Singapore,,,,,SG,,,
inv-swat-mobility,,SWAT Mobility,,sector-agnostic,Singapore,,,,,SG,,,
inv-zegocloud,,ZEGOCLOUD,,sector-agnostic,Singapore,,,,,SG,,,
inv-freda-health,,Freda Health,,sector-agnostic,Singapore,,,,,SG,,,
inv-quest,,Quest,,sector-agnostic,Singapore,,,,,SG,,,
inv-defiance-games,,Defiance Games,,sector-agnostic,Singapore,,,,,SG,,,
inv-kitcod,,Kitcod,,sector-agnostic,Singapore,,,,,SG,,,
inv-hawksburn-capital,,Hawksburn Capital,series-b,manufacturing; deeptech,Singapore,,,,,SG,Venture Capital,,
inv-oaxis,,Oaxis,,sector-agnostic,Singapore,,,,,SG,,,
inv-fastacash,,Fastacash,,sector-agnostic,Singapore,,,,,SG,,,
inv-eunoia,,Eunoia,,sector-agnostic,Singapore,,,,,SG,,,
inv-vault-dragon,,Vault Dragon,,sector-agnostic,Singapore,,,,,SG,,,
inv-koobits,,KooBits,,sector-agnostic,Singapore,,,,,SG,,,
inv-asia-pacific-internet-group,,Asia Pacific Internet Group,series-a; series-b,ecommerce,Singapore,,,,,SG,Incubator,,
inv-zen-rooms,,ZEN Rooms,,sector-agnostic,Singapore,,,,,SG,,,
inv-global-active,,Global Active,,sector-agnostic,Singapore,,,,,SG,,,
inv-smartpeep,,SmartPeep,,sector-agnostic,Singapore,,,,,SG,,,
inv-singapore-fintech-association,,Singapore Fintech Association,,sector-agnostic,Singapore,,,,,SG,,,
inv-bento,,Bento,,sector-agnostic,Singapore,,,,,SG,,,
inv-hellopay,,helloPay,,sector-agnostic,Singapore,,,,,SG,,,
inv-fidelium-group,,Fidelium Group,seed,healthtech,Singapore,,,early-stage,,SG,Venture Capital,,
inv-new-day-jobs,,New Day Jobs,,sector-agnostic,Singapore,,,,,SG,,,
inv-praktice,,Praktice,,sector-agnostic,Singapore,,,,,SG,,,
inv-c3-exchange,,C3 Exchange,,sector-agnostic,Singapore,,,,,SG,,,
inv-aiq,,AIQ,,sector-agnostic,Singapore,,,,,SG,,,
inv-hepmil-group,,Hepmil Group,pre-seed,web3,Singapore,,,early-stage,,SG,,,
inv-popsical,,Popsical,,sector-agnostic,Singapore,,,,,SG,,,
inv-partipost,,Partipost,,sector-agnostic,Singapore,,,,,SG,,,
inv-3v-sourceone-ventures,,3V SourceOne Ventures,series-c,infrastructure; manufacturing; deeptech,Singapore,,,growth-capital,,SG,Private Equity Firm,,
inv-wah-hin-co,,Wah Hin & Co.,series-a,edtech,Singapore; Southeast Asia,,,,,SG,,,
inv-hmlet,,Hmlet,,sector-agnostic,Singapore,,,,,SG,,,
inv-amand-ventures,,Amand Ventures,seed; series-a,ecommerce,Southeast Asia; Singapore,,,early-stage,,SG,Venture Capital,,
inv-stonewater-ventures,,Stonewater Ventures,pre-seed; seed,consumer,Malaysia; Southeast Asia,,,early-stage,,MY,Micro VC,,
inv-clavis-aurea-singapore,,Clavis Aurea Singapore,,sector-agnostic,Singapore,,,,,SG,,,
inv-intelllex,,Intelllex,,sector-agnostic,Singapore,,,,,SG,,,
inv-evos-esports,,EVOS Esports,seed; series-a,enterprise-saas; web3,Singapore,,,early-stage,,SG,,,
inv-symbo-platform,,Symbo Platform,,sector-agnostic,Singapore,,,,,SG,,,
inv-icetea-io,,Icetea.io,pre-seed; seed,media-gaming; web3,Southeast Asia; Singapore,,,early-stage,,SG,,,
inv-flow,,Flow,,sector-agnostic,Singapore,,,,,SG,,,
inv-singapore-diamond-investment-exchange,,Singapore Diamond Investment Exchange,,sector-agnostic,Singapore,,,,,SG,,,
inv-mol,,MOL,,sector-agnostic,Malaysia,,,,,MY,,,
inv-collab-asia,,Collab Asia,,sector-agnostic,Singapore,,,,,SG,,,
inv-collab,,Collab,pre-seed,fintech,Singapore; Southeast Asia,,,early-stage,,SG,Accelerator,,
inv-jualo,,Jualo,,sector-agnostic,Singapore,,,,,SG,,,
inv-spacemob,,Spacemob,series-a,media-gaming,Singapore,,,,,SG,,,
inv-dealstreetasia,,DealStreetAsia,,sector-agnostic,Singapore,,,,,SG,,,
inv-vara,,Vara,,sector-agnostic,Singapore,,,,,SG,,,
inv-pace,,Pace,,sector-agnostic,Singapore,,,,,SG,,,
inv-josudo,,Josudo,,sector-agnostic,Singapore,,,,,SG,,,
inv-ratex,,RateX,,sector-agnostic,Singapore,,,,,SG,,,
inv-goosefx,,GooseFX,,sector-agnostic,Singapore,,,,,SG,,,
inv-pawnfi,,Pawnfi,,sector-agnostic,Singapore,,,,,SG,,,
inv-icandy-interactive-limited,,iCandy Interactive Limited,seed,media-gaming,Malaysia; Singapore,,,early-stage,,MY,,,
inv-fantico,,Fantico,,sector-agnostic,Singapore,,,,,SG,,,
inv-tryb-group,,tryb Group,pre-seed; seed; series-a,fintech,Singapore; Southeast Asia,,,early-stage,,SG,Venture Capital,,
inv-life-sreda,,Life.SREDA,seed; series-a; series-b,fintech,Singapore; Southeast Asia,,,early-stage,,SG,Venture Capital,,
inv-mozat-pte-ltd,,Mozat Pte Ltd,,sector-agnostic,Singapore,,,,,SG,,,
inv-right-hand-cybersecurity,,Right-Hand Cybersecurity,,sector-agnostic,Singapore,,,,,SG,,,
inv-accelerasia-ventures,,Accelerasia Ventures,pre-seed; seed; series-a,ecommerce; fintech,Singapore,,,early-stage,,SG,Venture Capital,,
inv-malaysian-technology-development-corporation,,Malaysian Technology Development Corporation,seed,deeptech; agritech,Malaysia,,,early-stage,,MY,Incubator,,
inv-wootag,,Wootag,,sector-agnostic,Singapore,,,,,SG,,,
inv-neuroglee-therapeutics,,Neuroglee Therapeutics,,sector-agnostic,Singapore,,,,,SG,,,
inv-neuron-mobility,,Neuron Mobility,,sector-agnostic,Singapore,,,,,SG,,,
inv-sixteenth-street-capital,,Sixteenth Street Capital,series-b; series-c; growth,fintech; consumer,Singapore,,,growth-capital,,SG,Venture Capital,info@sixteenthstreetcapital.com,yes
inv-zilliqa-capital,,Zilliqa Capital,pre-seed; seed,fintech; web3,Singapore,,,early-stage,,SG,,info@rule72.com,yes
inv-bat-ventures,,Bat ventures,seed; series-a,fintech; enterprise-saas,Singapore,,,early-stage,,SG,Venture Capital,,
inv-capital-code,,Capital Code,pre-seed; seed; series-a,consumer,Singapore; Malaysia,,,early-stage,,SG,Venture Capital,,
inv-foodmarkethub,,FoodMarketHub,,sector-agnostic,Malaysia,,,,,MY,,,
inv-green-dot-capital,,Green Dot Capital,series-a,sector-agnostic,Singapore,,,,,SG,Venture Capital,info@greendotcapital.com,yes
inv-pactolus,,Pactolus,seed; series-b,healthtech,Singapore,,,early-stage,,SG,,administration@pactolus.com,
inv-korean-impact-collective-funds,,Korean Impact Collective Funds,seed,healthtech,Singapore,,,early-stage,,SG,Venture Capital,,
inv-ape-board,,Ape Board,,sector-agnostic,Singapore,,,,,SG,,,
inv-sous-chef,,Sous Chef,,sector-agnostic,Singapore,,,,,SG,,,
inv-the-sea-capital,,The Sea Capital,seed; series-a; series-b,fintech,Malaysia,,,early-stage,,MY,Private Equity Firm,,
inv-alemhealth,,AlemHealth,,sector-agnostic,Singapore,,,,,SG,,,
inv-singrow,,Singrow,seed,sector-agnostic,Singapore,,,early-stage,,SG,,,
inv-ai-palette,,Ai Palette,,sector-agnostic,Singapore,,,,,SG,,,
inv-agility-ventures,,Agility Ventures,seed; series-a,ecommerce; enterprise-saas,Singapore,,,early-stage,,SG,Venture Capital,,
inv-crystal-horse-investments,,Crystal Horse Investments,seed; series-a,ecommerce,Singapore; Malaysia,,,early-stage,,SG,Venture Capital,,
inv-enchant,,Enchant,seed,sector-agnostic,Singapore,,,early-stage,,SG,Accelerator,info@webroker.vc,yes
inv-lovebyte,,LoveByte,,sector-agnostic,Singapore,,,,,SG,,,
inv-wowcart,,Wowcart,,sector-agnostic,Singapore,,,,,SG,,,
inv-smartmissimo-technologies,,Smartmissimo Technologies,,sector-agnostic,Singapore,,,,,SG,,,
inv-click-storm-esports,,Click-Storm esports,,sector-agnostic,Singapore,,,,,SG,,,
inv-drone-box,,Drone Box,,sector-agnostic,Singapore,,,,,SG,,,
inv-hapto,,Hapto,,sector-agnostic,Singapore,,,,,SG,,,
inv-pagepink,,Pagepink,,sector-agnostic,Singapore,,,,,SG,,,
inv-glance-tech,,Glance Tech,,sector-agnostic,Singapore,,,,,SG,,,
inv-haxasia,,HaxAsia,seed,media-gaming; consumer; manufacturing,Singapore,,,early-stage,,SG,Accelerator,,
inv-creopop,,CreoPop,,sector-agnostic,Singapore,,,,,SG,,,
inv-asiasoft-solutions,,Asiasoft Solutions,,sector-agnostic,Singapore,,,,,SG,,,
inv-eight-mercatus,,Eight Mercatus,seed,sector-agnostic,Singapore,,,early-stage,,SG,Venture Capital,,
inv-kloneworld,,Kloneworld,,sector-agnostic,Singapore,,,,,SG,,,
inv-third-wave-power,,Third Wave Power,,sector-agnostic,Singapore,,,,,SG,,,
inv-cardiotrack,,Cardiotrack,,sector-agnostic,Singapore,,,,,SG,,,
inv-prestellar-ventures,,Prestellar Ventures,pre-seed; seed,enterprise-saas,Singapore,,,early-stage,,SG,Venture Capital,,
inv-dexecure,,Dexecure,,sector-agnostic,Singapore,,,,,SG,,,
inv-techstorm,,TechStorm,,sector-agnostic,Singapore,,,,,SG,,,
inv-ntuitive,,NTUitive,pre-seed; seed; series-a,healthtech,Singapore; Southeast Asia,,,early-stage,,SG,,ntuitiveinfo@ntuitive.sg,
inv-chain-debrief,,Chain Debrief,,sector-agnostic,Singapore,,,,,SG,,,
inv-lendela,,Lendela,,sector-agnostic,Singapore,,,,,SG,,,
inv-teex,,TEEX,,sector-agnostic,Singapore,,,,,SG,,,
inv-travelmob,,travelmob,,sector-agnostic,Singapore,,,,,SG,,,
inv-coupay,,Coupay,,sector-agnostic,Singapore,,,,,SG,,,
inv-a-better-florist,,A Better Florist,,sector-agnostic,Singapore,,,,,SG,,,
inv-plg-partners,,PLG Partners,,sector-agnostic,Singapore,,,,,SG,,,
inv-lexikat,,Lexikat,,sector-agnostic,Singapore,,,,,SG,,,
inv-oakify,,Oakify,,sector-agnostic,Singapore,,,,,SG,,,
inv-emlo-tech,,Emlo Tech,,sector-agnostic,Singapore,,,,,SG,,,
inv-polkafoundary,,PolkaFoundary,seed,infrastructure,Singapore,,,early-stage,,SG,,,
inv-fragcolor,,Fragcolor,,sector-agnostic,Singapore,,,,,SG,,,
inv-plug-and-play-asia-pacific,,Plug and Play Asia Pacific,pre-seed; seed,sector-agnostic,Singapore; Southeast Asia,,,early-stage,,SG,Venture Capital,,
inv-red-dot-drone,,RED DOT DRONE,,sector-agnostic,Singapore,,,,,SG,,,
inv-aerodyne-group,,Aerodyne Group,,deeptech,Malaysia,,,,,MY,,,
inv-wavescan,,WaveScan,,sector-agnostic,Singapore,,,,,SG,,,
inv-crust-group,,Crust Group,,sector-agnostic,Singapore,,,,,SG,,,
inv-vertex-growth-fund,,Vertex Growth Fund,series-b; series-c; growth,enterprise-saas; fintech; ecommerce,Singapore; Southeast Asia,,,growth-capital,,SG,Venture Capital,,
inv-thoughtfull,,ThoughtFull,,sector-agnostic,Singapore,,,,,SG,,,
inv-carzuno,,Carzuno,,sector-agnostic,Singapore,,,,,SG,,,
inv-mandiri-investment-management-singapore,,Mandiri Investment Management Singapore,,fintech; logistics,Singapore,,,,,SG,,,
inv-jobsenz,,JobSenz,,sector-agnostic,Singapore,,,,,SG,,,
inv-eternal-trusts,,Eternal Trusts,,sector-agnostic,Singapore,,,,,SG,,,
inv-crypto-com,,Crypto.com,seed; series-a,web3; media-gaming,Singapore; Southeast Asia,,,early-stage,,SG,Venture Capital,,
inv-grab-financial-group,,Grab Financial Group,,sector-agnostic,Singapore,,,,,SG,,,
inv-mtz-holdings,,MTZ Holdings,seed,web3; fintech,Singapore,,,early-stage,,SG,,,
inv-zilliqa,,Zilliqa,,sector-agnostic,Singapore,,,,,SG,,,
inv-teak-capital,,Teak Capital,seed; growth,sector-agnostic,Malaysia,,,early-stage; growth-capital,,MY,Venture Capital,,
inv-n-frnds-nfrnds,,N-Frnds (nFrnds),,sector-agnostic,Singapore,,,,,SG,,,
inv-singapore-airlines,,Singapore Airlines,growth,consumer,Singapore,,,growth-capital,,SG,,,
inv-x0pa-ai,,X0PA AI,,sector-agnostic,Singapore,,,,,SG,,,
inv-kilde,,Kilde,,fintech,Singapore,,,,,SG,,info@kilde.sg,yes
inv-eximchain,,Eximchain,,sector-agnostic,Singapore,,,,,SG,,,
inv-hawklabs,,HawkLabs,,sector-agnostic,Singapore,,,,,SG,,,
inv-aaic-investment,,AAIC Investment,seed; series-a; series-b,healthtech; ecommerce,Singapore,,,early-stage,,SG,Venture Capital,,
inv-bluehill-asset-management,,BlueHill Asset Management,seed; series-a,enterprise-saas,Singapore,,,early-stage,,SG,Private Equity Firm,,
inv-kube-vc,,Kube VC,pre-seed; seed; series-a,fintech,Singapore; Southeast Asia,,,early-stage,,SG,Venture Capital,info@kubevc.com,yes
inv-delyva,,Delyva,,sector-agnostic,Malaysia,,,,,MY,,,
inv-adventus-io,,Adventus.io,,sector-agnostic,Singapore,,,,,SG,,,
inv-glassesgroupglobal,,GlassesGroupGlobal,,sector-agnostic,Malaysia,,,,,MY,,,
inv-link-vc,,Link VC,seed; series-a,web3,Singapore,,,early-stage,,SG,Venture Capital,,
inv-mw-partners-group,,MW Partners Group,seed; series-a,web3,Singapore,,,early-stage,,SG,Venture Capital,,
inv-celer-network,,Celer Network,seed,media-gaming; web3,Singapore,,,early-stage,,SG,,,
inv-basil-partners,,Basil Partners,,fintech; climatetech,Singapore,,,,,SG,Venture Capital,,
inv-appcoins,,AppCoins,,sector-agnostic,Singapore,,,,,SG,,,
inv-foyr,,Foyr,,sector-agnostic,Singapore,,,,,SG,,,
inv-luxtag,,LuxTag,,sector-agnostic,Malaysia,,,,,MY,,,
inv-fno,,FnO,,sector-agnostic,Singapore,,,,,SG,,,
inv-caldecott-music-group,,Caldecott Music Group,series-b,media-gaming,Singapore,,,,,SG,,press@caldecottmusic.com,
inv-bandlab,,BandLab,,sector-agnostic,Singapore,,,,,SG,,,
inv-pandai,,Pandai,,sector-agnostic,Malaysia,,,,,MY,,,
inv-antbuildz-com,,ANTBUILDZ.COM,,sector-agnostic,Singapore,,,,,SG,,,
inv-livwell-asia,,LivWell Asia,,sector-agnostic,Singapore,,,,,SG,,,
inv-fundigo,,Fundigo,,sector-agnostic,Singapore,,,,,SG,,,
inv-dataforce,,Dataforce,,sector-agnostic,Singapore,,,,,SG,,,
inv-chintai,,Chintai,,sector-agnostic,Singapore,,,,,SG,,,
inv-workspacing,,Workspacing,,sector-agnostic,Singapore,,,,,SG,,,
inv-reapra,,REAPRA,pre-seed; seed,enterprise-saas,Southeast Asia; Singapore; Malaysia,,,early-stage,,SG,Venture Capital,,
inv-expara-idm-ventures,,Expara IDM Ventures,pre-seed; seed,ecommerce,Singapore; Southeast Asia,,,early-stage,,SG,Venture Capital,,
inv-she1k,,She1K,pre-seed; seed; series-a,climatetech,Singapore; Southeast Asia,,,early-stage,,SG,Micro VC,vip@she1k.com,
inv-advantir-innovations,,Advantir Innovations,,sector-agnostic,Singapore,,,,,SG,,,
inv-augmenteed,,Augmenteed,,sector-agnostic,Singapore,,,,,SG,,,
inv-include-pte-ltd,,Include Pte Ltd,,sector-agnostic,Singapore,,,,,SG,,,
inv-red-dot-analytics,,Red Dot Analytics,,sector-agnostic,Singapore,,,,,SG,,,
inv-bp-de-silva-group,,BP de Silva Group,seed,consumer; deeptech,Singapore,,,early-stage,,SG,,,
inv-144-ventures,,144 Ventures,pre-seed; seed,consumer; climatetech,Singapore; Malaysia; Southeast Asia,,,early-stage,,SG,Venture Capital,,
inv-profileprint,,ProfilePrint,seed,deeptech,Singapore,,,early-stage,,SG,,info@profileprint.ai,yes
inv-the-luxe-nomad,,The Luxe Nomad,,sector-agnostic,Singapore,,,,,SG,,,
inv-referralcandy,,ReferralCandy,,sector-agnostic,Singapore,,,,,SG,,,
inv-innosight-ventures,,Innosight Ventures,seed; series-a,ecommerce; enterprise-saas,Singapore,,,early-stage,,SG,Venture Capital,,
inv-easternblu,,EasternBlu,,sector-agnostic,Singapore,,,,,SG,,,
inv-dc-alliance,,DC Alliance,,sector-agnostic,Singapore,,,,,SG,,,
inv-dreamztech,,Dreamztech,,sector-agnostic,Malaysia,,,,,MY,,,
inv-framing-me,,Framing Me,,sector-agnostic,Singapore,,,,,SG,,,
inv-blue-ashva-capital,,Blue Ashva Capital,seed; series-a; series-b,ecommerce,Singapore,,,early-stage,,SG,Venture Capital,,
inv-officefiles,,OfficeFiles,,sector-agnostic,Singapore,,,,,SG,,,
inv-eatwhatnxt,,eatwhatnxt,,sector-agnostic,Malaysia,,,,,MY,,,
inv-360wellness,,360Wellness,,sector-agnostic,Singapore,,,,,SG,,,
inv-accredify,,Accredify,,sector-agnostic,Singapore,,,,,SG,,,
inv-dextf,,DEXTF,,sector-agnostic,Singapore,,,,,SG,,,
inv-the-gentle-group,,The Gentle Group,,sector-agnostic,Singapore,,,,,SG,,,
inv-ligature-therapeutics,,Ligature Therapeutics,,sector-agnostic,Singapore,,,,,SG,,,
inv-ipb-capital,,IPB Capital,seed,fintech,Singapore,,,early-stage,,SG,Venture Capital,,
inv-regtank-technology-pte-ltd,,Regtank Technology Pte Ltd,,sector-agnostic,Singapore,,,,,SG,,,
inv-snaphunt,,Snaphunt,,sector-agnostic,Singapore,,,,,SG,,,
inv-permodalan-nasional-berhad,,Permodalan Nasional Berhad,series-c; growth; buyout,healthtech; ecommerce,Malaysia; Singapore; Southeast Asia,,,growth-capital,,MY,,,
inv-fullerton-healthcare-corporation,,Fullerton Healthcare Corporation,,sector-agnostic,Singapore,,,,,SG,,,
inv-singlife,,Singlife,series-a,fintech,Singapore; Southeast Asia,,,,,SG,,ebh_enquiries@singlife.com,
inv-adskom,,Adskom,,sector-agnostic,Singapore,,,,,SG,,,
inv-docdoc,,DocDoc,,sector-agnostic,Singapore,,,,,SG,,,
inv-everise,,Everise,,sector-agnostic,Singapore,,,,,SG,,,
inv-a-star-education-holdings,,A-Star-Education Holdings,seed,edtech,Singapore,,,early-stage,,SG,,,
inv-buzzar,,BuzzAR,,sector-agnostic,Singapore,,,,,SG,,,
inv-smrt-corporation-ltd,,SMRT Corporation Ltd,pre-seed; series-c,consumer; deeptech,Singapore,,,early-stage; growth-capital,,SG,,+6597884398,yes
inv-tablevibe,,Tablevibe,,sector-agnostic,Singapore,,,,,SG,,,
inv-heptagon-advanced-micro-optics,,Heptagon Advanced Micro Optics,,sector-agnostic,Singapore,,,,,SG,,,
inv-myalice,,MyAlice,,sector-agnostic,Singapore,,,,,SG,,,
inv-momos,,Momos,,sector-agnostic,Singapore,,,,,SG,,,
inv-hitpay,,HitPay,,sector-agnostic,Singapore,,,,,SG,,,
inv-suterusu,,Suterusu,,sector-agnostic,Singapore,,,,,SG,,,
inv-r8-capital,,R8 Capital,seed; series-a,web3; media-gaming,Singapore,,,early-stage,,SG,Venture Capital,,
inv-one-animation,,One Animation,,sector-agnostic,Singapore,,,,,SG,,,
inv-skayle,,Skayle,seed,consumer,Singapore,,,early-stage,,SG,,,
inv-venturi-partners,,Venturi Partners,series-a; series-c; growth,ecommerce; consumer,Southeast Asia; Singapore,,,growth-capital,,SG,Venture Capital,,
inv-innobio,,InnoBio,series-b; buyout,healthtech,Malaysia,,,growth-capital,,MY,,,
inv-carsome,,Carsome,,sector-agnostic,Malaysia,,,,,MY,,,
inv-emeritus,,Emeritus,,sector-agnostic,Singapore,,,,,SG,,,
inv-chope,,Chope,series-a,fintech,Singapore,,,,,SG,,,
inv-jonomi-ventures,,Jonomi Ventures,seed,consumer; fintech,Singapore,,,early-stage,,SG,Venture Capital,info@jonomiventures.com,yes
inv-m-l-healthcare-investments,,M&L Healthcare Investments,series-a; series-b; series-c,healthtech,Singapore,,,growth-capital,,SG,Family Investment Office,,
inv-germi8,,Germi8,seed,consumer,Singapore,,,early-stage,,SG,,,
inv-offpeak-my,,Offpeak.my,,sector-agnostic,Malaysia,,,,,MY,,,
inv-avana,,AVANA,,sector-agnostic,Malaysia,,,,,MY,,,
inv-istore-isend,,iStore iSend,,sector-agnostic,Malaysia,,,,,MY,,,
inv-speedhome,,Speedhome,,sector-agnostic,Malaysia,,,,,MY,,,
inv-policystreet,,PolicyStreet,,sector-agnostic,Malaysia,,,,,MY,,,
inv-confetti-snacks,,Confetti Snacks,,sector-agnostic,Singapore,,,,,SG,,,
inv-phuture-foods,,Phuture Foods,,sector-agnostic,Singapore,,,,,SG,,,
inv-lvl,,LVL,,sector-agnostic,Singapore,,,,,SG,,,
inv-gaia-foods,,Gaia Foods,,sector-agnostic,Singapore,,,,,SG,,,
inv-angie-s-tempeh,,Angie's Tempeh,,sector-agnostic,Singapore,,,,,SG,,,
inv-mad-foods,,MAD Foods,,sector-agnostic,Singapore,,,,,SG,,,
inv-greywing,,Greywing,,sector-agnostic,Singapore,,,,,SG,,,
inv-lytehouse,,Lytehouse,,sector-agnostic,Singapore,,,,,SG,,,
inv-prytek,,PRYTEK,seed; series-a; series-b,fintech,Singapore,,,early-stage,,SG,Venture Capital,hello@prytek.com,yes
inv-ulalive,,Ulalive,,sector-agnostic,Malaysia,,,,,MY,,,
inv-nife-labs,,Nife Labs,,sector-agnostic,Singapore,,,,,SG,,,
inv-karyakarsa,,KaryaKarsa,,sector-agnostic,Singapore,,,,,SG,,,
inv-ellegra,,Ellegra,,sector-agnostic,Malaysia,,,,,MY,,,
inv-accelerating-asia,,Accelerating Asia,pre-seed; seed,ecommerce,Singapore; Southeast Asia; Malaysia,,,early-stage,,SG,Venture Capital,team@acceleratingasia.com,yes
inv-propertyguru-group,,PropertyGuru Group,,sector-agnostic,Singapore,,,,,SG,,,
inv-jirnexu,,Jirnexu,,sector-agnostic,Malaysia,,,,,MY,,,
inv-sealed-network,,Sealed Network,,sector-agnostic,Singapore,,,,,SG,,,
inv-supercraft3d,,Supercraft3D,,sector-agnostic,Singapore,,,,,SG,,,
inv-jungle,,Jungle,,sector-agnostic,Singapore,,,,,SG,,,
inv-plot-wolf,,Plot Wolf,,sector-agnostic,Singapore,,,,,SG,,,
inv-actsocial,,ActSocial,,sector-agnostic,Singapore,,,,,SG,,,
inv-kashmi,,Kashmi,,sector-agnostic,Singapore,,,,,SG,,,
inv-sunny-irrigation,,Sunny Irrigation,,sector-agnostic,Singapore,,,,,SG,,,
inv-boldly,,BOLDLY,,sector-agnostic,Singapore,,,,,SG,,,
inv-mekhala,,Mekhala,,sector-agnostic,Singapore,,,,,SG,,,
inv-ilex,,iLex,,sector-agnostic,Singapore,,,,,SG,,,
inv-waitrr,,Waitrr,,sector-agnostic,Singapore,,,,,SG,,,
inv-boost-capital,,Boost Capital,seed; series-a; series-b,sector-agnostic,Singapore,,,early-stage,,SG,,,
inv-sama,,Sama,,sector-agnostic,Singapore,,,,,SG,,,
inv-zazazu,,ZaZaZu,,sector-agnostic,Singapore,,,,,SG,,,
inv-aye-solutions,,Aye Solutions,,sector-agnostic,Malaysia,,,,,MY,,,
inv-hellotask,,HelloTask,,sector-agnostic,Singapore,,,,,SG,,,
inv-sdgx,,SDGx,pre-seed; seed,climatetech,Singapore,,,early-stage,,SG,Venture Capital,,
inv-mobio-interactive,,Mobio Interactive,,sector-agnostic,Singapore,,,,,SG,,,
inv-angat,,Angat,,sector-agnostic,Singapore,,,,,SG,,,
inv-agency-for-science-technology-and-research,,"Agency for Science, Technology and Research",seed; series-a; series-b,healthtech,Singapore,,,early-stage,,SG,,,
inv-nutrition-innovation,,Nutrition Innovation,,sector-agnostic,Singapore,,,,,SG,,,
inv-abc-world-asia,,ABC World Asia,series-b; growth; buyout,healthtech; climatetech,Singapore,,,growth-capital,,SG,Private Equity Firm,,
inv-lyra-ventures,,Lyra Ventures,seed; series-a,ecommerce,Singapore,,,early-stage,,SG,Venture Capital,,
inv-taiger,,TAIGER,,sector-agnostic,Singapore,,,,,SG,,,
inv-lumitics,,Lumitics,,sector-agnostic,Singapore,,,,,SG,,,
inv-tryshifu,,TryShifu,,sector-agnostic,Singapore,,,,,SG,,,
inv-legalmate,,LegalMate,,sector-agnostic,Singapore,,,,,SG,,,
inv-torum,,Torum,,sector-agnostic,Malaysia,,,,,MY,,,
inv-incubasia-ventures,,IncubAsia Ventures,,sector-agnostic,Singapore,,,,,SG,Micro VC,,
inv-blue7,,Blue7,seed; series-a,fintech; edtech,Southeast Asia; Singapore,,,early-stage,,SG,Venture Capital,info@blue7.sg,yes
inv-octave-capital,,OCTAVE Capital,seed; series-a; series-b,healthtech; edtech,Singapore; Southeast Asia,,,early-stage,,SG,Venture Capital,enquiry@octavecapital.co,yes
inv-kaizenvest,,Kaizenvest,series-a; series-b; buyout,edtech,Southeast Asia; Singapore,,,growth-capital,,SG,Private Equity Firm,contact@kaizenvest.com,yes
inv-deskimo,,Deskimo,,sector-agnostic,Singapore,,,,,SG,,,
inv-zaapi,,Zaapi,,sector-agnostic,Singapore,,,,,SG,,,
inv-ocbc-accelerator,,OCBC Accelerator,,sector-agnostic,Singapore,,,,,SG,Accelerator,,
inv-startup-o,,Startup-O,seed; series-a,sector-agnostic,Singapore,,,early-stage,,SG,Venture Capital,,
inv-vulpes-investment-management-pte-ltd,,Vulpes Investment Management Pte Ltd,seed; series-a,healthtech; fintech,Southeast Asia; Singapore,,,early-stage,,SG,Venture Capital,,
inv-crescent-point,,Crescent Point,series-b; series-c; growth,ecommerce,Singapore,,,growth-capital,,SG,Private Equity Firm,reservations@crescentpoint.com,
inv-xora-innovation,,Xora Innovation,seed; series-a; series-b,deeptech,Singapore,,,early-stage,,SG,Venture Capital,,
inv-salarybox,,SalaryBox,,sector-agnostic,Singapore,,,,,SG,,,
inv-syfe,,Syfe,,sector-agnostic,Singapore,,,,,SG,,,
inv-august-one,,August One,seed; series-a,deeptech,Singapore,,,early-stage,,SG,Venture Capital,,
inv-spring-seeds-capital,,Spring SEEDS Capital,seed; series-a,healthtech; agritech,Singapore,,,early-stage,,SG,Venture Capital,,
inv-immunefi,,Immunefi,,sector-agnostic,Singapore,,,,,SG,,,
inv-bambu,,Bambu,,sector-agnostic,Singapore,,,,,SG,,,
inv-divigas,,DiviGas,,sector-agnostic,Singapore,,,,,SG,,,
inv-fairmart,,Fairmart,,sector-agnostic,Singapore,,,,,SG,,,
inv-allozymes,,Allozymes,,sector-agnostic,Singapore,,,,,SG,,,
inv-sungreenh2,,SunGreenH2,,sector-agnostic,Singapore,,,,,SG,,,
inv-green-li-ion,,Green Li-ion,,sector-agnostic,Singapore,,,,,SG,,,
inv-erudifi,,ErudiFi,,sector-agnostic,Singapore,,,,,SG,,,
inv-dagangan,,Dagangan,,sector-agnostic,Singapore,,,,,SG,,,
inv-circles-life,,Circles.Life,,sector-agnostic,Singapore,,,,,SG,,,
inv-sbi-ven-capital,,SBI Ven Capital,seed; series-a,fintech,Singapore; Southeast Asia; Malaysia,,,early-stage,,SG,Venture Capital,,
inv-frontier-digital-ventures,,Frontier Digital Ventures,seed; series-a,proptech; ecommerce,Malaysia; Southeast Asia,,,early-stage,,MY,Micro VC,hello@frontierdigitalventures.co,yes
inv-rea-group-asia,,REA Group Asia,,sector-agnostic,Malaysia,,,,,MY,,,
inv-cr-ventures,,CR Ventures,seed; series-a,healthtech,Singapore,,,early-stage,,SG,Venture Capital,,
inv-eywamedia,,EYWAMEDIA,,sector-agnostic,Singapore,,,,,SG,,,
inv-quest-global,,Quest Global,,sector-agnostic,Singapore,,,,,SG,,,
inv-klab-global,,KLab Global,,sector-agnostic,Singapore,,,,,SG,,,
inv-fcs-solutions,,FCS Solutions,,sector-agnostic,Singapore,,,,,SG,,,
inv-teamie,,Teamie,,sector-agnostic,Singapore,,,,,SG,,,
inv-frasers-property,,Frasers Property,seed; series-a,deeptech; enterprise-saas,Singapore,,,early-stage,,SG,Private Equity Firm,,
inv-superfanz,,Superfanz,,sector-agnostic,Singapore,,,,,SG,,,
inv-sentient-io,,Sentient.io,,sector-agnostic,Singapore,,,,,SG,,,
inv-ipaymy,,ipaymy,,sector-agnostic,Singapore,,,,,SG,,,
inv-malaysian-life-sciences-capital-fund,,Malaysian Life Sciences Capital Fund,series-b; series-c; growth,healthtech; climatetech,Malaysia,,,growth-capital,,MY,Venture Capital,,
inv-pnb-equity-resource-sdn-berhad,,PNB Equity Resource Sdn. Berhad,series-c,climatetech; healthtech,Malaysia,,,growth-capital,,MY,,,
inv-sime-darby,,Sime Darby,seed; series-b; series-c,ecommerce; deeptech,Malaysia; Southeast Asia; Singapore,,,early-stage; growth-capital,,MY,,,
inv-fenghe-group,,FengHe Group,seed; series-a; series-b,deeptech; ecommerce; healthtech,Singapore; Southeast Asia,,,early-stage,,SG,Venture Capital,contact@fenghegroup.com,yes
inv-phillip-private-equity,,Phillip Private Equity,seed; series-a; series-b,consumer; fintech,Singapore,,,early-stage,,SG,Private Equity Firm,,
inv-sph-media-fund,,SPH Media Fund,seed; series-a; series-b,ecommerce,Singapore; Southeast Asia,,,early-stage,,SG,Venture Capital,,
inv-singapore-press-holdings,,Singapore Press Holdings,series-a; series-b; growth,ecommerce; enterprise-saas; media-gaming,Singapore; Southeast Asia; Malaysia,,,growth-capital,,SG,,,
inv-visenze,,ViSenze,,sector-agnostic,Singapore,,,,,SG,,,
inv-y-digital-group-asia-pte-ltd,,Y Digital Group Asia Pte Ltd,,sector-agnostic,Singapore,,,,,SG,,,
inv-tripfez,,Tripfez,,sector-agnostic,Malaysia,,,,,MY,,,
inv-intres-capital-partners,,Intres Capital Partners,,sector-agnostic,Malaysia,,,,,MY,Venture Capital,,
inv-segnel-ventures,,SEGNEL Ventures,series-a,sector-agnostic,Singapore; Malaysia,,,,,SG,Venture Capital,,
inv-glp,,GLP,series-a; series-b; series-c,logistics; ecommerce,Singapore,,,growth-capital,,SG,Private Equity Firm,,
inv-ai-rudder,,AI Rudder,,sector-agnostic,Singapore,,,,,SG,,,
inv-iix-asia,,IIX Asia,series-a,climatetech; agritech,Singapore; Southeast Asia,,,,,SG,,,
inv-iix-impact-partners,,IIX Impact Partners,,climatetech,Singapore,,,,,SG,,,
inv-kaodim-group,,Kaodim Group,,sector-agnostic,Malaysia,,,,,MY,,,
inv-hellogold,,HelloGold,,sector-agnostic,Malaysia,,,,,MY,,,
inv-curlec,,Curlec,,sector-agnostic,Malaysia,,,,,MY,,,
inv-esports-players-league,,Esports Players League,,sector-agnostic,Singapore,,,,,SG,,,
inv-call-levels,,Call Levels,,sector-agnostic,Singapore,,,,,SG,,,
inv-hoolah,,hoolah,,sector-agnostic,Singapore,,,,,SG,,,
inv-active-ai,,Active.ai,,sector-agnostic,Singapore,,,,,SG,,,
inv-consilium-software,,Consilium Software,,sector-agnostic,Singapore,,,,,SG,,,
inv-tribehired,,TribeHired,,sector-agnostic,Malaysia,,,,,MY,,,
inv-koinearth,,Koinearth,,sector-agnostic,Singapore,,,,,SG,,,
inv-jetty-ventures,,Jetty Ventures,seed; series-a; series-b,ecommerce; enterprise-saas,Singapore,,,early-stage,,SG,Venture Capital,+918046681600,yes
inv-st-telemedia,,ST Telemedia,series-a; series-b,enterprise-saas,Singapore,,,,,SG,,contactus@sttelemedia.com,
inv-heritas-venture-fund,,Heritas Venture Fund,series-b; series-c; buyout,healthtech; consumer,Singapore,,,growth-capital,,SG,Venture Capital,,
inv-tradegecko,,TradeGecko,,sector-agnostic,Singapore,,,,,SG,,,
inv-moneysmart,,MoneySmart,,sector-agnostic,Singapore,,,,,SG,,,
inv-style-theory,,Style Theory,,sector-agnostic,Singapore,,,,,SG,,,
inv-centauri-fund,,Centauri Fund,seed; series-a; series-b,ecommerce,Southeast Asia; Singapore,,,early-stage,,SG,Venture Capital,,
inv-bioveda-capital,,BioVeda Capital,series-a; series-b,healthtech,Singapore,,,,,SG,Venture Capital,,
inv-float-foods,,Float Foods,,sector-agnostic,Singapore,,,,,SG,,,
inv-singapore-american-school,,Singapore American School,,sector-agnostic,Singapore,,,,,SG,,,
inv-heliconia-capital-management,,Heliconia Capital Management,series-a; series-b; buyout,ecommerce; healthtech; consumer,Singapore,,,growth-capital,,SG,Private Equity Firm,,
inv-ihh-healthcare-berhad,,IHH Healthcare Berhad,series-a; series-c,healthtech,Malaysia; Singapore,,,growth-capital,,MY,,,
inv-wee-hur-holdings,,Wee Hur Holdings,,edtech; ecommerce,Singapore,,,,,SG,,,
inv-genesis-alternative-ventures,,Genesis Alternative Ventures,series-a; series-b,fintech,Singapore; Southeast Asia,,,,,SG,Venture Capital,,
inv-cosmose,,Cosmose,,sector-agnostic,Singapore,,,,,SG,,,
inv-prospark,,ProSpark,,sector-agnostic,Singapore,,,,,SG,,,
inv-indies-capital-partners,,Indies Capital Partners,seed; series-b; series-c,ecommerce; fintech,Southeast Asia; Singapore; Malaysia,,,early-stage; growth-capital,,SG,Venture Capital,,
inv-sc-ventures,,SC Ventures,seed; series-a,fintech; web3,Singapore; Southeast Asia,,,early-stage,,SG,Venture Capital,,
inv-alcheme-skincare,,Alcheme Skincare,,sector-agnostic,Singapore,,,,,SG,,,
inv-happymarketer,,HappyMarketer,,sector-agnostic,Singapore,,,,,SG,,,
inv-one-championship,,ONE Championship,,sector-agnostic,Singapore,,,,,SG,,,
inv-ngee-ann-polytechnic,,Ngee Ann Polytechnic,,sector-agnostic,Singapore,,,,,SG,,,
inv-intellect,,Intellect,,sector-agnostic,Singapore,,,,,SG,,,
inv-uwave,,uWave,,sector-agnostic,Singapore,,,,,SG,,,
inv-doyobi,,Doyobi,,sector-agnostic,Singapore,,,,,SG,,,
inv-kdv-capital,,KDV Capital,seed; series-a; series-b,healthtech; fintech,Singapore; Southeast Asia,,,early-stage,,SG,,team@kdvcapital.com,yes
inv-singapore-edb,,Singapore EDB,seed; series-a,enterprise-saas; ecommerce,Singapore,,,early-stage,,SG,Government Office,clientservices@edb.gov.sg,
inv-incuvest,,IncuVest,seed; series-a,fintech; web3,Singapore,,,early-stage,,SG,Venture Capital,,
inv-north-base-media,,North Base Media,seed; series-a; series-b,media-gaming,Southeast Asia; Singapore,,,early-stage,,SG,Venture Capital,info@northbasemedia.com,yes
inv-lottiefiles,,LottieFiles,,sector-agnostic,Malaysia,,,,,MY,,,
inv-goodman-capital,,Goodman Capital,pre-seed; seed; series-a,healthtech,Singapore,,,early-stage,,SG,Private Equity Firm,,
inv-coworking-spaces,,coworking spaces,,sector-agnostic,Singapore,,,,,SG,,,
inv-goquo,,GoQuo,,sector-agnostic,Malaysia,,,,,MY,,,
inv-h-capital,,H. Capital,seed; series-a; series-b,consumer; enterprise-saas,Singapore,,,early-stage,,SG,Investment Bank,,
inv-1-play-sports,,1 Play Sports,,sector-agnostic,Singapore,,,,,SG,,,
inv-moma-protocol,,Moma Protocol,,sector-agnostic,Singapore,,,,,SG,,,
inv-perl-eco,,PERL.eco,,sector-agnostic,Singapore,,,,,SG,,,
inv-openocean,,OpenOcean,seed,fintech; enterprise-saas,Singapore,,,early-stage,,SG,,info@openocean.vc,yes
inv-signal-ventures,,Signal Ventures,seed,web3,Singapore,,,early-stage,,SG,Venture Capital,,
inv-vaniday,,Vaniday,,sector-agnostic,Singapore,,,,,SG,,,
inv-infina,,Infina,,sector-agnostic,Singapore,,,,,SG,,,
inv-tazapay,,Tazapay,,sector-agnostic,Singapore,,,,,SG,,,
inv-ruby-capital,,Ruby Capital,seed; series-a,fintech; web3,Singapore; Southeast Asia,,,early-stage,,SG,Venture Capital,here@fortune.my,
inv-seeds-capital,,Seeds Capital,seed; series-a; series-b,healthtech; deeptech,Singapore,,,early-stage,,SG,Venture Capital,,
inv-opgames,,OPgames,pre-seed; seed,web3; media-gaming,Singapore; Southeast Asia,,,early-stage,,SG,,,
inv-qbao-network,,Qbao Network,,sector-agnostic,Singapore,,,,,SG,,,
inv-vechain,,Vechain,pre-seed; seed; series-a,web3; media-gaming,Singapore,,,early-stage,,SG,,,
inv-qtum,,Qtum,,web3,Singapore,,,,,SG,,,
inv-optimate-co,,Optimate.Co,,sector-agnostic,Singapore,,,,,SG,,,
inv-algomerchant,,AlgoMerchant,,sector-agnostic,Singapore,,,,,SG,,,
inv-ntu-ventures,,NTU Ventures,,sector-agnostic,Singapore,,,,,SG,Venture Capital,,
inv-strategic-round-capital,,Strategic Round Capital,seed,web3,Singapore,,,early-stage,,SG,Venture Capital,,
inv-ngc-ventures,,NGC Ventures,pre-seed; seed; series-a,web3,Singapore; Southeast Asia,,,early-stage,,SG,Venture Capital,,
inv-web3-capital,,Web3 Capital,seed,fintech,Singapore,,,early-stage,,SG,Venture Capital,,
inv-cryptodiscover,,CryptoDiscover,seed; series-a,web3,Singapore,,,early-stage,,SG,Venture Capital,info@cryptodiscover.io,yes
inv-efinity,,Efinity,,sector-agnostic,Singapore,,,,,SG,,,
inv-chronicle,,Chronicle,series-a,sector-agnostic,Singapore,,,,,SG,,,
inv-mxc-exchange,,MXC Exchange,seed; series-a; series-c,media-gaming; web3,Singapore,,,early-stage; growth-capital,,SG,,,
inv-frontier,,Frontier,,web3,Singapore,,,,,SG,,,
inv-servishero,,ServisHero,,sector-agnostic,Malaysia,,,,,MY,,,
inv-thrill,,Thrill,,sector-agnostic,Singapore,,,,,SG,,,
inv-pix-vine-capital,,Pix Vine Capital,pre-seed; seed,healthtech,Singapore; Southeast Asia,,,early-stage,,SG,Venture Capital,,
inv-growthwell-group,,Growthwell Group,,sector-agnostic,Singapore,,,,,SG,,,
inv-skills-union,,Skills Union,,sector-agnostic,Singapore,,,,,SG,,,
inv-enspire-capital,,Enspire Capital,seed; series-b; series-c,enterprise-saas; ecommerce,Singapore,,,early-stage; growth-capital,,SG,Venture Capital,admin@enspire.vc,yes
inv-seppure-technologies,,SepPure Technologies,,sector-agnostic,Singapore,,,,,SG,,,
inv-shoppertise,,Shoppertise,,sector-agnostic,Malaysia,,,,,MY,,,
inv-nus-enterprise,,NUS Enterprise,pre-seed; seed,healthtech,Singapore,,,early-stage,,SG,,,
inv-found-ventures,,Found.Ventures,pre-seed; series-a,enterprise-saas,Singapore,,,early-stage,,SG,,,
inv-keppel-land,,Keppel Land,series-a,proptech,Singapore,,,,,SG,,,
inv-yuj-ventures,,Yuj Ventures,seed; series-a,edtech; ecommerce,Singapore,,,early-stage,,SG,Venture Capital,,
inv-uob-venture,,UOB Venture,seed; series-a; series-b,web3; fintech,Singapore; Southeast Asia,,,early-stage,,SG,Venture Capital,,
inv-flocations,,Flocations,,sector-agnostic,Singapore,,,,,SG,,,
inv-kai-square,,KAI Square,,sector-agnostic,Singapore,,,,,SG,,,
inv-shopspot,,ShopSpot,,sector-agnostic,Singapore,,,,,SG,,,
inv-sesto-robotics,,Sesto Robotics,,sector-agnostic,Singapore,,,,,SG,,,
inv-igloohome,,Igloohome,,sector-agnostic,Singapore,,,,,SG,,,
inv-clearx,,ClearX,,sector-agnostic,Singapore,,,,,SG,,,
inv-riskimmune,,RiskImmune,,sector-agnostic,Singapore,,,,,SG,,,
inv-spot-news,,Spot News,,sector-agnostic,Malaysia,,,,,MY,,,
inv-zuzu-hospitality,,ZUZU Hospitality,,sector-agnostic,Singapore,,,,,SG,,,
inv-healthxcapital,,HealthXCapital,seed; series-a; series-b,healthtech,Singapore,,,early-stage,,SG,Venture Capital,pingus@healthxcapital.com,
inv-xeraya-capital,,Xeraya Capital,series-b; series-c,healthtech,Malaysia,,,growth-capital,,MY,Venture Capital,xeraya@xeraya.com,
inv-zyllem,,Zyllem,,sector-agnostic,Singapore,,,,,SG,,,
inv-jubilee-capital-management,,Jubilee Capital Management,seed; series-a; series-b,fintech; ecommerce,Singapore; Southeast Asia,,,early-stage,,SG,Venture Capital,,
inv-taxa,,Taxa,,sector-agnostic,Singapore,,,,,SG,,,
inv-request,,Request,pre-seed,fintech; web3,Singapore,,,early-stage,,SG,,,
inv-vickers-venture-partners,,Vickers Venture Partners,seed; series-a; series-b,healthtech,Singapore; Southeast Asia,,,early-stage,,SG,Venture Capital,,
inv-raffle-venture-partners,,Raffle Venture Partners,series-a; series-b; series-c,healthtech; consumer,Singapore,,,growth-capital,,SG,Venture Capital,,
inv-rigel,,Rigel,,sector-agnostic,Singapore,,,,,SG,,,
inv-bhex-com,,Bhex.com,series-a,web3,Singapore,,,,,SG,,,
inv-debio,,Debio,series-a,web3,Singapore,,,,,SG,,,
inv-kuok-ventures,,Kuok Ventures,series-a,deeptech,Singapore,,,,,SG,,,
inv-reefknot-investments,,Reefknot Investments,series-a; series-b,logistics,Singapore,,,,,SG,Venture Capital,info@reefknotinvestments.com,yes
inv-gabelhorn-investment,,Gabelhorn Investment,series-a; growth,ecommerce; consumer,Singapore,,,growth-capital,,SG,Venture Capital,,
inv-elara-technologies,,Elara Technologies,,sector-agnostic,Singapore,,,,,SG,,,
inv-threadsol,,Threadsol,,sector-agnostic,Singapore,,,,,SG,,,
inv-supergaming,,SuperGaming,,sector-agnostic,Singapore,,,,,SG,,,
inv-pivot-ventures,,Pivot Ventures,series-c,media-gaming,Singapore,,,growth-capital,,SG,Family Investment Office,,
inv-the-parentinc,,The Parentinc,,sector-agnostic,Singapore,,,,,SG,,,
inv-lionrock-capital,,LionRock Capital,seed; series-a; series-b,ecommerce,Singapore,,,early-stage,,SG,Family Investment Office,,
inv-tencube,,tenCube,,sector-agnostic,Singapore,,,,,SG,,,
inv-billpin,,BillPin,,sector-agnostic,Singapore,,,,,SG,,,
inv-legalese,,Legalese,,sector-agnostic,Singapore,,,,,SG,,,
inv-migme,,migme,,sector-agnostic,Singapore,,,,,SG,,,
inv-ctrlshift,,CtrlShift,,sector-agnostic,Singapore,,,,,SG,,,
inv-redmart,,RedMart,,sector-agnostic,Singapore,,,,,SG,,,
inv-media-development-authority,,Media Development Authority,seed,enterprise-saas; deeptech,Singapore,,,early-stage,,SG,Government Office,,
inv-spring-singapore,,Spring Singapore,seed; series-a; series-c,fintech,Singapore,,,early-stage; growth-capital,,SG,Government Office,15618980724,yes
inv-ramblin-brands,,Ramblin’ Brands,,sector-agnostic,Singapore,,,,,SG,,,
inv-kind-kones,,Kind Kones,,sector-agnostic,Malaysia,,,,,MY,,,
inv-fewcents,,Fewcents,,sector-agnostic,Singapore,,,,,SG,,,
inv-spacechain,,SpaceChain,,sector-agnostic,Singapore,,,,,SG,,,
inv-addvalue-technologies,,Addvalue Technologies,,sector-agnostic,Singapore,,,,,SG,,,
inv-zyfin,,Zyfin,,sector-agnostic,Singapore,,,,,SG,,,
inv-conjunct-consulting,,Conjunct Consulting,,sector-agnostic,Singapore,,,,,SG,,,
inv-springboard-harper,,Springboard-Harper,series-b; series-c,sector-agnostic,Singapore,,,growth-capital,,SG,Venture Capital,,
inv-ease-healthcare,,Ease Healthcare,,sector-agnostic,Singapore,,,,,SG,,,
inv-everstone,,Everstone,series-b; buyout,manufacturing; healthtech,Singapore,,,growth-capital,,SG,Private Equity Firm,+351912389038,yes
inv-see-mode-technologies,,See-Mode Technologies,,sector-agnostic,Singapore,,,,,SG,,,
inv-microsec,,MicroSec,,sector-agnostic,Singapore,,,,,SG,,,
inv-bondblox,,BondbloX,,sector-agnostic,Singapore,,,,,SG,,,
inv-milieu-insight,,Milieu Insight,,sector-agnostic,Singapore,,,,,SG,,,
inv-cap-vista,,CAP Vista,pre-seed; seed; series-a,deeptech; enterprise-saas,Singapore,,,early-stage,,SG,Venture Capital,team@capvista.com.sg,yes
inv-endeavour-ventures,,Endeavour Ventures,pre-seed; seed,enterprise-saas; deeptech,Singapore,,,early-stage,,SG,Micro VC,,
inv-astro-malaysia,,Astro Malaysia,series-a; series-b,consumer,Malaysia,,,,,MY,Venture Capital,,
inv-c31ventures,,C31Ventures,seed; series-a; series-b,ecommerce,Singapore,,,early-stage,,SG,Venture Capital,,
inv-biomark,,BioMark,series-a,consumer; healthtech,Singapore; Malaysia,,,,,SG,,,
inv-duopharma-biotech,,Duopharma Biotech,series-a,consumer; healthtech,Malaysia,,,,,MY,,cs@duopharmabiotech.com,
inv-naluri-life,,Naluri Life,,sector-agnostic,Malaysia,,,,,MY,,,
inv-matrixport,,Matrixport,pre-seed; seed; series-a,web3; fintech,Singapore,,,early-stage,,SG,Venture Capital,service@bit.com,
inv-megala-ventures,,Megala Ventures,pre-seed; seed,web3; media-gaming,Southeast Asia; Singapore,,,early-stage,,SG,Venture Capital,,
inv-stemly-ai,,Stemly AI,,sector-agnostic,Singapore,,,,,SG,,,
inv-lim-teck-lee,,Lim Teck Lee,seed; series-b,edtech,Singapore,,,early-stage,,SG,,,
inv-entropica-labs,,Entropica Labs,,sector-agnostic,Singapore,,,,,SG,,,
inv-eyeota,,Eyeota,,sector-agnostic,Singapore,,,,,SG,,,
inv-oyen,,Oyen,,sector-agnostic,Malaysia,,,,,MY,,,
inv-notarum,,Notarum,,sector-agnostic,Singapore,,,,,SG,,,
inv-pax-credit,,Pax Credit,,sector-agnostic,Singapore,,,,,SG,,,
inv-cogniant,,Cogniant,,sector-agnostic,Singapore,,,,,SG,,,
inv-teora,,Teora,,sector-agnostic,Singapore,,,,,SG,,,
inv-sova,,Sova,,sector-agnostic,Singapore,,,,,SG,,,
inv-febe-ventures,,FEBE Ventures,pre-seed; seed; series-a,fintech,Singapore; Southeast Asia,,,early-stage,,SG,Venture Capital,,
inv-proenx,,PROENX,,sector-agnostic,Singapore,,,,,SG,,,
inv-amba-investment-services,,Amba Investment Services,,sector-agnostic,Singapore,,,,,SG,,,
inv-aida,,AIDA,,sector-agnostic,Singapore,,,,,SG,,,
inv-contour,,Contour,,sector-agnostic,Singapore,,,,,SG,,,
inv-litecoin,,Litecoin,,sector-agnostic,Singapore,,,,,SG,,,
inv-nodex-capital,,Nodex Capital,,sector-agnostic,Singapore,,,,,SG,Venture Capital,,
inv-genting-berhad,,Genting Berhad,series-c; buyout,healthtech; media-gaming,Malaysia,,,growth-capital,,MY,,info@genting.com,yes
inv-acheron-trading,,Acheron Trading,seed; series-b,web3; media-gaming,Singapore,,,early-stage,,SG,,contact@acherontrading.com,yes
inv-ascendex,,AscendEX,seed; series-a; series-b,web3,Singapore,,,early-stage,,SG,,support@ascendex.com,yes
inv-2c2p,,2C2P,,sector-agnostic,Singapore,,,,,SG,,,
inv-khazanah-nasional,,Khazanah Nasional,growth; buyout,fintech,Malaysia; Singapore; Southeast Asia,,,growth-capital,,MY,Private Equity Firm,,
inv-airalo,,Airalo,,sector-agnostic,Singapore,,,,,SG,,,
inv-graphic-india,,Graphic India,seed,media-gaming,Singapore,,,early-stage,,SG,,,
inv-ringmd,,RingMD,,sector-agnostic,Singapore,,,,,SG,,,
inv-general-mining-research,,General Mining Research,,sector-agnostic,Singapore,,,,,SG,,,
inv-propine,,Propine,,sector-agnostic,Singapore,,,,,SG,,,
inv-conflux-foundation,,Conflux Foundation,seed,media-gaming; web3,Singapore,,,early-stage,,SG,,,
inv-multiverse-labs,,Multiverse Labs,,sector-agnostic,Singapore,,,,,SG,,,
inv-the-lo-behold-group,,The Lo & Behold Group,seed,ecommerce,Singapore,,,early-stage,,SG,,,
inv-rainforest-life,,Rainforest Life,,sector-agnostic,Singapore,,,,,SG,,,
inv-capital-match,,Capital Match,,sector-agnostic,Singapore,,,,,SG,,,
inv-anthill-ventures,,Anthill Ventures,seed; series-a,ecommerce,Southeast Asia; Singapore,,,early-stage,,SG,Venture Capital,info@anthillventures.com,yes
inv-pinbox-solutions,,pinBox Solutions,,sector-agnostic,Singapore,,,,,SG,,,
inv-klinify,,klinify,,sector-agnostic,Singapore,,,,,SG,,,
inv-healthcode-io,,HealthCode.io,,sector-agnostic,Singapore,,,,,SG,,,
inv-zeemart,,Zeemart,,sector-agnostic,Singapore,,,,,SG,,,
inv-genaro-network,,Genaro Network,,sector-agnostic,Singapore,,,,,SG,,,
inv-techsembly,,Techsembly,,sector-agnostic,Singapore,,,,,SG,,,
inv-sensorflow,,SensorFlow,,sector-agnostic,Singapore,,,,,SG,,,
inv-doyou,,DOYOU,,sector-agnostic,Singapore,,,,,SG,,,
inv-harbourfront-capital,,Harbourfront Capital,seed; series-a; series-b,fintech,Singapore,,,early-stage,,SG,Venture Capital,,
inv-gunosy-capital,,Gunosy Capital,seed; series-b,ecommerce; enterprise-saas,Singapore,,,early-stage,,SG,Venture Capital,,
inv-das-capital,,Das Capital,seed; series-a,fintech,Singapore,,,early-stage,,SG,Venture Capital,office@dascapital.com,yes
inv-imoney-group,,iMoney Group,,sector-agnostic,Malaysia,,,,,MY,,,
inv-trustedcompany,,TrustedCompany,,sector-agnostic,Malaysia,,,,,MY,,,
inv-iprice-group,,iPrice Group,,sector-agnostic,Malaysia,,,,,MY,,,
inv-clay-capital,,Clay Capital,seed; series-a; series-b,healthtech; consumer; agritech,Southeast Asia; Singapore,,,early-stage,,SG,Venture Capital,,
inv-coffee-ventures,,Coffee Ventures,,sector-agnostic,Singapore,,,,,SG,Micro VC,,
inv-tiga-investments,,Tiga Investments,series-a; series-c; growth,ecommerce; edtech,Singapore,,,growth-capital,,SG,Private Equity Firm,,
inv-glints,,Glints,,sector-agnostic,Singapore,,,,,SG,,,
inv-jojonomic,,Jojonomic,,sector-agnostic,Singapore,,,,,SG,,,
inv-inflection-ventures,,Inflection Ventures,seed,web3,Singapore,,,early-stage,,SG,Venture Capital,,
inv-tokenomy,,Tokenomy,seed,web3,Singapore,,,early-stage,,SG,,,
inv-yield-ventures,,yield ventures,seed,web3; fintech,Singapore,,,early-stage,,SG,Venture Capital,contact@yieldventures.co,yes
inv-stakewith-us,,StakeWith.Us,seed; series-b,web3,Singapore,,,early-stage,,SG,,,
inv-whyq,,WhyQ,,sector-agnostic,Singapore,,,,,SG,,,
inv-phemex,,Phemex,pre-seed,web3; media-gaming,Singapore,,,early-stage,,SG,,support@phemex.com,yes
inv-cialfo,,Cialfo,,sector-agnostic,Singapore,,,,,SG,,,
inv-net2one,,Net2one,,sector-agnostic,Malaysia,,,,,MY,,,
inv-silverpush,,SilverPush,,sector-agnostic,Singapore,,,,,SG,,,
inv-coda,,Coda,,sector-agnostic,Singapore,,,,,SG,,,
inv-trade-finance-market,,Trade Finance Market,,sector-agnostic,Singapore,,,,,SG,,,
inv-gocoin,,GoCoin,,sector-agnostic,Singapore,,,,,SG,,,
inv-webuy-global,,Webuy Global,,sector-agnostic,Singapore,,,,,SG,,,
inv-aone,,AOne,,sector-agnostic,Malaysia,,,,,MY,,,
inv-stacs-hashstacs-pte-ltd,,STACS (Hashstacs Pte Ltd),,sector-agnostic,Singapore,,,,,SG,,,
inv-poladrone,,Poladrone,,sector-agnostic,Malaysia,,,,,MY,,,
inv-resolution-ventures,,Resolution Ventures,seed; series-a,fintech; enterprise-saas,Singapore; Southeast Asia; Malaysia,,,early-stage,,SG,Venture Capital,,
inv-tradehero,,TradeHero,,sector-agnostic,Singapore,,,,,SG,,,
inv-v-key,,V-Key,,sector-agnostic,Singapore,,,,,SG,,,
inv-totallyawesome,,TotallyAwesome,seed,edtech,Singapore,,,early-stage,,SG,,,
inv-teller-live,,Teller Live,,sector-agnostic,Singapore,,,,,SG,,,
inv-kolo,,Kolo,,sector-agnostic,Singapore,,,,,SG,,,
inv-saiam,,Saiam,,sector-agnostic,Singapore,,,,,SG,Angel Group,,
inv-rb-investments-pte-ltd,,RB Investments Pte. Ltd.,seed; series-a; series-b,ecommerce; consumer,Singapore,,,early-stage,,SG,Venture Capital,,
inv-vouch-insurance,,Vouch Insurance,,sector-agnostic,Singapore,,,,,SG,,,
inv-novade-solutions,,Novade Solutions,,sector-agnostic,Singapore,,,,,SG,,,
inv-invideo,,InVideo,pre-seed,media-gaming,Singapore,,,early-stage,,SG,,,
inv-lendor,,Lendor,,sector-agnostic,Singapore,,,,,SG,,,
inv-hashmix,,HashMix,,sector-agnostic,Singapore,,,,,SG,,,
inv-pandora-finance,,Pandora Finance,,sector-agnostic,Singapore,,,,,SG,,,
inv-nalu-capital,,Nalu Capital,pre-seed; seed,web3,Singapore,,,early-stage,,SG,Venture Capital,hello@nalucapital.co,yes
inv-pontem-network,,Pontem Network,seed,sector-agnostic,Singapore,,,early-stage,,SG,,,
inv-qcp-capital,,QCP Capital,seed; series-a,web3; fintech,Singapore,,,early-stage,,SG,Venture Capital,comms@qcpgroup.com,
inv-coinomo,,Coinomo,,sector-agnostic,Singapore,,,,,SG,,,
inv-acala-network,,Acala Network,seed,web3,Singapore,,,early-stage,,SG,,,
inv-automata-network,,Automata Network,pre-seed; seed,web3,Singapore,,,early-stage,,SG,,,
inv-true-global-ventures-tgv,,True Global Ventures (TGV),seed; series-a; series-b,web3,Singapore,,,early-stage,,SG,Venture Capital,,
inv-brandtology,,Brandtology,,sector-agnostic,Singapore,,,,,SG,,,
inv-neeuro,,Neeuro,,sector-agnostic,Singapore,,,,,SG,,,
inv-yfind-technologies,,YFind Technologies,,sector-agnostic,Singapore,,,,,SG,,,
inv-basics-capital,,Basics Capital,seed; series-a,media-gaming; web3,Singapore; Southeast Asia,,,early-stage,,SG,Incubator,,
inv-enjin,,Enjin,seed,web3; media-gaming,Singapore; Southeast Asia,,,early-stage,,SG,,contact@enjin.io,yes
inv-enjinstarter,,Enjinstarter,seed,web3; media-gaming,Southeast Asia; Singapore,,,early-stage,,SG,,,
inv-petrock-capital,,PetRock Capital,seed,web3,Singapore; Southeast Asia,,,early-stage,,SG,Venture Capital,,
inv-pouchnation,,PouchNATION,,sector-agnostic,Singapore,,,,,SG,,,
inv-allrites-com,,allrites.com,,sector-agnostic,Singapore,,,,,SG,,,
inv-x21-digital,,X21 Digital,pre-seed; seed,web3; media-gaming,Singapore; Southeast Asia; Malaysia,,,early-stage,,SG,Incubator,,
inv-algorand-foundation,,Algorand Foundation,pre-seed; seed,web3; fintech,Singapore,,,early-stage,,SG,,,
inv-razor-network,,Razor Network,,sector-agnostic,Singapore,,,,,SG,,,
inv-opulous,,Opulous,,sector-agnostic,Singapore,,,,,SG,,,
inv-yieldly,,Yieldly,seed; series-a,media-gaming,Singapore,,,early-stage,,SG,,hello@yieldly.co,yes
inv-mugglepay,,MugglePay,,sector-agnostic,Singapore,,,,,SG,,,
inv-polytrade,,PolyTrade,,sector-agnostic,Singapore,,,,,SG,,,
inv-dokkupay,,DokkuPay,,sector-agnostic,Malaysia,,,,,MY,,,
inv-mintable,,Mintable,seed,media-gaming; healthtech,Singapore,,,early-stage,,SG,,,
inv-zipmex,,Zipmex,seed,web3; fintech,Singapore; Southeast Asia,,,early-stage,,SG,,,
inv-greenhouse-co,,Greenhouse.co,,sector-agnostic,Singapore,,,,,SG,,,
inv-litecoin-foundation,,Litecoin Foundation,growth,healthtech,Singapore,,,growth-capital,,SG,,,
inv-zilhive,,ZILHive,seed,fintech; web3,Singapore; Southeast Asia,,,early-stage,,SG,Venture Capital,,
inv-aora,,AORA,,sector-agnostic,Singapore,,,,,SG,,,
inv-ebus-media-networks,,eBUS Media Networks,,sector-agnostic,Singapore,,,,,SG,,,
inv-good-startup,,Good Startup,pre-seed; seed; series-a,consumer; healthtech; agritech,Singapore,,,early-stage,,SG,Venture Capital,hello@goodstartup.com,yes
inv-milaap,,Milaap,,sector-agnostic,Singapore,,,,,SG,,,
inv-jfdi-asia,,JFDI.Asia,pre-seed; seed,proptech; enterprise-saas,Singapore; Southeast Asia,,,early-stage,,SG,Accelerator,,
inv-omisego,,OmiseGO,,sector-agnostic,Singapore,,,,,SG,,,
inv-bxr-partners-llp,,BXR Partners LLP,,healthtech,Singapore,,,,,SG,Venture Capital,,
inv-three-arrows-capital,,Three Arrows Capital,seed; series-a,web3,Singapore,,,early-stage,,SG,Hedge Fund,,
inv-tenx,,TenX,,sector-agnostic,Singapore,,,,,SG,,,
inv-clearbridge-accelerator,,Clearbridge Accelerator,,sector-agnostic,Singapore,,,,,SG,,,
inv-tribe-theory,,Tribe Theory,pre-seed,sector-agnostic,Singapore,,,early-stage,,SG,,,
inv-router-protocol,,Router Protocol,seed,web3,Singapore,,,early-stage,,SG,,social@routerprotocol.com,
inv-briohr,,BrioHR,,sector-agnostic,Malaysia,,,,,MY,,,
inv-dreamcloud,,Dreamcloud,,sector-agnostic,Singapore,,,,,SG,,,
inv-reddoorz,,RedDoorz,,sector-agnostic,Singapore,,,,,SG,,,
inv-infocomm-investments,,Infocomm Investments,series-a; series-c,sector-agnostic,Singapore,,,growth-capital,,SG,Venture Capital,,
inv-national-research-foundation,,National Research Foundation,seed; series-a,sector-agnostic,Singapore; Malaysia,,,early-stage,,SG,Government Office,,
inv-infocomm-development-authority-of-singapore-ida,,Infocomm Development Authority of Singapore (iDA),,sector-agnostic,Singapore,,,,,SG,,,
inv-firevisor,,FireVisor,,sector-agnostic,Singapore,,,,,SG,,,
inv-blockasset-ventures,,Blockasset Ventures,seed,fintech,Singapore,,,early-stage,,SG,Venture Capital,,
inv-bemyguest,,BeMyGuest,,sector-agnostic,Singapore,,,,,SG,,,
inv-spiking,,Spiking,,sector-agnostic,Singapore,,,,,SG,,,
inv-nem,,NEM,seed,web3; fintech,Singapore; Malaysia,,,early-stage,,SG,Incubator,webinfo@nem.com,
inv-digital-finance-group-dfg,,Digital Finance Group (DFG),seed; series-a,web3; fintech,Singapore,,,early-stage,,SG,Venture Capital,,
inv-jsquare,,Jsquare,pre-seed; seed; series-a,web3; media-gaming,Singapore,,,early-stage,,SG,Venture Capital,info@jsquare.co,yes
inv-scentan-ventures,,Scentan Ventures,seed; series-a; series-c,enterprise-saas,Singapore,,,early-stage; growth-capital,,SG,Venture Capital,,
inv-blabla-edtech,,BlaBla Edtech,,sector-agnostic,Singapore,,,,,SG,,,
inv-game-ventures,,Game Ventures,,sector-agnostic,Singapore,,,,,SG,,,
inv-cdrx,,CDRX,,sector-agnostic,Singapore,,,,,SG,,,
inv-credmark,,Credmark,,sector-agnostic,Singapore,,,,,SG,,,
inv-iterative,,Iterative,pre-seed; seed; series-a,deeptech; enterprise-saas,Singapore; Southeast Asia; Malaysia,,,early-stage,,SG,Venture Capital,hello@iterative.vc,yes
inv-supply-chain-angels,,Supply Chain Angels,seed; series-a,logistics; enterprise-saas,Singapore,,,early-stage,,SG,,,
inv-tookitaki,,Tookitaki,,sector-agnostic,Singapore,,,,,SG,,,
inv-dathena-science,,Dathena Science,,sector-agnostic,Singapore,,,,,SG,,,
inv-zenprivex-zpx,,Zenprivex (ZPX),,sector-agnostic,Singapore,,,,,SG,,,
inv-huat-ventures,,Huat Ventures,pre-seed; seed,healthtech,Singapore; Southeast Asia,,,early-stage,,SG,Venture Capital,,
inv-wapi-pay,,Wapi Pay,,sector-agnostic,Singapore,,,,,SG,,,
inv-amber-premium-singapore,,Amber Premium Singapore,,sector-agnostic,Singapore,,,,,SG,,,
inv-silot,,Silot,,sector-agnostic,Singapore,,,,,SG,,,
inv-shownearby,,ShowNearby,,sector-agnostic,Singapore,,,,,SG,,,
inv-saleswhale,,Saleswhale,,sector-agnostic,Singapore,,,,,SG,,,
inv-motorist,,Motorist,,sector-agnostic,Singapore,,,,,SG,,,
inv-zopim,,Zopim,seed,ecommerce,Singapore,,,early-stage,,SG,,,
inv-delegate,,Delegate,,sector-agnostic,Singapore,,,,,SG,,,
inv-propseller,,Propseller,,sector-agnostic,Singapore,,,,,SG,,,
inv-radarr,,Radarr,,sector-agnostic,Singapore,,,,,SG,,,
inv-akronym,,Akronym,,sector-agnostic,Singapore,,,,,SG,,,
inv-luwjistik,,Luwjistik,,sector-agnostic,Singapore,,,,,SG,,,
inv-haulio,,Haulio,,sector-agnostic,Singapore,,,,,SG,,,
inv-upmesh,,Upmesh,,sector-agnostic,Singapore,,,,,SG,,,
inv-singapore-angel-network,,Singapore Angel Network,pre-seed; seed; series-a,ecommerce; healthtech,Singapore; Southeast Asia,,,early-stage,,SG,Venture Capital,,
inv-staffany,,StaffAny,,sector-agnostic,Singapore,,,,,SG,,,
inv-traverse-technologies,,Traverse Technologies,,sector-agnostic,Singapore,,,,,SG,,,
inv-reebelo,,Reebelo,,sector-agnostic,Singapore,,,,,SG,,,
inv-horangi,,Horangi,,sector-agnostic,Singapore,,,,,SG,,,
inv-qualgro-vc,,Qualgro VC,seed; series-a; series-b,enterprise-saas; deeptech,Singapore; Southeast Asia,,,early-stage,,SG,Venture Capital,,
inv-wegopro,,WegoPro,,sector-agnostic,Singapore,,,,,SG,,,
inv-osome,,Osome,,sector-agnostic,Singapore,,,,,SG,,,
inv-appintop,,AppInTop,,sector-agnostic,Singapore,,,,,SG,,,
inv-zenyum,,Zenyum,,sector-agnostic,Singapore,,,,,SG,,,
inv-insider-one,,Insider One,,sector-agnostic,Singapore,,,,,SG,,,
inv-pie,,Pie,,sector-agnostic,Singapore,,,,,SG,,,
inv-kingswap,,KingSwap,,sector-agnostic,Singapore,,,,,SG,,,
inv-honestbee,,Honestbee,,sector-agnostic,Singapore,,,,,SG,,,
inv-homage,,Homage,,sector-agnostic,Singapore,,,,,SG,,,
inv-shopback,,ShopBack,,sector-agnostic,Singapore,,,,,SG,,,
inv-tribe,,Tribe,pre-seed; seed,web3,Singapore,,,early-stage,,SG,Accelerator,hello@tribe.sg,yes
inv-dtribe-capital,,DTRIBE Capital,seed,healthtech,Singapore,,,early-stage,,SG,Venture Capital,,
inv-arbor-ventures,,Arbor Ventures,series-a; series-b; series-c,fintech,Singapore; Southeast Asia,,,growth-capital,,SG,Venture Capital,info@arborventures.com,yes
inv-carro,,Carro,,fintech,Singapore; Malaysia; Southeast Asia,,,,,SG,,+60162996736,yes
inv-xfers,,Xfers,,sector-agnostic,Singapore,,,,,SG,,,
inv-intelligent-video-solutions,,Intelligent Video Solutions,,sector-agnostic,Singapore,,,,,SG,,,
inv-perx-technologies,,Perx Technologies,,sector-agnostic,Singapore,,,,,SG,,,
inv-browzwear,,Browzwear,,sector-agnostic,Singapore,,,,,SG,,,
inv-8x8-international-pte-ltd,,8x8 International Pte Ltd,,sector-agnostic,Singapore,,,,,SG,,,
inv-red-dot-payment,,Red Dot Payment,,sector-agnostic,Singapore,,,,,SG,,,
inv-swiperx,,SwipeRx,,sector-agnostic,Singapore,,,,,SG,,,
inv-anchanto,,Anchanto,,sector-agnostic,Singapore,,,,,SG,,,
inv-cxa-group,,CXA Group,,sector-agnostic,Singapore,,,,,SG,,,
inv-funding-societies,,Funding Societies,,fintech,Singapore; Southeast Asia,,,,,SG,,info@fundingsocieties.com,yes
inv-inverted-edge,,Inverted Edge,,sector-agnostic,Singapore,,,,,SG,,,
inv-flash-coffee,,Flash Coffee,,sector-agnostic,Singapore,,,,,SG,,,
inv-endowus,,Endowus,,sector-agnostic,Singapore,,,,,SG,,,
inv-smove,,smove,,sector-agnostic,Singapore,,,,,SG,,,
inv-eezee,,Eezee,,sector-agnostic,Singapore,,,,,SG,,,
inv-ackcio,,Ackcio,,sector-agnostic,Singapore,,,,,SG,,,
inv-komunidad,,Komunidad,,sector-agnostic,Singapore,,,,,SG,,,
inv-qorenext,,QoreNext,,sector-agnostic,Singapore,,,,,SG,,,
inv-parcel-perform,,Parcel Perform,,sector-agnostic,Singapore,,,,,SG,,,
inv-portcast,,Portcast,,sector-agnostic,Singapore,,,,,SG,,,
inv-zhiant,,ZHIANT,,sector-agnostic,Singapore,,,,,SG,,,
inv-bellabox,,Bellabox,,sector-agnostic,Singapore,,,,,SG,,,
inv-fileai-formerly-bluesheets,,fileAI (formerly bluesheets),,sector-agnostic,Singapore,,,,,SG,,,
inv-anteplastics,,AntePlastics,,sector-agnostic,Singapore,,,,,SG,,,
inv-zalora,,ZALORA,seed,ecommerce; healthtech,Malaysia; Singapore,,,early-stage,,SG,,,
inv-lazada-group,,Lazada Group,seed,fintech,Singapore; Malaysia; Southeast Asia,,,early-stage,,SG,,,
inv-wego,,Wego,,sector-agnostic,Singapore,,,,,SG,,,
inv-asia-pacific-growth-management,,Asia Pacific Growth Management,seed,media-gaming,Singapore,,,early-stage,,SG,Venture Capital,,
inv-90-seconds,,90 Seconds,,sector-agnostic,Singapore,,,,,SG,,,
inv-cabital,,Cabital,,sector-agnostic,Malaysia,,,,,MY,,,
inv-advance-ai,,ADVANCE.AI,seed,sector-agnostic,Singapore; Southeast Asia,,,early-stage,,SG,,,
inv-advance-intelligence-group,,Advance Intelligence Group,pre-seed,media-gaming,Southeast Asia; Singapore,,,early-stage,,SG,,,
inv-m-daq-global,,M-DAQ Global,pre-seed,enterprise-saas; fintech,Singapore,,,early-stage,,SG,,,
inv-ocean-protocol,,Ocean Protocol,pre-seed; seed,web3,Singapore,,,early-stage,,SG,,,
inv-bamboo-sea-ventures,,Bamboo Sea Ventures,pre-seed; seed,sector-agnostic,Singapore; Southeast Asia,,,early-stage,,SG,Venture Capital,,
inv-gamefounders,,GameFounders,pre-seed; seed,media-gaming,Malaysia,,,early-stage,,MY,Accelerator,,
inv-neoteny-labs,,Neoteny Labs,pre-seed; series-a,media-gaming,Singapore,,,early-stage,,SG,Micro VC,,
inv-echo-ventures,,Echo Ventures,,sector-agnostic,Malaysia,,,,,MY,Venture Capital,,
inv-x-zell,,X-ZELL,,sector-agnostic,Singapore,,,,,SG,,,
inv-hafta,,Hafta,,sector-agnostic,Singapore,,,,,SG,,,
inv-digi-telecommunications,,DiGi Telecommunications,,sector-agnostic,Malaysia,,,,,MY,,,
inv-sparky-animation,,Sparky Animation,,sector-agnostic,Singapore,,,,,SG,,,
inv-anacle-systems,,Anacle Systems,,sector-agnostic,Singapore,,,,,SG,,,
inv-dbs-bank,,DBS Bank,series-a; growth,climatetech,Singapore; Southeast Asia,,,growth-capital,,SG,Investment Bank,,
inv-sourcesage,,SourceSage,,sector-agnostic,Singapore,,,,,SG,,,
inv-mindfi,,MindFi,,sector-agnostic,Singapore,,,,,SG,,,
inv-luxola,,Luxola,,sector-agnostic,Singapore,,,,,SG,,,
inv-borong,,Borong,,sector-agnostic,Malaysia,,,,,MY,,,
inv-coinhako,,CoinHako,pre-seed; seed; series-a,web3; media-gaming,Singapore,,,early-stage,,SG,,,
inv-psa-unboxed,,PSA Unboxed,pre-seed; seed; series-a,logistics,Singapore,,,early-stage,,SG,Venture Capital,,
inv-avada-commerce,,Avada Commerce,,sector-agnostic,Singapore,,,,,SG,,,
inv-tnf-ventures,,TNF Ventures,seed; series-a,consumer,Singapore,,,early-stage,,SG,Venture Capital,info@tnfventures.com,yes
inv-gnowbe,,Gnowbe,,sector-agnostic,Singapore,,,,,SG,,,
inv-biolidics,,Biolidics,,sector-agnostic,Singapore,,,,,SG,,,
inv-paktor,,Paktor,,sector-agnostic,Singapore,,,,,SG,,,
inv-storehub,,StoreHub,,sector-agnostic,Malaysia,,,,,MY,,,
inv-get,,Get,,sector-agnostic,Singapore,,,,,SG,,,
inv-patsnap,,PatSnap,,sector-agnostic,Singapore,,,,,SG,,,
inv-rpg-commerce,,RPG Commerce,,sector-agnostic,Singapore,,,,,SG,,,
inv-dedoco,,Dedoco,,sector-agnostic,Singapore,,,,,SG,,,
inv-bifrost-ai,,Bifrost AI,,sector-agnostic,Singapore,,,,,SG,,,
inv-gotrade,,Gotrade,,sector-agnostic,Singapore,,,,,SG,,,
inv-sobanhang-finan-pte-ltd,,SoBanHang (Finan Pte. Ltd.),,sector-agnostic,Singapore,,,,,SG,,,
inv-agility,,Agility,series-a; series-b; series-c,climatetech; consumer,Singapore,,,growth-capital,,SG,,,
inv-8spaces,,8spaces,,sector-agnostic,Malaysia,,,,,MY,,,
inv-compound-coffee,,Compound Coffee,,sector-agnostic,Singapore,,,,,SG,,,
inv-9flats,,9flats,,sector-agnostic,Singapore,,,,,SG,,,
inv-singtel-digital-media,,SingTel Digital Media,,sector-agnostic,Singapore,,,,,SG,,,
inv-wipee-list,,Wipee List,,sector-agnostic,Singapore,,,,,SG,,,
inv-supabase,,Supabase,,sector-agnostic,Singapore,,,,,SG,,,
inv-next-gen-foods,,Next Gen Foods,,sector-agnostic,Singapore,,,,,SG,,,
inv-cove,,Cove,,sector-agnostic,Singapore,,,,,SG,,,
inv-lenddo,,Lenddo,,sector-agnostic,Singapore,,,,,SG,,,
inv-impact-investment-exchange-iix,,Impact Investment Exchange (IIX),pre-seed; seed,fintech,Singapore,,,early-stage,,SG,,,
inv-diy-org,,DIY.org,,sector-agnostic,Singapore,,,,,SG,,,
inv-tessaract-io,,Tessaract.io,,sector-agnostic,Singapore,,,,,SG,,,
inv-falcon-agency,,FALCON Agency,,sector-agnostic,Singapore,,,,,SG,,,
inv-alps-ventures,,Alps Ventures,pre-seed,ecommerce,Singapore,,,early-stage,,SG,Venture Capital,,
inv-skuad,,Skuad,,sector-agnostic,Singapore,,,,,SG,,,
inv-numerical-technologies,,Numerical Technologies,,sector-agnostic,Singapore,,,,,SG,,,
inv-tech-in-asia,,Tech in Asia,,sector-agnostic,Singapore,,,,,SG,,,
inv-air-asia,,Air Asia,seed; series-a,media-gaming,Malaysia; Singapore,,,early-stage,,MY,,,
inv-locad,,Locad,,sector-agnostic,Singapore,,,,,SG,,,
inv-zilingo,,Zilingo,,sector-agnostic,Singapore,,,,,SG,,,
inv-carousell,,Carousell,,sector-agnostic,Singapore,,,,,SG,,,
inv-99-co,,99.co,,sector-agnostic,Singapore,,,,,SG,,,
inv-bluzelle,,Bluzelle,,sector-agnostic,Singapore,,,,,SG,,,
inv-decentro,,Decentro,,sector-agnostic,Singapore,,,,,SG,,,
inv-durianpay,,Durianpay,,sector-agnostic,Singapore,,,,,SG,,,
inv-tanglin-venture-partners,,Tanglin Venture Partners,seed; series-a; series-b,deeptech; fintech,Singapore; Southeast Asia,,,early-stage,,SG,Venture Capital,info@tanglinvp.com,yes
inv-paramnetwork,,ParamNetwork,,sector-agnostic,Singapore,,,,,SG,,,
inv-fave,,Fave,,sector-agnostic,Singapore,,,,,SG,,,
inv-kyt,,Kyt,,sector-agnostic,Singapore,,,,,SG,,,
inv-opentalk,,Opentalk,,sector-agnostic,Singapore,,,,,SG,,,
inv-volopay,,Volopay,,sector-agnostic,Singapore,,,,,SG,,,
inv-singapore-management-university,,Singapore Management University,,sector-agnostic,Singapore,,,,,SG,University Program,,
inv-rocket-academy,,Rocket Academy,,sector-agnostic,Singapore,,,,,SG,,,
inv-easy-eat,,Easy Eat,,sector-agnostic,Singapore,,,,,SG,,,
inv-sistema-asia-capital,,Sistema Asia Capital,series-b; series-c; growth,ecommerce; deeptech,Singapore,,,growth-capital,,SG,Venture Capital,media@sistemaasiacapital.com,
inv-qapita,,Qapita,,sector-agnostic,Singapore,,,,,SG,,,
inv-ev-growth,,EV Growth,series-a; series-b; series-c,fintech,Southeast Asia; Singapore,,,growth-capital,,SG,Venture Capital,,
inv-indorse,,Indorse,,sector-agnostic,Singapore,,,,,SG,,,
inv-kyber-network,,Kyber Network,pre-seed; seed,web3; media-gaming,Southeast Asia; Singapore,,,early-stage,,SG,,,
inv-powertrade,,PowerTrade,,sector-agnostic,Singapore,,,,,SG,,,
inv-longhash-ventures,,LongHash Ventures,pre-seed; seed; series-a,web3,Singapore; Southeast Asia,,,early-stage,,SG,Venture Capital,ir@longhash.vc,
inv-sevenx-ventures,,SevenX Ventures,seed; series-a,web3; media-gaming,Singapore; Southeast Asia,,,early-stage,,SG,Venture Capital,,
inv-osmosis-foundation,,Osmosis Foundation,seed,sector-agnostic,Singapore,,,early-stage,,SG,,,
inv-mathwallet,,MathWallet,seed; series-b,web3,Singapore,,,early-stage,,SG,,,
inv-niftex,,Niftex,,sector-agnostic,Singapore,,,,,SG,,,
inv-defiance-capital,,DeFiance Capital,seed; series-a,web3; fintech,Singapore; Southeast Asia,,,early-stage,,SG,Venture Capital,,
inv-the-spartan-group,,The Spartan Group,seed; series-a,web3,Singapore; Southeast Asia,,,early-stage,,SG,Venture Capital,,
inv-altonomy,,Altonomy,seed; series-a,web3; fintech,Singapore,,,early-stage,,SG,Private Equity Firm,,
inv-wiz-ai,,WIZ.AI,,sector-agnostic,Singapore,,,,,SG,,,
inv-naos-finance,,NAOS Finance,,fintech,Singapore,,,,,SG,,,
inv-grain,,Grain,,sector-agnostic,Singapore,,,,,SG,,,
inv-finlync,,Finlync,,sector-agnostic,Singapore,,,,,SG,,,
inv-spenmo,,Spenmo,,sector-agnostic,Singapore,,,,,SG,,,
inv-the-fifth-collection,,THE FIFTH COLLECTION,,sector-agnostic,Singapore,,,,,SG,,,
inv-bubbly,,Bubbly,,sector-agnostic,Singapore,,,,,SG,,,
inv-flower-chimp,,Flower Chimp,,sector-agnostic,Malaysia,,,,,MY,,,
inv-una-brands,,Una Brands,series-a,ecommerce,Singapore,,,,,SG,,,
inv-meson-network,,Meson Network,,sector-agnostic,Singapore,,,,,SG,,,
inv-glance,,Glance,,media-gaming,Singapore,,,,,SG,,,
inv-singtel-innov8,,Singtel Innov8,series-a; series-b; series-c,enterprise-saas,Singapore; Southeast Asia,,,growth-capital,,SG,Venture Capital,,
inv-vauld,,Vauld,seed,web3,Singapore,,,early-stage,,SG,,,
inv-surge,,Surge,pre-seed; seed; series-a,enterprise-saas,Singapore; Southeast Asia; Malaysia,,,early-stage,,SG,Accelerator,,
inv-anymind-group,,AnyMind Group,,sector-agnostic,Singapore,,,,,SG,,,
inv-ksk,,KSK,series-a,ecommerce,Malaysia,,,,,MY,,,
inv-manabie,,Manabie,,sector-agnostic,Singapore,,,,,SG,,,
inv-mighty-bear-games,,Mighty Bear Games,,sector-agnostic,Singapore,,,,,SG,,,
inv-nonstop-games,,Nonstop Games,,sector-agnostic,Singapore,,,,,SG,,,
inv-push-protocol,,Push Protocol,,sector-agnostic,Singapore,,,,,SG,,,
inv-synfutures,,SynFutures,,sector-agnostic,Singapore,,,,,SG,,,
inv-honest,,Honest,,sector-agnostic,Singapore,,,,,SG,,,
inv-onloop,,OnLoop,,sector-agnostic,Singapore,,,,,SG,,,
inv-flex,,Flex,seed; series-a; series-b,manufacturing,Singapore,,,early-stage,,SG,,,
inv-geniebook,,Geniebook,,sector-agnostic,Singapore,,,,,SG,,,
inv-solrazr,,SolRazr,,sector-agnostic,Singapore,,,,,SG,,,
inv-moglix,,Moglix,series-b; series-c,climatetech,Singapore,,,growth-capital,,SG,,care@moglix.com,
inv-h3-dynamics,,H3 Dynamics,,sector-agnostic,Singapore,,,,,SG,,,
inv-green-rubber,,Green Rubber,,sector-agnostic,Malaysia,,,,,MY,,,
inv-nanyang-technological-university,,Nanyang Technological University,,sector-agnostic,Singapore,,,,,SG,,,
inv-xanpool,,XanPool,seed,sector-agnostic,Singapore,,,early-stage,,SG,,,
inv-aspire,,Aspire,,sector-agnostic,Singapore,,,,,SG,,,
inv-igloo,,Igloo,,sector-agnostic,Singapore,,,,,SG,,,
inv-tinvio,,Tinvio,,sector-agnostic,Singapore,,,,,SG,,,
inv-mission-holdings,,Mission Holdings,seed; series-a; series-c,fintech,Singapore,,,early-stage; growth-capital,,SG,Venture Capital,inquiries@missionholdings.com,
inv-amansa-capital,,Amansa Capital,growth; buyout,sector-agnostic,Singapore,,,growth-capital,,SG,,enquiry@amansacapital.com,yes
inv-klub,,Klub,seed,ecommerce; consumer,Singapore,,,early-stage,,SG,Venture Capital,,
inv-nextbillion-ai,,Nextbillion.ai,,sector-agnostic,Singapore,,,,,SG,,,
inv-capillary-technologies,,Capillary Technologies,seed,ecommerce,Singapore,,,early-stage,,SG,,,
inv-near-intelligence,,Near Intelligence,,sector-agnostic,Singapore,,,,,SG,,,
inv-atlan,,Atlan,,sector-agnostic,Singapore,,,,,SG,,,
inv-guardrails,,GuardRails,,sector-agnostic,Singapore,,,,,SG,,,
inv-lvx-ventures,,LVX Ventures,pre-seed; seed; series-a,ecommerce,Singapore,,,early-stage,,SG,Venture Capital,,
inv-treedots,,TreeDots,,sector-agnostic,Singapore,,,,,SG,,,
inv-grab,,Grab,seed; series-a,fintech,Southeast Asia; Singapore,,,early-stage,,SG,,press@grab.com,
inv-beam,,Beam,,sector-agnostic,Singapore,,,,,SG,,,
inv-incomlend,,Incomlend,,sector-agnostic,Singapore,,,,,SG,,,
inv-lingoace,,LingoAce,,sector-agnostic,Singapore,,,,,SG,,,
inv-stashaway,,StashAway,,sector-agnostic,Singapore,,,,,SG,,,
inv-aroa-venture-partners,,Aroa Venture Partners,seed; series-a; series-b,deeptech,Singapore,,,early-stage,,SG,Venture Capital,info@aroaventures.com,yes
inv-nas-company-formerly-nas-academy,,Nas Company (Formerly Nas Academy),,sector-agnostic,Singapore,,,,,SG,,,
inv-alethea-ai,,Alethea AI,,sector-agnostic,Singapore,,,,,SG,,,
inv-tonik,,TONIK,,sector-agnostic,Singapore,,,,,SG,,,
inv-temasek,,Temasek,series-b; series-c; growth,healthtech,Singapore; Southeast Asia,,,growth-capital,,SG,Private Equity Firm,+8602344525856,yes
inv-pop-meals,,Pop Meals,,sector-agnostic,Malaysia,,,,,MY,,,
inv-gic,,GIC,series-c; growth; buyout,fintech,Singapore; Southeast Asia,,,growth-capital,,SG,Venture Capital,,
inv-ada,,ADA,,sector-agnostic,Malaysia,,,,,MY,,,
inv-golden-equator-ventures,,Golden Equator Ventures,seed; series-a; series-b,fintech,Singapore; Southeast Asia; Malaysia,,,early-stage,,SG,Venture Capital,,
inv-national-university-of-singapore,,National University of Singapore,pre-seed; seed,climatetech; enterprise-saas,Singapore,,,early-stage,,SG,University Program,,
inv-zklink,,zkLink,,sector-agnostic,Singapore,,,,,SG,,,
inv-nium,,Nium,,sector-agnostic,Singapore,,,,,SG,,,
inv-tricog-health,,Tricog Health,,sector-agnostic,Singapore,,,,,SG,,,
inv-nektar-ai,,Nektar.ai,,sector-agnostic,Singapore,,,,,SG,,,
inv-nansen,,Nansen,seed,fintech; web3,Singapore,,,early-stage,,SG,,,
inv-doctor-anywhere,,Doctor Anywhere,,sector-agnostic,Singapore,,,,,SG,,,
inv-transcelestial-technologies,,Transcelestial Technologies,,sector-agnostic,Singapore,,,,,SG,,,
inv-sci-ecommerce,,SCI Ecommerce,,sector-agnostic,Singapore,,,,,SG,,,
inv-mirxes,,Mirxes,series-a,healthtech,Singapore; Southeast Asia,,,,,SG,,,
inv-bolttech,,bolttech,,fintech,Singapore,,,,,SG,,,
inv-edbi,,EDBI,series-b; series-c; growth,healthtech,Singapore; Southeast Asia; Malaysia,,,growth-capital,,SG,Venture Capital,,
inv-thunes,,Thunes,seed; series-a; series-b,enterprise-saas; fintech,Singapore,,,early-stage,,SG,,,
inv-karana,,KARANA,,sector-agnostic,Singapore,,,,,SG,,,
inv-shiok-meats,,Shiok Meats,,sector-agnostic,Singapore,,,,,SG,,,
inv-silent-eight,,Silent Eight,,sector-agnostic,Singapore,,,,,SG,,,
inv-credolab,,Credolab,,sector-agnostic,Singapore,,,,,SG,,,
inv-reebonz,,Reebonz,,sector-agnostic,Singapore,,,,,SG,,,
inv-ren,,Ren,,sector-agnostic,Singapore,,,,,SG,,,
inv-marlin,,Marlin,,sector-agnostic,Singapore,,,,,SG,,,
inv-immunoscape,,ImmunoScape,,sector-agnostic,Singapore,,,,,SG,,,
inv-onesecure,,OneSecure,,sector-agnostic,Singapore,,,,,SG,,,
inv-pixibo,,Pixibo,,sector-agnostic,Singapore,,,,,SG,,,
inv-kristal-ai,,Kristal.AI,seed,fintech,Singapore,,,early-stage,,SG,,,
inv-abillion,,abillion,,sector-agnostic,Singapore,,,,,SG,,,
inv-fazz,,Fazz,,fintech,Singapore,,,,,SG,,,
inv-stader-labs,,Stader Labs,,sector-agnostic,Singapore,,,,,SG,,,
inv-biconomy,,Biconomy,pre-seed; seed,web3; media-gaming,Singapore; Southeast Asia,,,early-stage,,SG,,,
inv-claystack,,ClayStack,,sector-agnostic,Singapore,,,,,SG,,,
inv-newcampus,,NewCampus,,sector-agnostic,Singapore,,,,,SG,,,
inv-david-tan,,David Tan,buyout,ecommerce; consumer,Singapore; Southeast Asia,,,growth-capital,,SG,,,
inv-reuben-lai,,Reuben Lai,seed; series-a,enterprise-saas; edtech; fintech,Singapore,,,early-stage,,SG,,,
inv-shaun-poh,,Shaun Poh,seed,proptech,Singapore,,,early-stage,,SG,,,
inv-chen-guang,,Chen Guang,,healthtech,Singapore,,,,,SG,,,
inv-calvin-cheng,,Calvin Cheng,seed,manufacturing,Singapore,,,early-stage,,SG,,,
inv-gautam-kumra,,Gautam Kumra,seed; series-b,ecommerce,Singapore,,,early-stage,,SG,,,
inv-thariq-usman-ahmad,,Thariq Usman Ahmad,seed,enterprise-saas,Malaysia,,,early-stage,,MY,,,
inv-nihit-nirmal,,Nihit Nirmal,seed,fintech,Singapore,,,early-stage,,SG,,,
inv-prince-abdul-qawi,,Prince Abdul Qawi,seed,web3; healthtech,Malaysia,,,early-stage,,MY,,,
inv-tugan-guillorme,,Tugan Guillorme,pre-seed,ecommerce,Singapore; Malaysia,,,early-stage,,SG,,,
inv-wang-peijing,,Wang Peijing,buyout,consumer,Singapore,,,growth-capital,,SG,,,
inv-abhishek-marla,,Abhishek Marla,pre-seed,enterprise-saas; media-gaming,Singapore,,,early-stage,,SG,,,
inv-ananth-nathan,,Ananth Nathan,,sector-agnostic,Malaysia,,,,,MY,,,
inv-sudhanshu-tewari,,Sudhanshu Tewari,seed,edtech; deeptech,Singapore,,,early-stage,,SG,,,
inv-fabian-wetekamp,,Fabian Wetekamp,seed,web3,Malaysia,,,early-stage,,MY,,,
inv-atul-temurnikar,,Atul Temurnikar,series-a,edtech,Singapore,,,,,SG,,,
inv-allan-tan,,Allan Tan,buyout,fintech,Malaysia,,,growth-capital,,MY,,,
inv-benjamin-zhu,,Benjamin Zhu,pre-seed,media-gaming,Singapore,,,early-stage,,SG,,,
inv-ashok-agrawal,,Ashok Agrawal,pre-seed,sector-agnostic,Singapore,,,early-stage,,SG,,,
inv-hiroyuki-miyake,,Hiroyuki Miyake,seed,consumer,Singapore,,,early-stage,,SG,,,
inv-bennett-lee,,Bennett Lee,,consumer,Singapore,,,,,SG,,,
inv-bikram-mazumdar,,Bikram Mazumdar,seed,sector-agnostic,Singapore,,,early-stage,,SG,,,
inv-james-shanahan,,James Shanahan,seed,fintech,Singapore,,,early-stage,,SG,,,
inv-robert-alexander-stone,,Robert Alexander STONE,series-a,sector-agnostic,Singapore; Southeast Asia,,,,,SG,,,
inv-niraj-chhajer,,Niraj Chhajer,pre-seed,ecommerce,Singapore,,,early-stage,,SG,,,
inv-remi-choong,,Remi Choong,seed,sector-agnostic,Singapore,,,early-stage,,SG,,,
inv-sachio-nishioka,,Sachio Nishioka,seed,ecommerce,Singapore,,,early-stage,,SG,,,
inv-manish-dhawan,,Manish Dhawan,seed,edtech,Singapore,,,early-stage,,SG,,,
inv-javier-ng,,Javier Ng,seed,sector-agnostic,Singapore,,,early-stage,,SG,,,
inv-yusuke-kono,,Yusuke Kono,seed,sector-agnostic,Singapore,,,early-stage,,SG,,,
inv-alvin-lim,,Alvin Lim,,sector-agnostic,Singapore,,,,,SG,,,
inv-li-lang-heng,,Li Lang Heng,,climatetech,Singapore,,,,,SG,,,
inv-sky-tsoi,,Sky Tsoi,seed,fintech; ecommerce,Singapore,,,early-stage,,SG,,,
inv-ronak-banka,,Ronak Banka,seed,fintech; ecommerce,Singapore,,,early-stage,,SG,,,
inv-ee-chien-chua,,Ee Chien Chua,seed,fintech; ecommerce,Singapore,,,early-stage,,SG,,,
inv-allen-day,,Allen Day,pre-seed; seed; series-a,web3,Singapore,,,early-stage,,SG,,,
inv-livia-chan,,Livia Chan,buyout,consumer; ecommerce,Malaysia; Southeast Asia,,,growth-capital,,MY,,,
inv-cliff-tan,,Cliff Tan,seed,logistics,Singapore,,,early-stage,,SG,,,
inv-sridhar-pinnapureddy,,Sridhar Pinnapureddy,series-b,sector-agnostic,Singapore,,,,,SG,,,
inv-rahul-colaco,,Rahul Colaco,,consumer,Singapore,,,,,SG,,,
inv-joseph-lee,,Joseph Lee,pre-seed; seed,media-gaming,Southeast Asia; Malaysia,,,early-stage,,MY,,,
inv-puiyan-leung,,Puiyan Leung,series-a,manufacturing; deeptech; climatetech,Singapore,,,,,SG,,,
inv-jake-thui,,Jake Thui,seed,edtech,Malaysia; Southeast Asia,,,early-stage,,MY,,,
inv-tan-khim,,Tan Khim,series-c,logistics,Singapore,,,growth-capital,,SG,,,
inv-ridwan-budijono,,Ridwan Budijono,,healthtech,Singapore; Southeast Asia,,,,,SG,,,
inv-troy-liu,,Troy Liu,seed,enterprise-saas; consumer,Singapore,,,early-stage,,SG,,,
inv-rubo-liang,,Rubo Liang,,sector-agnostic,Singapore,,,,,SG,,,
inv-melvin-lek,,Melvin Lek,,sector-agnostic,Singapore,,,,,SG,,,
inv-robert-macdonald,,Robert MacDonald,,sector-agnostic,Singapore,,,,,SG,,,
inv-carol-wong,,Carol Wong,seed; series-a,media-gaming; enterprise-saas,Singapore,,,early-stage,,SG,,,
inv-maureen-brazil,,Maureen Brazil,,sector-agnostic,Singapore,,,,,SG,,,
inv-joseph-mocanu,,Joseph Mocanu,pre-seed; seed,healthtech,Singapore,,,early-stage,,SG,,,
inv-linda-ang,,Linda Ang,,media-gaming,Singapore,,,,,SG,,,
inv-james-kim,,James Kim,,sector-agnostic,Singapore,,,,,SG,Investment Partner,,
inv-gracia-jessica,,Gracia Jessica,,sector-agnostic,Singapore,,,,,SG,,,
inv-luc-loja,,Luc Loja,,sector-agnostic,Singapore,,,,,SG,,,
inv-rati-seth,,Rati Seth,pre-seed,ecommerce; consumer,Singapore,,,early-stage,,SG,Individual/Angel,,
inv-yuki-mori,,Yuki Mori,,sector-agnostic,Singapore,,,,,SG,,,
inv-ruoyun-yang,,Ruoyun Yang,seed,fintech,Singapore; Southeast Asia,,,early-stage,,SG,,,
inv-luke-roho,,Luke Roho,,sector-agnostic,Malaysia,,,,,MY,,,
inv-jack-derong,,Jack Derong,,sector-agnostic,Singapore,,,,,SG,,,
inv-daniel-wang,,Daniel Wang,pre-seed; seed,web3,Singapore,,,early-stage,,SG,Individual/Angel,,
inv-mark-wang,,Mark Wang,series-b,healthtech,Singapore,,,,,SG,Investment Partner,,
inv-namrata-singh,,Namrata Singh,series-a,deeptech,Singapore,,,,,SG,,,
inv-krish-anurag,,Krish Anurag,pre-seed; seed,media-gaming,Singapore,,,early-stage,,SG,,,
inv-kinsey-cotton,,Kinsey Cotton,seed,web3; edtech,Singapore,,,early-stage,,SG,,,
inv-uli-hitzel,,Uli Hitzel,,sector-agnostic,Singapore,,,,,SG,,,
inv-craig-martin,,Craig Martin,seed,sector-agnostic,Singapore,,,early-stage,,SG,,,
inv-choy-peng-wu,,Choy Peng Wu,,sector-agnostic,Singapore,,,,,SG,,,
inv-deanna-ong,,Deanna Ong,,sector-agnostic,Singapore,,,,,SG,,,
inv-kok-huat-goh,,Kok Huat Goh,,sector-agnostic,Singapore,,,,,SG,,,
inv-wilson-chung,,Wilson Chung,,sector-agnostic,Singapore,,,,,SG,,,
inv-brendino-wong,,Brendino Wong,,sector-agnostic,Singapore,,,,,SG,,,
inv-shawn-tan,,Shawn Tan,pre-seed,fintech,Singapore,,,early-stage,,SG,,,
inv-ross-lazaroo-hood,,Ross Lazaroo-Hood,pre-seed; seed,fintech,Malaysia,,,early-stage,,MY,,,
inv-teck-lee-chee,,Teck Lee Chee,,sector-agnostic,Singapore,,,,,SG,,,
inv-mohd-nordin,,Mohd Nordin,,sector-agnostic,Malaysia,,,,,MY,,,
inv-joel-ang,,Joel Ang,seed; series-a; series-b,sector-agnostic,Singapore; Southeast Asia,,,early-stage,,SG,,,
inv-julianto-johanes,,Julianto Johanes,,sector-agnostic,Singapore,,,,,SG,,,
inv-beatrice-lion,,Beatrice Lion,seed; series-a,enterprise-saas; fintech; deeptech,Singapore,,,early-stage,,SG,Investment Partner,,
inv-dato-rsquo-hoo,,Dato&rsquo; Hoo,seed,deeptech,Malaysia,,,early-stage,,MY,,,
inv-dr-razi-yousuf,,Dr. Razi Yousuf,series-a,healthtech,Singapore,,,,,SG,,,
inv-hann-yeoh,,Hann Yeoh,seed,agritech; consumer,Malaysia,,,early-stage,,MY,,,
inv-sagun-garg,,Sagun Garg,,sector-agnostic,Singapore,,,,,SG,,,
inv-john-thomson,,John Thomson,,sector-agnostic,Singapore,,,,,SG,,,
inv-dmitry-rudenko,,Dmitry Rudenko,,sector-agnostic,Singapore,,,,,SG,,,
inv-anatoly-kondiyakov,,Anatoly Kondiyakov,pre-seed,web3,Singapore,,,early-stage,,SG,,,
inv-hy-sia,,HY Sia,seed,consumer; fintech,Malaysia; Singapore,,,early-stage,,MY,,,
inv-amit-sharma,,Amit Sharma,,sector-agnostic,Singapore,,,,,SG,,,
inv-bailey-tan,,Bailey Tan,,sector-agnostic,Singapore,,,,,SG,,,
inv-karam-butalia,,Karam Butalia,,sector-agnostic,Singapore,,,,,SG,,,
inv-vibhav-panandiker,,Vibhav Panandiker,,sector-agnostic,Singapore,,,,,SG,,,
inv-nicolas-mas,,Nicolas Mas,seed; series-a,enterprise-saas; fintech; consumer,Singapore,,,early-stage,,SG,,,
inv-sungho-kim,,Sungho Kim,seed; series-a,web3; ecommerce,Singapore,,,early-stage,,SG,,,
inv-giulio-x,,Giulio X.,pre-seed; seed,media-gaming,Malaysia,,,early-stage,,MY,,,
inv-patrick-linton,,Patrick Linton,seed,sector-agnostic,Singapore,,,early-stage,,SG,,,
inv-raymond-yuan,,Raymond Yuan,,sector-agnostic,Singapore,,,,,SG,,,
inv-pete-chareonwongsak,,Pete Chareonwongsak,,logistics; ecommerce,Malaysia; Southeast Asia,,,,,MY,,,
inv-mark-rydon,,Mark Rydon,pre-seed,web3,Singapore,,,early-stage,,SG,,,
inv-michelle-tsui,,Michelle Tsui,,sector-agnostic,Singapore,,,,,SG,,,
inv-pranjal-kalra,,Pranjal Kalra,pre-seed,sector-agnostic,Singapore,,,early-stage,,SG,,,
inv-christine-ng,,Christine Ng,,sector-agnostic,Singapore,,,,,SG,,,
inv-lachmi-niwas-sadani,,Lachmi-Niwas Sadani,,sector-agnostic,Singapore,,,,,SG,,,
inv-yashwin-naidu,,Yashwin Naidu,,sector-agnostic,Singapore,,,,,SG,,,
inv-shaun-chong,,Shaun Chong,seed,climatetech,Singapore; Malaysia,,,early-stage,,SG,Individual/Angel,,
inv-arthur-lang,,Arthur Lang,buyout,infrastructure,Singapore,,,growth-capital,,SG,,,
inv-dillon-ye,,Dillon Ye,,sector-agnostic,Singapore,,,,,SG,,,
inv-margaret-wang,,Margaret Wang,,sector-agnostic,Singapore,,,,,SG,,,
inv-syed-yasir-arafat,,Syed Yasir Arafat,buyout,sector-agnostic,Malaysia,,,growth-capital,,MY,,,
inv-shannon-chow,,Shannon Chow,,sector-agnostic,Malaysia,,,,,MY,,,
inv-jenn-hui-tan,,Jenn-Hui Tan,,sector-agnostic,Singapore,,,,,SG,,,
inv-alex-hungate,,Alex Hungate,,sector-agnostic,Singapore,,,,,SG,,,
inv-kim-liu,,Kim Liu,,sector-agnostic,Singapore,,,,,SG,,,
inv-chris-collins,,Chris Collins,,sector-agnostic,Singapore,,,,,SG,,,
inv-angelina-seow,,Angelina Seow,,sector-agnostic,Singapore,,,,,SG,,,
inv-benjamin-tan,,Benjamin Tan,,sector-agnostic,Singapore,,,,,SG,,,
inv-chao-deng,,Chao Deng,pre-seed; series-a,fintech,Singapore,,,early-stage,,SG,,,
inv-stephen-richardson,,Stephen Richardson,seed,web3,Singapore,,,early-stage,,SG,,,
inv-sam-barrett,,Sam Barrett,,sector-agnostic,Malaysia,,,,,MY,,,
inv-munish-myer,,Munish Myer,,sector-agnostic,Singapore,,,,,SG,,,
inv-karen-seah,,Karen Seah,,sector-agnostic,Singapore,,,,,SG,,,
inv-aadarsh-baijal,,Aadarsh Baijal,seed,climatetech,Singapore,,,early-stage,,SG,,,
inv-dale-hardcastle,,Dale Hardcastle,seed,climatetech,Singapore,,,early-stage,,SG,,,
inv-satish-shankar,,Satish Shankar,seed,climatetech,Singapore,,,early-stage,,SG,,,
inv-keng-low,,Keng Low,,sector-agnostic,Singapore,,,,,SG,,,
inv-suraj-arora,,Suraj Arora,,sector-agnostic,Malaysia,,,,,MY,,,
inv-audrey-tang,,Audrey Tang,,sector-agnostic,Singapore,,,,,SG,,,
inv-kelvin-chng,,Kelvin Chng,,sector-agnostic,Singapore,,,,,SG,Investment Partner,,
inv-dr-valerie-speth,,Dr. Valerie Speth,buyout,climatetech,Singapore; Malaysia,,,growth-capital,,SG,,,
inv-ankit-agrawal,,Ankit Agrawal,,sector-agnostic,Singapore,,,,,SG,,,
inv-carl-thong,,Carl Thong,,sector-agnostic,Singapore,,,,,SG,,,
inv-weng-kin-choo,,Weng Kin Choo,series-a,consumer,Singapore; Southeast Asia,,,,,SG,,,
inv-ahmad-redzuan-sidek,,Ahmad Redzuan Sidek,seed,sector-agnostic,Malaysia; Singapore,,,early-stage,,MY,,,
inv-ian-soo,,Ian Soo,,sector-agnostic,Singapore,,,,,SG,,,
inv-kingston-kwek,,Kingston Kwek,seed,edtech; deeptech,Singapore,,,early-stage,,SG,,,
inv-kaixin-tan,,Kaixin Tan,seed; series-a,healthtech,Singapore,,,early-stage,,SG,,,
inv-kok-hwee-sim,,Kok Hwee Sim,,sector-agnostic,Singapore,,,,,SG,,,
inv-vijay-sirse,,Vijay Sirse,pre-seed,deeptech; manufacturing,Singapore,,,early-stage,,SG,,,
inv-byung-joon-han,,Byung Joon Han,seed; series-a; series-b,manufacturing; deeptech,Singapore,,,early-stage,,SG,Individual/Angel,,
inv-kane-black,,Kane Black,pre-seed,sector-agnostic,Singapore,,,early-stage,,SG,Individual/Angel,,
inv-aris-cahyadi-risdianto,,Aris Cahyadi Risdianto,,sector-agnostic,Singapore,,,,,SG,,,
inv-munidasa-winslow,,Munidasa Winslow,,sector-agnostic,Singapore,,,,,SG,,,
inv-junxian-lee,,Junxian Lee,,sector-agnostic,Singapore,,,,,SG,,,
inv-jia-hong-shaw,,Jia Hong Shaw,pre-seed,climatetech,Singapore,,,early-stage,,SG,,,
inv-razy-shah,,Razy Shah,pre-seed,enterprise-saas; media-gaming,Singapore,,,early-stage,,SG,,,
inv-willy-koh,,Willy Koh,seed,sector-agnostic,Singapore,,,early-stage,,SG,,,
inv-parin-mehta,,Parin Mehta,seed,web3,Singapore,,,early-stage,,SG,Investment Partner,,
inv-rose-huskey,,Rose Huskey,,sector-agnostic,Singapore,,,,,SG,,,
inv-kok-sun-lee,,Kok Sun Lee,buyout,proptech,Singapore,,,growth-capital,,SG,,,
inv-pachara-lawjindakul,,Pachara Lawjindakul,seed; series-a; series-b,fintech; ecommerce,Singapore; Southeast Asia,,,early-stage,,SG,,,
inv-wirin-eiamphoklarp,,Wirin Eiamphoklarp,seed,sector-agnostic,Singapore; Southeast Asia,,,early-stage,,SG,,,
inv-angel-low,,Angel Low,,sector-agnostic,Malaysia,,,,,MY,,,
inv-henry-tan,,Henry Tan,,sector-agnostic,Malaysia,,,,,MY,,,
inv-scott-sungho-lim,,Scott Sungho Lim,series-b,proptech,Singapore,,,,,SG,,,
inv-wen-qi-ho,,Wen Qi Ho,series-a,healthtech,Singapore,,,,,SG,Investment Partner,,
inv-bill-maldonado,,Bill Maldonado,,sector-agnostic,Singapore,,,,,SG,,,
inv-jason-lee,,Jason Lee,,sector-agnostic,Malaysia,,,,,MY,,,
inv-cassandra-goh,,Cassandra Goh,seed,fintech,Malaysia,,,early-stage,,MY,,,
inv-syed-haizam-jamalullail,,Syed Haizam Jamalullail,seed,enterprise-saas; fintech,Malaysia,,,early-stage,,MY,Investment Partner,,
inv-lee-young-sang,,Lee Young-sang,series-a; series-b,agritech; consumer,Singapore,,,,,SG,,,
inv-anju-abrol,,Anju Abrol,,healthtech,Singapore,,,,,SG,Investment Partner,,
inv-takashi-sano,,Takashi Sano,seed; series-a; series-c,sector-agnostic,Singapore,,,early-stage; growth-capital,,SG,,,
inv-james-alexandroff,,James Alexandroff,,proptech,Singapore,,,,,SG,Investment Partner,,
inv-jonathan-wong,,Jonathan Wong,seed,sector-agnostic,Singapore,,,early-stage,,SG,,,
inv-nakul-malhotra,,Nakul Malhotra,seed,sector-agnostic,Singapore,,,early-stage,,SG,,,
inv-melverick-ng,,Melverick Ng,,sector-agnostic,Singapore,,,,,SG,,,
inv-edwin-kong,,Edwin Kong,,sector-agnostic,Singapore,,,,,SG,,,
inv-louis-looi,,Louis Looi,,sector-agnostic,Singapore,,,,,SG,,,
inv-chris-lee,,Chris Lee,series-a,healthtech; deeptech,Singapore,,,,,SG,Investment Partner,,
inv-amar-odedra,,Amar Odedra,seed,fintech,Singapore,,,early-stage,,SG,,,
inv-hizzan-hamid,,Hizzan Hamid,,sector-agnostic,Malaysia,,,,,MY,,,
inv-nik-amlizan-mohamed,,Nik Amlizan Mohamed,,sector-agnostic,Malaysia,,,,,MY,,,
inv-eric-tan,,Eric Tan,seed,sector-agnostic,Malaysia,,,early-stage,,MY,Individual/Angel,,
inv-david-tung,,David Tung,seed,fintech; web3,Singapore,,,early-stage,,SG,,,
inv-kwee-liong-tek,,Kwee Liong Tek,seed,fintech; web3,Singapore,,,early-stage,,SG,,,
inv-sai-choy-tham,,Sai Choy Tham,seed,fintech; web3,Singapore,,,early-stage,,SG,,,
inv-anantha-nageswaran,,Anantha Nageswaran,seed,healthtech,Singapore,,,early-stage,,SG,,,
inv-khatijah-yusoff,,Khatijah Yusoff,,sector-agnostic,Malaysia,,,,,MY,,,
inv-mohd-jerry-tan,,Mohd Jerry Tan,series-a,sector-agnostic,Malaysia,,,,,MY,Investment Partner,,
inv-philipp-willigmann,,Philipp Willigmann,seed,sector-agnostic,Singapore,,,early-stage,,SG,,,
inv-ash-upadhyaya,,Ash Upadhyaya,buyout,climatetech,Singapore,,,growth-capital,,SG,Investment Partner,,
inv-wong-chin-toh,,Wong Chin Toh,series-b,fintech,Malaysia,,,,,MY,,,
inv-shawn-shi,,Shawn Shi,seed,web3,Singapore,,,early-stage,,SG,,,
inv-john-tan,,John Tan,,sector-agnostic,Singapore,,,,,SG,,,
inv-thomas-baudlot,,Thomas Baudlot,seed,deeptech,Singapore,,,early-stage,,SG,,,
inv-karen-loon,,Karen Loon,,sector-agnostic,Singapore,,,,,SG,,,
inv-winfred-fan,,Winfred Fan,,sector-agnostic,Malaysia,,,,,MY,,,
inv-marcus-john,,Marcus John,series-a,media-gaming,Singapore,,,,,SG,,,
inv-michael-patent,,Michael Patent,series-a,media-gaming,Singapore,,,,,SG,,,
inv-victor-lai,,Victor Lai,seed,sector-agnostic,Singapore,,,early-stage,,SG,,,
inv-shabir-momin,,Shabir Momin,pre-seed; seed,sector-agnostic,Singapore,,,early-stage,,SG,,,
inv-pankaj-khushani,,Pankaj Khushani,,healthtech,Singapore,,,,,SG,,,
inv-pramod-veturi,,Pramod Veturi,seed,consumer,Malaysia,,,early-stage,,MY,,,
inv-andrew-tan,,Andrew Tan,,sector-agnostic,Malaysia,,,,,MY,,,
inv-rob-lee,,Rob Lee,series-b,fintech; web3,Malaysia,,,,,MY,,,
inv-alice-foo,,Alice Foo,pre-seed,climatetech; healthtech,Singapore,,,early-stage,,SG,,,
inv-deeps-de-silva,,Deeps de Silva,,sector-agnostic,Singapore,,,,,SG,,,
inv-frederick-teo,,Frederick Teo,series-a; buyout,sector-agnostic,Singapore,,,growth-capital,,SG,,,
inv-rohit-dadwal,,Rohit Dadwal,pre-seed,sector-agnostic,Singapore,,,early-stage,,SG,,,
inv-kai-ping-yong,,Kai Ping Yong,,fintech,Malaysia; Southeast Asia; Singapore,,,,,MY,,,
inv-arvinder-gujral,,Arvinder Gujral,pre-seed,fintech,Singapore,,,early-stage,,SG,,,
inv-dato-munirah-looi,,Dato’ Munirah Looi,,sector-agnostic,Malaysia,,,,,MY,,,
inv-surina-shukri,,Surina Shukri,,sector-agnostic,Malaysia,,,,,MY,,,
inv-gopi-ganesalingam,,Gopi Ganesalingam,,sector-agnostic,Malaysia,,,,,MY,,,
inv-jenna-huey-ching,,Jenna Huey Ching,,sector-agnostic,Malaysia,,,,,MY,,,
inv-karl-hou,,Karl Hou,,sector-agnostic,Malaysia,,,,,MY,,,
inv-chin-qui-hin,,Chin Qui Hin,,fintech,Singapore,,,,,SG,,,
inv-kheng-lian-ho,,Kheng Lian Ho,,sector-agnostic,Singapore,,,,,SG,,,
inv-ganesh-kashyap,,Ganesh Kashyap,,sector-agnostic,Singapore,,,,,SG,,,
inv-everett-leonidas,,Everett Leonidas,series-b; series-c,fintech,Singapore,,,growth-capital,,SG,,,
inv-rondy-yunanda-yong,,Rondy Yunanda Yong,seed,sector-agnostic,Malaysia; Southeast Asia; Singapore,,,early-stage,,MY,Individual/Angel,,
inv-daniel-neary,,Daniel Neary,seed,consumer,Singapore,,,early-stage,,SG,Individual/Angel,,
inv-yolanda-lee,,Yolanda Lee,,sector-agnostic,Singapore,,,,,SG,,,
inv-zubin-daruwalla,,Zubin Daruwalla,seed,healthtech,Singapore,,,early-stage,,SG,,,
inv-sameer-khan,,Sameer Khan,pre-seed; seed,fintech,Singapore,,,early-stage,,SG,,,
inv-ramachandran-muniandy,,Ramachandran Muniandy,,sector-agnostic,Malaysia,,,,,MY,,,
inv-ashwin-chockalingam,,Ashwin Chockalingam,seed,fintech,Malaysia,,,early-stage,,MY,,,
inv-ritesh-kakkad,,Ritesh Kakkad,pre-seed; seed,web3,Singapore,,,early-stage,,SG,,,
inv-andra-malina-platon,,Andra Malina Platon,pre-seed,healthtech; deeptech,Singapore,,,early-stage,,SG,,,
inv-patti-chu,,Patti Chu,,sector-agnostic,Singapore,,,,,SG,,,
inv-kelvin-chiu,,Kelvin Chiu,pre-seed; seed; series-a,enterprise-saas,Singapore; Southeast Asia,,,early-stage,,SG,Investment Partner,,
inv-dato-teng-chee-wai,,Dato' Teng Chee Wai,series-a,fintech,Malaysia,,,,,MY,,,
inv-tan-chun-hao,,Tan Chun Hao,,sector-agnostic,Singapore,,,,,SG,,,
inv-roelof-westerbeek,,Roelof Westerbeek,,sector-agnostic,Singapore,,,,,SG,,,
inv-suresh-thiru,,Suresh Thiru,pre-seed,enterprise-saas,Malaysia; Southeast Asia,,,early-stage,,MY,,,
inv-daniel-bertoli,,Daniel Bertoli,series-a,enterprise-saas,Singapore; Southeast Asia,,,,,SG,,,
inv-pravan-malhotra,,Pravan Malhotra,pre-seed; series-a; series-b,enterprise-saas; consumer,Singapore,,,early-stage,,SG,,,
inv-wing-vasiksiri,,Wing Vasiksiri,pre-seed; seed,web3,Singapore; Southeast Asia,,,early-stage,,SG,,,
inv-rae-deng,,Rae Deng,pre-seed,web3,Singapore,,,early-stage,,SG,,,
inv-c-k-vishwakarma,,C K Vishwakarma,seed,sector-agnostic,Singapore,,,early-stage,,SG,,,
inv-ned-kee,,Ned Kee,,sector-agnostic,Singapore,,,,,SG,,,
inv-jia-pu,,Jia Pu,,sector-agnostic,Singapore,,,,,SG,,,
inv-leon-toh,,Leon Toh,pre-seed,manufacturing,Singapore,,,early-stage,,SG,,,
inv-nicholas-bloy,,Nicholas Bloy,buyout,healthtech; edtech,Malaysia; Southeast Asia,,,growth-capital,,MY,,,
inv-peter-miller,,Peter Miller,seed,fintech; ecommerce,Malaysia; Singapore,,,early-stage,,MY,,,
inv-simon-hopkins,,Simon Hopkins,,sector-agnostic,Singapore,,,,,SG,,,
inv-clement-tay,,Clement Tay,,sector-agnostic,Singapore,,,,,SG,,,
inv-amarjit-sandhu,,Amarjit Sandhu,,sector-agnostic,Malaysia,,,,,MY,,,
inv-chew-lam-goh,,Chew Lam Goh,pre-seed; seed,sector-agnostic,Singapore,,,early-stage,,SG,,,
inv-rahul-nambiar,,Rahul Nambiar,seed,consumer; healthtech,Singapore,,,early-stage,,SG,,,
inv-uday-deshpande,,UDay Deshpande,,sector-agnostic,Singapore,,,,,SG,,,
inv-isaac-mung,,Isaac Mung,seed,sector-agnostic,Singapore,,,early-stage,,SG,,,
inv-albert-ee,,Albert Ee,,sector-agnostic,Singapore,,,,,SG,,,
inv-sunil-kaul,,Sunil Kaul,growth,fintech,Singapore,,,growth-capital,,SG,,,
inv-amit-nanavati,,Amit Nanavati,pre-seed; seed; series-a,fintech,Singapore,,,early-stage,,SG,,,
inv-kee-siak-chan,,Kee Siak Chan,seed,enterprise-saas,Malaysia; Singapore,,,early-stage,,MY,Individual/Angel,,
inv-aik-boon-tan,,Aik Boon Tan,,sector-agnostic,Singapore,,,,,SG,,,
inv-kishore-mahbubani,,Kishore Mahbubani,pre-seed,edtech,Singapore,,,early-stage,,SG,Individual/Angel,,
inv-rohan-sikri,,Rohan Sikri,,sector-agnostic,Singapore,,,,,SG,,,
inv-raymond-gillon,,Raymond Gillon,,sector-agnostic,Singapore,,,,,SG,,,
inv-mudasar-mohamed,,Mudasar Mohamed,,sector-agnostic,Singapore,,,,,SG,,,
inv-nidhi-surana,,Nidhi Surana,pre-seed,sector-agnostic,Singapore,,,early-stage,,SG,Individual/Angel,,
inv-nitin-gajria,,Nitin Gajria,series-a,fintech,Singapore,,,,,SG,,,
inv-wayne-quek,,Wayne Quek,seed,fintech,Singapore,,,early-stage,,SG,Individual/Angel,,
inv-kapil-berry,,Kapil Berry,,sector-agnostic,Singapore,,,,,SG,,,
inv-akhil-doegar,,Akhil Doegar,,sector-agnostic,Singapore,,,,,SG,,,
inv-lionel-lim,,Lionel Lim,,sector-agnostic,Singapore,,,,,SG,,,
inv-lee-kok-chew,,LEE KOK CHEW,,sector-agnostic,Singapore,,,,,SG,,,
inv-dilip-vamanan,,Dilip Vamanan,seed,media-gaming; healthtech,Singapore,,,early-stage,,SG,,,
inv-amit-manocha,,Amit Manocha,seed,enterprise-saas; fintech,Singapore,,,early-stage,,SG,Individual/Angel,,
inv-damian-tan,,Damian Tan,,sector-agnostic,Singapore,,,,,SG,,,
inv-steve-walker,,Steve Walker,,sector-agnostic,Singapore,,,,,SG,,,
inv-brahmal-vasudevan,,Brahmal Vasudevan,series-c; buyout,manufacturing; consumer; agritech,Malaysia; Southeast Asia,,,growth-capital,,MY,Investment Partner,,
inv-steven-tan,,Steven Tan,seed,ecommerce; proptech,Singapore,,,early-stage,,SG,Individual/Angel,,
inv-jin-hui-wong,,Jin Hui Wong,seed; series-b,fintech,Malaysia; Singapore,,,early-stage,,MY,,,
inv-sofy-rahman,,Sofy Rahman,,sector-agnostic,Singapore,,,,,SG,,,
inv-wan-sing-kong,,Wan Sing Kong,,sector-agnostic,Singapore,,,,,SG,,,
inv-stephen-lee,,Stephen Lee,,sector-agnostic,Singapore,,,,,SG,,,
inv-nainesh-jaisingh,,Nainesh Jaisingh,,sector-agnostic,Singapore,,,,,SG,,,
inv-wai-loke,,Wai Loke,series-c; buyout,healthtech; manufacturing,Singapore,,,growth-capital,,SG,,,
inv-menka-sajnani,,Menka Sajnani,,enterprise-saas; fintech,Singapore; Malaysia; Southeast Asia,,,,,SG,,,
inv-arno-de-vette,,Arno de Vette,,fintech,Singapore,,,,,SG,Investment Partner,,
inv-faisal-nasimuddin,,Faisal Nasimuddin,seed,media-gaming,Malaysia; Singapore,,,early-stage,,MY,Individual/Angel,,
inv-winato-kartono,,Winato Kartono,buyout,infrastructure,Singapore,,,growth-capital,,SG,,,
inv-paul-cobban,,Paul Cobban,,sector-agnostic,Singapore,,,,,SG,,,
inv-nick-gundry,,Nick Gundry,seed,ecommerce,Singapore,,,early-stage,,SG,Individual/Angel,,
inv-viola-tan,,Viola Tan,,sector-agnostic,Singapore,,,,,SG,,,
inv-rachel-lim,,Rachel Lim,,sector-agnostic,Singapore,,,,,SG,,,
inv-kevin-brockland,,Kevin Brockland,pre-seed; seed,ecommerce; enterprise-saas; edtech,Malaysia; Southeast Asia,,,early-stage,,MY,,,
inv-jia-cheong,,Jia Cheong,,sector-agnostic,Singapore,,,,,SG,,,
inv-joshua-au,,Joshua Au,,sector-agnostic,Singapore,,,,,SG,,,
inv-wieslaw-nowinski,,Wieslaw Nowinski,,sector-agnostic,Singapore,,,,,SG,,,
inv-chris-clark,,Chris Clark,series-c; growth,fintech,Singapore,,,growth-capital,,SG,Investment Partner,,
inv-ian-pinner,,Ian Pinner,series-a,consumer; healthtech,Singapore,,,,,SG,,,
inv-vijay-ayyar,,Vijay Ayyar,,sector-agnostic,Singapore,,,,,SG,,,
inv-ben-ng,,Ben Ng,,fintech,Malaysia,,,,,MY,Investment Partner,,
inv-deborah-mei,,Deborah Mei,seed,edtech,Singapore,,,early-stage,,SG,,,
inv-sian-wee-tan,,Sian Wee Tan,,sector-agnostic,Singapore,,,,,SG,,,
inv-virender-aggarwal,,Virender Aggarwal,pre-seed,sector-agnostic,Singapore,,,early-stage,,SG,,,
inv-denise-peng,,Denise Peng,seed; series-b,fintech; ecommerce,Singapore,,,early-stage,,SG,Individual/Angel,,
inv-lawrence-yong,,Lawrence Yong,,sector-agnostic,Singapore,,,,,SG,,,
inv-sharil-tarmizi,,Sharil Tarmizi,seed,deeptech,Malaysia,,,early-stage,,MY,Individual/Angel,,
inv-tan-chong-meng,,Tan Chong Meng,,sector-agnostic,Singapore,,,,,SG,,,
inv-chew-khim,,Chew Khim,,sector-agnostic,Singapore,,,,,SG,,,
inv-ang-xing-xian,,Ang Xing Xian,,sector-agnostic,Malaysia,,,,,MY,,,
inv-evans-huangfu,,Evans Huangfu,seed,web3; media-gaming,Singapore; Southeast Asia,,,early-stage,,SG,,,
inv-hock-lai-chia,,Hock Lai Chia,,sector-agnostic,Singapore,,,,,SG,,,
inv-martin-pickrodt,,Martin Pickrodt,,sector-agnostic,Singapore,,,,,SG,,,
inv-wong-thean-soon,,Wong Thean Soon,,sector-agnostic,Malaysia,,,,,MY,,,
inv-mun-yew-wong,,Mun-yew Wong,seed; series-a,healthtech,Singapore,,,early-stage,,SG,,,
inv-roshni-mahtani,,Roshni Mahtani,seed,ecommerce,Singapore; Southeast Asia,,,early-stage,,SG,Individual/Angel,,
inv-shima-reza,,Shima Reza,,sector-agnostic,Malaysia,,,,,MY,,,
inv-zaky-moh,,Zaky Moh,,sector-agnostic,Malaysia,,,,,MY,,,
inv-mohd-rithaudden-makip,,Mohd Rithaudden Makip,,sector-agnostic,Malaysia,,,,,MY,,,
inv-mohd-izham-abdullah,,Mohd Izham Abdullah,,sector-agnostic,Malaysia,,,,,MY,,,
inv-julian-reis,,Julian Reis,series-b,consumer; healthtech,Singapore; Southeast Asia,,,,,SG,,,
inv-ketan-samani,,Ketan Samani,,sector-agnostic,Singapore,,,,,SG,,,
inv-leesa-soulodre,,Leesa Soulodre,,sector-agnostic,Singapore,,,,,SG,,,
inv-harveen-narulla,,Harveen Narulla,seed,fintech; ecommerce,Singapore,,,early-stage,,SG,Individual/Angel,,
inv-manoj-menon,,Manoj Menon,pre-seed; seed,consumer,Singapore; Malaysia,,,early-stage,,SG,Individual/Angel,,
inv-zhen-jian-lim,,Zhen Jian Lim,,sector-agnostic,Malaysia,,,,,MY,,,
inv-aireen-omar,,Aireen Omar,,sector-agnostic,Malaysia,,,,,MY,,,
inv-kay-mok-ku,,Kay-Mok Ku,seed; series-a; series-b,logistics; proptech; consumer,Singapore; Southeast Asia; Malaysia,,,early-stage,,SG,,,
inv-haobo-zhao,,Haobo Zhao,seed,sector-agnostic,Singapore,,,early-stage,,SG,,,
inv-ashish-shastry,,Ashish Shastry,series-a; series-b; buyout,edtech,Southeast Asia; Singapore,,,growth-capital,,SG,,,
inv-samir-rath,,Samir Rath,,sector-agnostic,Singapore,,,,,SG,,,
inv-sopnendu-mohanty,,Sopnendu Mohanty,,sector-agnostic,Singapore,,,,,SG,,,
inv-ghim-eng-yap,,Ghim Eng Yap,,sector-agnostic,Singapore,,,,,SG,,,
inv-craig-hewett,,Craig Hewett,seed,ecommerce,Singapore,,,early-stage,,SG,Individual/Angel,,
inv-roshini-bakshi,,Roshini Bakshi,,sector-agnostic,Singapore,,,,,SG,,,
inv-sameer-sain,,Sameer Sain,buyout,consumer,Singapore,,,growth-capital,,SG,Investment Partner,,
inv-atul-kapur,,Atul Kapur,buyout,healthtech; manufacturing,Singapore,,,growth-capital,,SG,,,
inv-kok-long-chan,,Kok Long Chan,seed,consumer; ecommerce,Malaysia; Southeast Asia,,,early-stage,,MY,Individual/Angel,,
inv-amelia-ong,,amelia ong,seed; series-a,sector-agnostic,Malaysia; Singapore,,,early-stage,,MY,,,
inv-umar-abdulhamid,,Umar AbdulHamid,seed,media-gaming,Singapore,,,early-stage,,SG,Individual/Angel,,
inv-don-chow,,Don Chow,,sector-agnostic,Singapore,,,,,SG,,,
inv-juliana-jan,,Juliana Jan,seed,ecommerce,Malaysia,,,early-stage,,MY,Investment Partner,,
inv-razif-aziz,,Razif Aziz,,sector-agnostic,Malaysia,,,,,MY,,,
inv-y-bhg-datuk-nozirah-binti-bahari,,Y. Bhg Datuk Nozirah Binti Bahari,,sector-agnostic,Malaysia,,,,,MY,,,
inv-azman-hood,,Azman Hood,,sector-agnostic,Malaysia,,,,,MY,,,
inv-munir-shah,,Munir Shah,,sector-agnostic,Malaysia,,,,,MY,,,
inv-xelia-tong,,Xelia Tong,pre-seed,enterprise-saas; healthtech,Malaysia; Southeast Asia,,,early-stage,,MY,,,
inv-eliza-elias,,Eliza Elias,,sector-agnostic,Malaysia,,,,,MY,,,
inv-rafiza-ghazali,,Rafiza Ghazali,,sector-agnostic,Malaysia,,,,,MY,,,
inv-michael-gan,,Michael Gan,,sector-agnostic,Malaysia,,,,,MY,,,
inv-adrian-hia,,Adrian Hia,series-a,agritech; deeptech,Malaysia,,,,,MY,,,
inv-see-toh-kean-yaw,,See Toh Kean Yaw,,sector-agnostic,Malaysia,,,,,MY,,,
inv-vipin-agrawal,,Vipin Agrawal,,sector-agnostic,Malaysia,,,,,MY,,,
inv-geetha-sivapathasundram,,Geetha Sivapathasundram,,sector-agnostic,Malaysia,,,,,MY,,,
inv-yu-xi-lim,,Yu-Xi Lim,,sector-agnostic,Singapore,,,,,SG,,,
inv-alex-chua,,Alex Chua,,sector-agnostic,Singapore,,,,,SG,Investment Partner,,
inv-sunil-mishra,,Sunil Mishra,,sector-agnostic,Singapore,,,,,SG,,,
inv-nishchay-goel,,Nishchay Goel,seed; series-a; series-c,agritech; ecommerce,Singapore,,,early-stage; growth-capital,,SG,,,
inv-mat-langley,,Mat Langley,seed,sector-agnostic,Singapore,,,early-stage,,SG,Individual/Angel,,
inv-choo-beng-lor,,Choo Beng Lor,,sector-agnostic,Singapore,,,,,SG,,,
inv-isaac-ho,,Isaac Ho,,sector-agnostic,Singapore,,,,,SG,,,
inv-ruiyang-zou,,RuiYang Zou,,sector-agnostic,Singapore,,,,,SG,,,
inv-lihan-zhou,,LiHan Zhou,,sector-agnostic,Singapore,,,,,SG,,,
inv-alexis-nicosia,,Alexis Nicosia,,sector-agnostic,Singapore,,,,,SG,,,
inv-khai-lin-chua,,Khai Lin Chua,,sector-agnostic,Singapore,,,,,SG,,,
inv-lijun-chui,,Lijun Chui,,sector-agnostic,Singapore,,,,,SG,,,
inv-suzen-lim,,Suzen Lim,,sector-agnostic,Malaysia,,,,,MY,,,
inv-karen-chan,,Karen Chan,,sector-agnostic,Singapore,,,,,SG,,,
inv-colin-currie,,Colin Currie,,sector-agnostic,Malaysia,,,,,MY,,,
inv-robin-low,,Robin Low,,sector-agnostic,Malaysia,,,,,MY,,,
inv-tony-fernandes,,Tony Fernandes,,consumer,Malaysia,,,,,MY,,,
inv-bill-chua,,Bill Chua,,sector-agnostic,Singapore,,,,,SG,,,
inv-mitul-lakhani,,Mitul Lakhani,,sector-agnostic,Malaysia,,,,,MY,,,
inv-ankit-khandelwal,,Ankit Khandelwal,pre-seed,healthtech,Singapore,,,early-stage,,SG,,,
inv-jay-jayawijayaningtiyas,,Jay Jayawijayaningtiyas,,sector-agnostic,Singapore,,,,,SG,,,
inv-carmelo-pistorio,,Carmelo Pistorio,,sector-agnostic,Singapore,,,,,SG,,,
inv-hari-krishnan,,Hari Krishnan,seed,ecommerce; proptech,Singapore,,,early-stage,,SG,,,
inv-jani-rautiainen,,Jani Rautiainen,pre-seed; seed,proptech,Singapore; Southeast Asia,,,early-stage,,SG,,,
inv-edward-chen,,Edward Chen,pre-seed; seed,web3,Singapore,,,early-stage,,SG,,,
inv-lee-han-shih,,Lee Han Shih,pre-seed; series-a,fintech; enterprise-saas,Singapore,,,early-stage,,SG,,,
inv-brett-morris,,Brett Morris,seed,sector-agnostic,Singapore,,,early-stage,,SG,,,
inv-suzanna-kassim,,Suzanna Kassim,,sector-agnostic,Malaysia,,,,,MY,,,
inv-nur-baidzurah-mohd-ali,,Nur Baidzurah Mohd Ali,,sector-agnostic,Malaysia,,,,,MY,,,
inv-shaik-taufik-shaik-yusoff,,Shaik Taufik Shaik Yusoff,,sector-agnostic,Malaysia,,,,,MY,,,
inv-nazrin-hassan,,Nazrin Hassan,,sector-agnostic,Malaysia,,,,,MY,,,
inv-jack-hennessy,,Jack Hennessy,,sector-agnostic,Singapore,,,,,SG,,,
inv-yee-how-choong,,Yee How Choong,series-a,consumer; healthtech,Malaysia; Singapore,,,,,MY,Individual/Angel,,
inv-joel-bar-el,,Joel Bar-El,pre-seed,enterprise-saas; logistics,Singapore,,,early-stage,,SG,,,
inv-alan-miyasaki,,Alan Miyasaki,buyout,logistics; proptech,Singapore,,,growth-capital,,SG,,,
inv-bob-morrison,,Bob Morrison,,sector-agnostic,Singapore,,,,,SG,,,
inv-nikhil-srivastava,,Nikhil Srivastava,pre-seed; seed; buyout,ecommerce; edtech,Singapore,,,early-stage; growth-capital,,SG,,,
inv-arvind-tiku,,Arvind Tiku,seed,media-gaming,Singapore,,,early-stage,,SG,Individual/Angel,,
inv-cameron-priest,,Cameron Priest,seed,enterprise-saas; fintech,Singapore,,,early-stage,,SG,,,
inv-bradley-priest,,Bradley Priest,pre-seed,sector-agnostic,Singapore,,,early-stage,,SG,,,
inv-chang-wen-lai,,Chang Wen Lai,seed,climatetech,Singapore; Malaysia,,,early-stage,,SG,,,
inv-denny-goenawan,,Denny Goenawan,,sector-agnostic,Singapore,,,,,SG,,,
inv-sukgu-kim,,Sukgu Kim,,sector-agnostic,Malaysia,,,,,MY,,,
inv-vincent-ha,,Vincent Ha,,sector-agnostic,Singapore,,,,,SG,,,
inv-sumeet-jaisinghani,,Sumeet Jaisinghani,series-a,ecommerce; consumer,Southeast Asia; Singapore,,,,,SG,Investment Partner,,
inv-jerry-hang,,Jerry Hang,,sector-agnostic,Malaysia,,,,,MY,,,
inv-alvin-yuan,,Alvin Yuan,,sector-agnostic,Malaysia,,,,,MY,,,
inv-advent-phang,,Advent Phang,,sector-agnostic,Malaysia,,,,,MY,,,
inv-suresh-mahadevan,,Suresh Mahadevan,pre-seed; seed,healthtech; ecommerce,Singapore,,,early-stage,,SG,,,
inv-amit-kakar,,Amit Kakar,series-c; buyout,healthtech; manufacturing,Singapore,,,growth-capital,,SG,,,
inv-dzuleira-abu-bakar,,Dzuleira Abu Bakar,,sector-agnostic,Malaysia,,,,,MY,,,
inv-chen-chow-yeoh,,Chen Chow Yeoh,pre-seed,consumer; ecommerce,Malaysia; Singapore,,,early-stage,,MY,,,
inv-michael-smith,,Michael Smith,seed,sector-agnostic,Singapore,,,early-stage,,SG,Investment Partner,,
inv-jessica-tan,,Jessica Tan,,sector-agnostic,Singapore,,,,,SG,,,
inv-christopher-choe,,Christopher Choe,,sector-agnostic,Singapore,,,,,SG,,,
inv-jeremy-seow,,Jeremy Seow,seed,proptech,Singapore,,,early-stage,,SG,Individual/Angel,,
inv-fahmi-hamzah,,Fahmi Hamzah,,sector-agnostic,Malaysia,,,,,MY,,,
inv-zauqi-abdullah,,ZAUQI Abdullah,series-b,ecommerce,Malaysia,,,,,MY,Investment Partner,,
inv-husain-albar,,Husain Albar,,sector-agnostic,Malaysia,,,,,MY,,,
inv-kelvin-tan,,Kelvin Tan,pre-seed; series-c,sector-agnostic,Singapore,,,early-stage; growth-capital,,SG,,,
inv-tinku-gupta,,Tinku Gupta,,sector-agnostic,Singapore,,,,,SG,,,
inv-shi-ying-lau,,Shi Ying Lau,series-a,healthtech,Malaysia; Singapore,,,,,MY,,,
inv-xiaoxiong-yao,,Xiaoxiong Yao,,sector-agnostic,Singapore,,,,,SG,,,
inv-huang-shao-ning,,Huang Shao Ning,pre-seed; seed; series-a,enterprise-saas,Singapore,,,early-stage,,SG,,,
inv-lim-der-shing,,Lim Der Shing,pre-seed; seed; series-a,healthtech,Singapore; Malaysia; Southeast Asia,,,early-stage,,SG,,,
inv-thierry-panafieu,,Thierry Panafieu,,media-gaming,Singapore,,,,,SG,Investment Partner,,
inv-dave-ng,,Dave Ng,series-a; series-b; series-c,enterprise-saas,Malaysia; Singapore; Southeast Asia,,,growth-capital,,SG,,,
inv-tek-yew-chia,,Tek Yew Chia,,sector-agnostic,Singapore,,,,,SG,,,
inv-bryan-tan,,Bryan Tan,pre-seed,fintech,Singapore,,,early-stage,,SG,,,
inv-shirlynn-teo,,Shirlynn Teo,,sector-agnostic,Singapore,,,,,SG,,,
inv-yet-han-shih,,Yet Han Shih,,sector-agnostic,Singapore,,,,,SG,,,
inv-harry-markl,,Harry Markl,seed,logistics; ecommerce,Singapore,,,early-stage,,SG,Individual/Angel,,
inv-ravi-thakran,,Ravi Thakran,seed; growth,enterprise-saas; ecommerce,Singapore,,,early-stage; growth-capital,,SG,Individual/Angel,,
inv-shuchi-pandya,,Shuchi Pandya,seed; series-a,consumer,Singapore,,,early-stage,,SG,Investment Partner,,
inv-carylyne-chan,,Carylyne Chan,seed,web3,Singapore,,,early-stage,,SG,,,
inv-namita-moolani-mehra,,Namita Moolani Mehra,,sector-agnostic,Singapore,,,,,SG,,,
inv-walter-lee,,Walter Lee,,sector-agnostic,Singapore,,,,,SG,,,
inv-kashminder-singh,,Kashminder Singh,,sector-agnostic,Malaysia,,,,,MY,,,
inv-timo-recker,,Timo Recker,series-a,ecommerce,Singapore,,,,,SG,,,
inv-daniel-ng,,Daniel Ng,,sector-agnostic,Singapore,,,,,SG,,,
inv-matthew-tan,,Matthew Tan,pre-seed; seed,web3,Malaysia; Singapore,,,early-stage,,MY,,,
inv-umar-munshi,,Umar Munshi,seed,fintech; web3,Malaysia; Singapore,,,early-stage,,MY,,,
inv-percy-hung,,Percy Hung,growth,media-gaming; consumer,Singapore; Malaysia,,,growth-capital,,SG,,,
inv-siddharth-puranik,,Siddharth Puranik,pre-seed; seed,healthtech,Singapore,,,early-stage,,SG,,,
inv-maarten-hemmes,,Maarten Hemmes,seed,enterprise-saas; logistics,Singapore,,,early-stage,,SG,Individual/Angel,,
inv-joanne-huang,,Joanne Huang,,sector-agnostic,Singapore,,,,,SG,,,
inv-ting-yan-leck,,Ting Yan Leck,,sector-agnostic,Singapore,,,,,SG,,,
inv-christopher-quek,,Christopher Quek,seed; series-a; series-b,healthtech; deeptech,Singapore,,,early-stage,,SG,,,
inv-alex-ng,,Alex Ng,pre-seed; seed,edtech,Southeast Asia; Singapore,,,early-stage,,SG,,,
inv-nizam-nadzri,,Nizam Nadzri,seed,media-gaming,Malaysia,,,early-stage,,MY,Investment Partner,,
inv-shan-li-tay,,Shan Li Tay,pre-seed; seed,logistics,Malaysia; Singapore,,,early-stage,,MY,,,
inv-sivapalan-vivekarajah,,Sivapalan Vivekarajah,seed,fintech,Malaysia,,,early-stage,,MY,,,
inv-aaron-sarma,,Aaron Sarma,,sector-agnostic,Malaysia,,,,,MY,,,
inv-andre-sequerah,,Andre Sequerah,pre-seed; seed,enterprise-saas; consumer,Malaysia; Singapore,,,early-stage,,MY,,,
inv-xiangqian-xq-lin,,XiangQian (XQ) Lin,series-a,healthtech,Singapore,,,,,SG,,,
inv-serb-jodha,,Serb Jodha,,sector-agnostic,Singapore,,,,,SG,,,
inv-athi-selvanayagam,,Athi Selvanayagam,,sector-agnostic,Malaysia,,,,,MY,,,
inv-bikesh-lakhmichand,,Bikesh Lakhmichand,pre-seed; seed,fintech,Malaysia; Singapore; Southeast Asia,,,early-stage,,MY,,,
inv-arif-ikmal,,Arif Ikmal,,sector-agnostic,Malaysia,,,,,MY,,,
inv-constantin-robertz,,Constantin Robertz,pre-seed,fintech,Singapore; Southeast Asia,,,early-stage,,SG,,,
inv-mathew-kuppe,,Mathew Kuppe,seed,manufacturing,Singapore,,,early-stage,,SG,,,
inv-sam-shafie,,Sam Shafie,,sector-agnostic,Malaysia,,,,,MY,,,
inv-noomi-fessler,,Noomi Fessler,,sector-agnostic,Malaysia,,,,,MY,,,
inv-danny-lee,,Danny Lee,,sector-agnostic,Malaysia,,,,,MY,,,
inv-ben-lim,,Ben Lim,pre-seed; seed,ecommerce,Malaysia; Southeast Asia,,,early-stage,,MY,,,
inv-prashant-kumar,,Prashant Kumar,seed,edtech,Malaysia,,,early-stage,,MY,,,
inv-vidit-agrawal,,Vidit Agrawal,pre-seed; seed,agritech,Singapore; Southeast Asia,,,early-stage,,SG,,,
inv-scott-anthony,,Scott Anthony,series-a,enterprise-saas; logistics,Singapore,,,,,SG,Individual/Angel,,
inv-imran-rahim,,Imran Rahim,,sector-agnostic,Singapore,,,,,SG,,,
inv-kahoe-low,,Kahoe Low,series-a; series-b,enterprise-saas,Singapore,,,,,SG,,,
inv-christophe-aulnette,,Christophe Aulnette,,sector-agnostic,Singapore,,,,,SG,,,
inv-koichi-saito,,Koichi Saito,seed; series-a,consumer; fintech,Singapore; Southeast Asia; Malaysia,,,early-stage,,SG,,,
inv-ronald-ling,,Ronald Ling,,healthtech,Singapore,,,,,SG,,,
inv-harry-inaba,,Harry Inaba,series-a,media-gaming,Singapore,,,,,SG,Individual/Angel,,
inv-lim-swee-yong,,Lim Swee Yong,seed; series-a,ecommerce; agritech,Singapore; Southeast Asia,,,early-stage,,SG,,,
inv-dennis-goh,,Dennis Goh,seed; series-a,sector-agnostic,Singapore,,,early-stage,,SG,,,
inv-jeremy-khoo,,Jeremy Khoo,,sector-agnostic,Singapore,,,,,SG,,,
inv-andrew-chen,,Andrew Chen,seed,fintech,Singapore,,,early-stage,,SG,Individual/Angel,,
inv-douglas-foo,,Douglas Foo,seed,fintech,Singapore,,,early-stage,,SG,Individual/Angel,,
inv-melvyn-yeo,,Melvyn Yeo,series-a; series-b,climatetech,Singapore; Southeast Asia,,,,,SG,,,
inv-david-ma,,David Ma,pre-seed; seed,healthtech; ecommerce,Singapore; Southeast Asia,,,early-stage,,SG,,,
inv-robert-yap,,Robert Yap,series-b,consumer; healthtech,Singapore,,,,,SG,Individual/Angel,,
inv-virgil-griffith,,Virgil Griffith,,sector-agnostic,Singapore,,,,,SG,,,
inv-mark-chang-mun-kee,,Mark Chang Mun Kee,seed,healthtech,Singapore,,,early-stage,,SG,,,
inv-roopal-malpani,,Roopal Malpani,,sector-agnostic,Singapore,,,,,SG,,,
inv-francesco-boccardo,,Francesco Boccardo,,sector-agnostic,Singapore,,,,,SG,,,
inv-loh-ching-soo,,Loh Ching Soo,,sector-agnostic,Singapore,,,,,SG,,,
inv-mark-pui,,Mark Pui,pre-seed; seed,edtech,Singapore,,,early-stage,,SG,,,
inv-ngeow-jiawen,,Ngeow Jiawen,seed,web3,Singapore,,,early-stage,,SG,,,
inv-katsuaki-sato,,Katsuaki Sato,seed,media-gaming,Singapore,,,early-stage,,SG,Individual/Angel,,
inv-mark-hon,,Mark Hon,,sector-agnostic,Singapore,,,,,SG,,,
inv-naveen-agnihotri,,Naveen Agnihotri,seed,sector-agnostic,Singapore,,,early-stage,,SG,,,
inv-richard-eldridge,,Richard Eldridge,seed,climatetech,Singapore; Southeast Asia,,,early-stage,,SG,,,
inv-ecclesiastes-joel-sim,,Ecclesiastes Joel Sim,,sector-agnostic,Singapore,,,,,SG,,,
inv-choon-xin-heng,,Choon Xin Heng,,sector-agnostic,Singapore,,,,,SG,,,
inv-vishal-harnal,,Vishal Harnal,pre-seed; seed; series-a,deeptech; consumer,Singapore; Southeast Asia; Malaysia,,,early-stage,,SG,,,
inv-eric-yu,,Eric Yu,,sector-agnostic,Singapore,,,,,SG,,,
inv-tim-rath,,Tim Rath,seed,consumer; ecommerce,Singapore,,,early-stage,,SG,,,
inv-stein-jakob-oeie,,Stein Jakob Oeie,pre-seed; seed; series-a,consumer; ecommerce,Singapore,,,early-stage,,SG,,,
inv-parminder-singh,,Parminder Singh,seed,sector-agnostic,Singapore,,,early-stage,,SG,Individual/Angel,,
inv-gwendolyn-regina,,Gwendolyn Regina,pre-seed; seed; series-a,web3,Singapore,,,early-stage,,SG,,,
inv-meor-kamal-azhar-meor-hamzah-lotfi,,Meor Kamal Azhar Meor Hamzah Lotfi,,sector-agnostic,Malaysia,,,,,MY,,,
inv-suraya-kulop-abdul-rahman,,Suraya Kulop Abdul Rahman,,sector-agnostic,Malaysia,,,,,MY,,,
inv-karunajothi-kandasamy,,Karunajothi Kandasamy,,sector-agnostic,Malaysia,,,,,MY,,,
inv-sharifah-najwa-syed-abu-bakar,,Sharifah Najwa Syed Abu Bakar,,sector-agnostic,Malaysia,,,,,MY,,,
inv-mimi-razidah-abd-razak,,Mimi Razidah Abd. Razak,,sector-agnostic,Malaysia,,,,,MY,,,
inv-isham-ishak,,Isham Ishak,,sector-agnostic,Malaysia,,,,,MY,,,
inv-rohana-ramly,,Rohana Ramly,,sector-agnostic,Malaysia,,,,,MY,,,
inv-dato-hafsah-hashim,,Dato Hafsah Hashim,,sector-agnostic,Malaysia,,,,,MY,,,
inv-ivan-milekhin,,Ivan Milekhin,pre-seed,fintech,Malaysia,,,early-stage,,MY,,,
inv-rajeesh-khanna,,Rajeesh Khanna,,sector-agnostic,Singapore,,,,,SG,,,
inv-carlson-lau,,Carlson Lau,series-b,consumer,Singapore; Southeast Asia,,,,,SG,,,
inv-patrick-grove,,Patrick Grove,growth,ecommerce,Singapore; Malaysia,,,growth-capital,,SG,,,
inv-jeremiah-yeu,,Jeremiah Yeu,seed,sector-agnostic,Singapore; Southeast Asia,,,early-stage,,SG,Individual/Angel,,
inv-syakir-hashim,,Syakir Hashim,,sector-agnostic,Malaysia,,,,,MY,,,
inv-timothy-kooi,,Timothy Kooi,,sector-agnostic,Singapore,,,,,SG,,,
inv-henry-yeh,,Henry Yeh,,sector-agnostic,Singapore,,,,,SG,,,
inv-pavel-kravchenko,,Pavel Kravchenko,pre-seed,sector-agnostic,Singapore,,,early-stage,,SG,,,
inv-victor-chua,,Victor Chua,seed; series-a; series-b,ecommerce,Malaysia; Southeast Asia; Singapore,,,early-stage,,MY,,,
inv-ivan-yeo,,Ivan Yeo,series-a,sector-agnostic,Singapore,,,,,SG,Individual/Angel,,
inv-michael-yap,,Michael Yap,,sector-agnostic,Singapore,,,,,SG,,,
inv-hemant-tucker,,Hemant Tucker,seed,media-gaming; web3,Singapore,,,early-stage,,SG,,,
inv-veiverne-yuen,,Veiverne Yuen,,sector-agnostic,Singapore,,,,,SG,,,
inv-yasuhiro-seo,,Yasuhiro Seo,seed,manufacturing; consumer,Singapore,,,early-stage,,SG,,,
inv-ryuusuke-hirota,,Ryuusuke Hirota,series-a,consumer; fintech,Singapore; Southeast Asia; Malaysia,,,,,SG,,,
inv-yuji-horiguchi,,Yuji Horiguchi,,sector-agnostic,Singapore,,,,,SG,,,
inv-murli-ravi,,Murli Ravi,seed; series-a; series-b,ecommerce; deeptech,Singapore; Southeast Asia,,,early-stage,,SG,Investment Partner,,
inv-robert-chew,,Robert Chew,seed; series-b; series-c,enterprise-saas; media-gaming,Singapore,,,early-stage; growth-capital,,SG,Individual/Angel,,
inv-vincent-veehof,,Vincent Veehof,,sector-agnostic,Singapore,,,,,SG,,,
inv-joeri-gianotten,,Joeri Gianotten,,sector-agnostic,Singapore,,,,,SG,,,
inv-vikram-rupani,,Vikram Rupani,seed,agritech,Singapore,,,early-stage,,SG,Individual/Angel,,
inv-dusan-stojanovic,,Dusan Stojanovic,seed; series-a,web3,Singapore,,,early-stage,,SG,Individual/Angel,,
inv-prashant-kirtane,,Prashant Kirtane,seed,consumer,Singapore; Southeast Asia,,,early-stage,,SG,Individual/Angel,,
inv-yi-sung-yong,,Yi Sung Yong,pre-seed; seed,enterprise-saas,Singapore,,,early-stage,,SG,,,
inv-dave-kwong,,Dave Kwong,,sector-agnostic,Singapore,,,,,SG,,,
inv-timothy-teo,,Timothy Teo,seed,fintech,Singapore,,,early-stage,,SG,Individual/Angel,,
inv-kin-wai-lau,,Kin-Wai Lau,seed,ecommerce; consumer; fintech,Singapore,,,early-stage,,SG,,,
inv-andrew-koh,,Andrew Koh,,sector-agnostic,Singapore,,,,,SG,,,
inv-patrick-keenan,,Patrick Keenan,,sector-agnostic,Singapore,,,,,SG,,,
inv-siew-choo-soh,,Siew Choo Soh,,sector-agnostic,Singapore,,,,,SG,,,
inv-siau-chian,,Siau Chian,,sector-agnostic,Singapore,,,,,SG,,,
inv-tan-chorh-chuan,,Tan Chorh Chuan,,sector-agnostic,Singapore,,,,,SG,,,
inv-markus-kirchberg,,Markus Kirchberg,,sector-agnostic,Singapore,,,,,SG,,,
inv-pratyush-prasanna,,Pratyush Prasanna,pre-seed; seed,logistics; consumer,Singapore,,,early-stage,,SG,Individual/Angel,,
inv-peter-ong,,Peter Ong,,sector-agnostic,Singapore,,,,,SG,,,
inv-ronnie-wee,,Ronnie Wee,seed,web3; fintech,Singapore,,,early-stage,,SG,Individual/Angel,,
inv-yoshihiro-ishiwata,,Yoshihiro Ishiwata,,sector-agnostic,Singapore,,,,,SG,,,
inv-ivan-perfiliev,,Ivan Perfiliev,series-b; buyout,logistics,Singapore,,,growth-capital,,SG,,,
inv-kayo-ikeda,,Kayo Ikeda,,sector-agnostic,Singapore,,,,,SG,,,
inv-suramya-gupta,,Suramya Gupta,pre-seed; series-a,fintech,Singapore,,,early-stage,,SG,Individual/Angel,,
inv-rabindra-shrestha,,Rabindra Shrestha,seed; series-b,web3,Singapore,,,early-stage,,SG,Individual/Angel,,
inv-ravindran-govindan,,Ravindran Govindan,seed,healthtech,Singapore,,,early-stage,,SG,Individual/Angel,,
inv-david-toh,,David Toh,seed; series-a,web3; fintech,Singapore,,,early-stage,,SG,,,
inv-chua-boon-ping,,Chua Boon Ping,series-a,ecommerce,Singapore,,,,,SG,Investment Partner,,
inv-seah-cong,,Seah Cong,seed,edtech,Singapore,,,early-stage,,SG,,,
inv-oswald-hexiang,,Oswald Hexiang,pre-seed; seed,edtech; healthtech,Singapore,,,early-stage,,SG,,,
inv-guillem-segarra,,Guillem Segarra,pre-seed; seed,agritech; climatetech,Singapore; Southeast Asia,,,early-stage,,SG,,,
inv-alexander-angerer,,Alexander Angerer,,sector-agnostic,Singapore,,,,,SG,,,
inv-julian-artop,,Julian Artopé,seed,sector-agnostic,Singapore,,,early-stage,,SG,,,
inv-kian-bin-teo,,Kian Bin Teo,,sector-agnostic,Singapore,,,,,SG,,,
inv-hiroyuki-sakai,,Hiroyuki Sakai,,sector-agnostic,Singapore,,,,,SG,,,
inv-jitender-khurana,,Jitender Khurana,,sector-agnostic,Singapore,,,,,SG,,,
inv-anthony-wilson,,Anthony Wilson,seed,enterprise-saas,Singapore,,,early-stage,,SG,,,
inv-dorjee-sun,,Dorjee Sun,seed,sector-agnostic,Singapore,,,early-stage,,SG,,,
inv-adrian-chng,,Adrian Chng,,sector-agnostic,Singapore,,,,,SG,,,
inv-noah-pepper,,Noah Pepper,seed; series-a,fintech,Singapore; Southeast Asia,,,early-stage,,SG,,,
inv-raja-nong-chik,,Raja Nong Chik,seed,sector-agnostic,Malaysia; Singapore,,,early-stage,,MY,,,
inv-vijay-sivaram,,Vijay Sivaram,seed; series-a,sector-agnostic,Malaysia,,,early-stage,,MY,,,
inv-ruchit-puri,,Ruchit Puri,,sector-agnostic,Singapore,,,,,SG,,,
inv-pierre-noel,,Pierre Noel,,sector-agnostic,Singapore,,,,,SG,,,
inv-kenny-jin,,Kenny Jin,,sector-agnostic,Singapore,,,,,SG,,,
inv-shuhei-morofuji,,Shuhei Morofuji,pre-seed; series-a,deeptech,Singapore,,,early-stage,,SG,Individual/Angel,,
inv-atim-kabra,,Atim Kabra,pre-seed; seed,enterprise-saas; consumer,Singapore,,,early-stage,,SG,,,
inv-douglas-abrams,,Douglas Abrams,pre-seed,media-gaming; infrastructure,Singapore,,,early-stage,,SG,Investment Partner,,
inv-ivan-lee,,Ivan Lee,seed; series-a,consumer; healthtech,Singapore,,,early-stage,,SG,Individual/Angel,,
inv-ankur-kamalia,,Ankur Kamalia,series-a; series-c; growth,fintech,Singapore,,,growth-capital,,SG,Investment Partner,,
inv-goh-chen,,Goh Chen,,sector-agnostic,Singapore,,,,,SG,,,
inv-pearlyn-phau,,Pearlyn Phau,,sector-agnostic,Singapore,,,,,SG,,,
inv-walter-de-oude,,Walter de Oude,pre-seed; seed; series-a,fintech,Singapore,,,early-stage,,SG,,,
inv-ray-ferguson,,Ray Ferguson,,sector-agnostic,Singapore,,,,,SG,,,
inv-steve-rosenblum,,Steve Rosenblum,pre-seed,ecommerce,Singapore,,,early-stage,,SG,Individual/Angel,,
inv-jin-oon,,Jin Oon,,sector-agnostic,Singapore,,,,,SG,,,
inv-wee-cho-yaw,,Wee Cho Yaw,,sector-agnostic,Singapore,,,,,SG,,,
inv-frankie-phua,,Frankie Phua,,sector-agnostic,Singapore,,,,,SG,,,
inv-dean-tong,,Dean Tong,,sector-agnostic,Singapore,,,,,SG,,,
inv-murari-kalyanaramani,,Murari Kalyanaramani,,sector-agnostic,Malaysia,,,,,MY,,,
inv-janet-young,,Janet Young,,sector-agnostic,Singapore,,,,,SG,,,
inv-chan-kok-seong,,Chan Kok Seong,,sector-agnostic,Singapore,,,,,SG,,,
inv-lee-wai-fai,,Lee Wai Fai,,sector-agnostic,Singapore,,,,,SG,,,
inv-sai-kit-ng,,Sai Kit Ng,pre-seed; seed,enterprise-saas; fintech,Malaysia,,,early-stage,,MY,,,
inv-ruui-wong,,Ruui Wong,,sector-agnostic,Malaysia,,,,,MY,,,
inv-zhen-hui-low,,Zhen Hui Low,pre-seed; seed; series-a,fintech; enterprise-saas,Malaysia; Singapore,,,early-stage,,MY,,,
inv-alice-mak,,Alice Mak,series-b; buyout,fintech,Southeast Asia; Malaysia; Singapore,,,growth-capital,,SG,,,
inv-arrif-ziaudeen,,Arrif Ziaudeen,,sector-agnostic,Singapore,,,,,SG,,,
inv-ken-noonan,,Ken Noonan,,sector-agnostic,Singapore,,,,,SG,,,
inv-ratikant-sahu,,Ratikant Sahu,seed,fintech,Singapore,,,early-stage,,SG,Individual/Angel,,
inv-jeff-lin,,Jeff Lin,seed; series-a; series-b,enterprise-saas; fintech,Singapore; Southeast Asia,,,early-stage,,SG,,,
inv-zong-xi-sia,,Zong Xi Sia,pre-seed; seed,fintech; healthtech,Singapore,,,early-stage,,SG,,,
inv-lauren-teo,,Lauren Teo,,sector-agnostic,Singapore,,,,,SG,,,
inv-ine-jacobsen,,Ine Jacobsen,,sector-agnostic,Singapore,,,,,SG,,,
inv-william-klippgen,,William Klippgen,seed,deeptech,Singapore,,,early-stage,,SG,Investment Partner,,
inv-stanley-sia,,Stanley Sia,,sector-agnostic,Singapore,,,,,SG,,,
inv-namita-lal,,Namita Lal,,sector-agnostic,Singapore,,,,,SG,,,
inv-mike-brown,,Mike Brown,,sector-agnostic,Singapore,,,,,SG,,,
inv-steve-melhuish,,Steve Melhuish,pre-seed; seed; series-a,proptech,Singapore; Southeast Asia; Malaysia,,,early-stage,,SG,,,
inv-raoul-oberman,,Raoul Oberman,seed,media-gaming,Singapore,,,early-stage,,SG,,,
inv-jeanne-stampe,,Jeanne Stampe,,sector-agnostic,Singapore,,,,,SG,,,
inv-linda-samlin-hoglund,,Linda Samlin Hoglund,,sector-agnostic,Singapore,,,,,SG,,,
inv-raja-teh-maimunah,,Raja Teh Maimunah,,sector-agnostic,Malaysia,,,,,MY,,,
inv-tirto-cuaca,,Tirto Cuaca,pre-seed,fintech; deeptech,Singapore,,,early-stage,,SG,Individual/Angel,,
inv-george-papp,,George Papp,,sector-agnostic,Singapore,,,,,SG,,,
inv-sandeep-aneja,,Sandeep Aneja,series-b,sector-agnostic,Singapore; Southeast Asia,,,,,SG,Investment Partner,,
inv-anuj-jain,,Anuj Jain,,sector-agnostic,Singapore,,,,,SG,,,
inv-hari-ramachandran,,Hari Ramachandran,,sector-agnostic,Singapore,,,,,SG,,,
inv-john-mccauley,,John McCauley,,sector-agnostic,Singapore,,,,,SG,,,
inv-andreas-von-maltzahn,,Andreas von Maltzahn,,sector-agnostic,Singapore,,,,,SG,,,
inv-tang-kok-kai-christopher,,Tang Kok Kai Christopher,,sector-agnostic,Singapore,,,,,SG,,,
inv-jeffri-salim-davidson,,Jeffri Salim Davidson,,sector-agnostic,Malaysia,,,,,MY,,,
inv-alex-koo,,Alex Koo,,sector-agnostic,Singapore,,,,,SG,,,
inv-timothy-chan,,Timothy Chan,,sector-agnostic,Singapore,,,,,SG,,,
inv-khor-chieh-suang,,Khor Chieh Suang,pre-seed,enterprise-saas,Singapore,,,early-stage,,SG,,,
inv-mark-suckling,,Mark Suckling,,sector-agnostic,Singapore,,,,,SG,,,
inv-lee-buckerfield,,Lee Buckerfield,,sector-agnostic,Singapore,,,,,SG,,,
inv-mickey-l-tantiphipop,,Mickey L. Tantiphipop,,sector-agnostic,Singapore,,,,,SG,,,
inv-dmitry-levit,,Dmitry Levit,seed; series-a,fintech; enterprise-saas,Singapore; Malaysia; Southeast Asia,,,early-stage,,SG,,,
inv-jamaludin-bujang,,Jamaludin Bujang,seed,sector-agnostic,Malaysia; Singapore,,,early-stage,,MY,,,
inv-teo-lian,,Teo Lian,,sector-agnostic,Singapore,,,,,SG,,,
inv-angela-ng,,Angela Ng,,sector-agnostic,Singapore,,,,,SG,,,
inv-durreen-shahnaz,,Durreen Shahnaz,,sector-agnostic,Singapore,,,,,SG,,,
inv-robert-kraybill,,Robert Kraybill,,climatetech,Singapore,,,,,SG,Investment Partner,,
inv-marcus-wei,,Marcus Wei,pre-seed; seed,healthtech,Singapore,,,early-stage,,SG,,,
inv-kiren-tanna,,Kiren Tanna,pre-seed; seed; series-a,ecommerce; proptech,Singapore; Southeast Asia,,,early-stage,,SG,,,
inv-aditya-lesmana,,Aditya Lesmana,,sector-agnostic,Singapore,,,,,SG,,,
inv-aaron-tan,,Aaron Tan,pre-seed; seed; series-a,ecommerce,Singapore; Malaysia,,,early-stage,,SG,,,
inv-lincoln-chee-wang-jin,,Lincoln Chee Wang Jin,,sector-agnostic,Singapore,,,,,SG,,,
inv-claudia-marcusson,,Claudia Marcusson,,sector-agnostic,Singapore,,,,,SG,,,
inv-prantik-mazumdar,,Prantik Mazumdar,pre-seed; seed,fintech; media-gaming,Southeast Asia; Singapore,,,early-stage,,SG,,,
inv-siu-quek,,Siu Quek,pre-seed; seed; series-a,healthtech; edtech,Singapore; Southeast Asia,,,early-stage,,SG,,,
inv-marcus-lim,,Marcus Lim,seed,fintech,Singapore; Southeast Asia,,,early-stage,,SG,,,
inv-ivan-tong,,Ivan Tong,,sector-agnostic,Malaysia,,,,,MY,,,
inv-teoh-wei-xiang,,Teoh Wei-Xiang,series-a,fintech,Malaysia,,,,,MY,,,
inv-shazy-noorazman,,Shazy Noorazman,,sector-agnostic,Malaysia,,,,,MY,,,
inv-richmond-yau,,Richmond Yau,,sector-agnostic,Malaysia,,,,,MY,,,
inv-naysan-munusamy,,Naysan Munusamy,,sector-agnostic,Malaysia,,,,,MY,,,
inv-bengamin-bong,,Bengamin Bong,,sector-agnostic,Malaysia,,,,,MY,,,
inv-andre-kalinowski,,Andre Kalinowski,,sector-agnostic,Singapore,,,,,SG,,,
inv-tejash-prajapati,,Tejash Prajapati,,sector-agnostic,Singapore,,,,,SG,,,
inv-ketan-kapoor,,Ketan Kapoor,seed,edtech,Singapore,,,early-stage,,SG,,,
inv-yeo-lee-meng,,YEO Lee Meng,,sector-agnostic,Singapore,,,,,SG,,,
inv-philip-m-lau,,Philip M. Lau,,sector-agnostic,Singapore,,,,,SG,,,
inv-chia-hung-huang,,Chia-Hung Huang,,sector-agnostic,Singapore,,,,,SG,,,
inv-chay-kwong-soon,,CHAY Kwong Soon,seed,infrastructure,Singapore,,,early-stage,,SG,Investment Partner,,
inv-hyui-chok,,Hyui Chok,,sector-agnostic,Singapore,,,,,SG,,,
inv-brian-koh,,Brian Koh,,sector-agnostic,Singapore,,,,,SG,,,
inv-ke-liang,,Ke Liang,,sector-agnostic,Singapore,,,,,SG,,,
inv-joel-leong,,Joel Leong,pre-seed; seed,healthtech,Singapore,,,early-stage,,SG,,,
inv-henry-chan,,Henry Chan,pre-seed; series-a,healthtech; deeptech,Singapore,,,early-stage,,SG,,,
inv-norman-wanto,,Norman Wanto,pre-seed,edtech,Singapore,,,early-stage,,SG,Individual/Angel,,
inv-kuah-cheng-ooi,,Kuah Cheng Ooi,,sector-agnostic,Singapore,,,,,SG,,,
inv-clarissa-loh,,Clarissa Loh,series-a; series-c,enterprise-saas; climatetech,Southeast Asia; Singapore,,,growth-capital,,SG,,,
inv-kelvin-teo,,Kelvin Teo,pre-seed; seed,fintech; ecommerce,Singapore,,,early-stage,,SG,Individual/Angel,,
inv-jeffrey-tiong,,Jeffrey Tiong,pre-seed; seed,healthtech; deeptech,Singapore,,,early-stage,,SG,,,
inv-heinrich-wendel,,Heinrich Wendel,,sector-agnostic,Malaysia,,,,,MY,,,
inv-fong-jek-gan,,Fong Jek Gan,series-c,consumer,Singapore; Southeast Asia,,,growth-capital,,SG,,,
inv-terence-sim,,Terence Sim,,sector-agnostic,Singapore,,,,,SG,,,
inv-linda-li,,Linda Li,,sector-agnostic,Singapore,,,,,SG,,,
inv-markus-gnirck,,Markus Gnirck,,sector-agnostic,Singapore,,,,,SG,,,
inv-dominic-ho,,Dominic Ho,,sector-agnostic,Singapore,,,,,SG,,,
inv-david-gledhill,,David Gledhill,,sector-agnostic,Singapore,,,,,SG,,,
inv-gaurav-chaturvedi,,Gaurav Chaturvedi,,sector-agnostic,Singapore,,,,,SG,,,
inv-sandeep-maheshwari,,Sandeep Maheshwari,,sector-agnostic,Singapore,,,,,SG,,,
inv-mark-yong,,Mark Yong,,sector-agnostic,Singapore,,,,,SG,,,
inv-shamini-nair,,Shamini Nair,,sector-agnostic,Singapore,,,,,SG,,,
inv-debra-langley,,Debra Langley,,sector-agnostic,Singapore,,,,,SG,,,
inv-badri-pillapakkam,,Badri Pillapakkam,seed; series-a; series-b,manufacturing; enterprise-saas,Singapore,,,early-stage,,SG,Individual/Angel,,
inv-hari-kumar,,Hari Kumar,seed; series-a; series-b,media-gaming; enterprise-saas,Singapore,,,early-stage,,SG,,,
inv-darius-cheung,,Darius Cheung,pre-seed; seed; series-a,enterprise-saas,Singapore,,,early-stage,,SG,,,
inv-joshua-tan,,Joshua Tan,,sector-agnostic,Singapore,,,,,SG,Individual/Angel,,
inv-meng-wong,,Meng Wong,seed,sector-agnostic,Singapore,,,early-stage,,SG,Individual/Angel,,
inv-steven-goh,,Steven Goh,,sector-agnostic,Singapore,,,,,SG,Individual/Angel,,
inv-projjal-ghatak,,Projjal Ghatak,pre-seed; seed,deeptech; enterprise-saas; edtech,Singapore,,,early-stage,,SG,,,
inv-suthenesh-sugumaran,,Suthenesh Sugumaran,,sector-agnostic,Malaysia,,,,,MY,,,
inv-mark-francis,,Mark Francis,,sector-agnostic,Malaysia,,,,,MY,,,
inv-ryosuke-hayashi,,Ryosuke Hayashi,seed; series-a; series-b,consumer; healthtech,Singapore; Southeast Asia; Malaysia,,,early-stage,,SG,,,
inv-simon-israel,,Simon Israel,,sector-agnostic,Singapore,,,,,SG,,,
inv-hajime-hotta,,Hajime Hotta,seed,fintech,Malaysia; Southeast Asia; Singapore,,,early-stage,,MY,Individual/Angel,,
inv-chirdeep-singh-chhabra,,Chirdeep Singh Chhabra,seed,sector-agnostic,Singapore,,,early-stage,,SG,,,
inv-sudipto-ghatak,,Sudipto Ghatak,,sector-agnostic,Singapore,,,,,SG,,,
inv-kong-han-tan,,KONG HAN TAN,series-c,healthtech,Malaysia,,,growth-capital,,MY,,,
inv-tan-thay,,Tan Thay,series-a; series-c,healthtech,Malaysia,,,growth-capital,,MY,Individual/Angel,,
inv-aziz-kevin-lee,,Aziz Kevin Lee,,sector-agnostic,Malaysia,,,,,MY,,,
inv-rasmus-wilhelmsen,,Rasmus Wilhelmsen,seed,fintech,Singapore,,,early-stage,,SG,Individual/Angel,,
inv-morden-chen,,Morden Chen,,sector-agnostic,Singapore,,,,,SG,,,
inv-paul-lim,,Paul Lim,series-b; series-c,fintech,Singapore,,,growth-capital,,SG,,,
inv-jon-sugihara,,Jon Sugihara,,sector-agnostic,Singapore,,,,,SG,,,
inv-linus-lee,,Linus Lee,,sector-agnostic,Singapore,,,,,SG,,,
inv-vihang-patel,,Vihang Patel,,sector-agnostic,Singapore,,,,,SG,,,
inv-peng-t-ong,,Peng T. Ong,seed; series-a; series-b,healthtech,Singapore; Southeast Asia,,,early-stage,,SG,Individual/Angel,,
inv-teng-wen-wee,,Teng Wen Wee,seed; series-a,consumer,Singapore,,,early-stage,,SG,Individual/Angel,,
inv-gervin-yang,,Gervin Yang,seed; series-a,fintech,Singapore; Southeast Asia,,,early-stage,,SG,,,
inv-jessica-pouleur,,Jessica Pouleur,seed; series-b; series-c,fintech; deeptech,Southeast Asia; Malaysia; Singapore,,,early-stage; growth-capital,,SG,,,
inv-chris-flosi,,Chris Flosi,,sector-agnostic,Singapore,,,,,SG,,,
inv-michael-blakey,,Michael Blakey,seed; series-a,enterprise-saas,Singapore; Southeast Asia,,,early-stage,,SG,,,
inv-samuel-ang,,Samuel Ang,,sector-agnostic,Singapore,,,,,SG,,,
inv-anju-patwardhan,,Anju Patwardhan,series-a; series-b; series-c,fintech,Singapore,,,growth-capital,,SG,Individual/Angel,,
inv-pieter-walraven,,Pieter Walraven,pre-seed; seed,enterprise-saas; media-gaming,Singapore,,,early-stage,,SG,,,
inv-kris-wan,,Kris Wan,seed; series-a; series-b,consumer,Singapore,,,early-stage,,SG,Investment Partner,,
inv-soo-ping-yong,,Soo Ping Yong,,sector-agnostic,Singapore,,,,,SG,,,
inv-hock-voon-loo,,Hock Voon Loo,,sector-agnostic,Singapore,,,,,SG,,,
inv-mohd-wassem,,Mohd Wassem,seed,edtech,Malaysia,,,early-stage,,MY,,,
inv-jeffrey-seah,,Jeffrey Seah,pre-seed; seed; series-a,ecommerce,Malaysia; Singapore; Southeast Asia,,,early-stage,,SG,,,
inv-hiro-mashita,,Hiro Mashita,seed; series-a,ecommerce,Singapore; Southeast Asia,,,early-stage,,SG,,,
inv-dhruv-vohra,,Dhruv Vohra,seed,enterprise-saas,Singapore,,,early-stage,,SG,Individual/Angel,,
inv-vinod-muthukrishnan,,Vinod Muthukrishnan,seed,deeptech,Singapore,,,early-stage,,SG,,,
inv-jonathan-hodson,,Jonathan Hodson,,sector-agnostic,Singapore,,,,,SG,,,
inv-nikhil-kapur,,Nikhil Kapur,seed; series-a; series-b,enterprise-saas; consumer,Singapore; Southeast Asia,,,early-stage,,SG,Investment Partner,,
inv-deepak-shahdadpuri,,Deepak Shahdadpuri,seed; series-a; series-b,consumer; healthtech; ecommerce,Malaysia; Southeast Asia; Singapore,,,early-stage,,SG,,,
inv-chua-sock-koong,,Chua Sock Koong,,sector-agnostic,Singapore,,,,,SG,,,
inv-neo-kok-beng,,NEO Kok Beng,seed,manufacturing; healthtech,Singapore,,,early-stage,,SG,Individual/Angel,,
inv-clement-wong,,Clement Wong,seed,media-gaming; web3,Malaysia; Singapore,,,early-stage,,MY,,,
inv-kelly-choo,,Kelly Choo,seed; series-a; buyout,web3,Singapore,,,early-stage; growth-capital,,SG,Individual/Angel,,
inv-melvin-yuan,,Melvin Yuan,seed,media-gaming; fintech,Singapore,,,early-stage,,SG,,,
inv-piyush-chaplot,,Piyush Chaplot,pre-seed; seed; series-a,ecommerce; enterprise-saas,Singapore,,,early-stage,,SG,,,
inv-luuk-strijers,,Luuk Strijers,,sector-agnostic,Singapore,,,,,SG,,,
inv-joel-tiphonnet,,Joel Tiphonnet,,sector-agnostic,Singapore,,,,,SG,,,
inv-maxence-tombeur,,Maxence Tombeur,series-c; growth,fintech; ecommerce,Singapore; Southeast Asia,,,growth-capital,,SG,Investment Partner,,
inv-shaun-di-gregorio,,Shaun Di Gregorio,seed; series-a,proptech; ecommerce,Malaysia,,,early-stage,,MY,,,
inv-adit-swarup,,Adit Swarup,series-a; series-b,consumer; infrastructure,Singapore,,,,,SG,,,
inv-saemin-ahn,,Saemin Ahn,seed; series-a,sector-agnostic,Singapore,,,early-stage,,SG,Investment Partner,,
inv-david-lee-kuo-chuen,,David LEE Kuo Chuen,,fintech; web3,Singapore,,,,,SG,Individual/Angel,,
inv-carolyn-ng,,Carolyn Ng,series-a; series-b; series-c,healthtech,Singapore,,,growth-capital,,SG,,,
inv-nicolas-ott,,Nicolas Ott,pre-seed; seed,consumer,Singapore,,,early-stage,,SG,,,
inv-james-tan,,James Tan,pre-seed; seed; series-a,enterprise-saas,Singapore; Southeast Asia,,,early-stage,,SG,,,
inv-isaac-chua,,Isaac Chua,seed,logistics; manufacturing,Singapore,,,early-stage,,SG,,,
inv-jenny-law,,Jenny Law,,sector-agnostic,Singapore,,,,,SG,,,
inv-alice-besomi,,Alice Besomi,series-a; series-b,fintech; ecommerce,Singapore,,,,,SG,,,
inv-yash-sankrityayan,,Yash Sankrityayan,seed; series-a; series-b,ecommerce; logistics,Singapore; Southeast Asia,,,early-stage,,SG,,,
inv-anurag-srivastava,,Anurag Srivastava,seed; series-a; series-b,ecommerce,Singapore,,,early-stage,,SG,,,
inv-amit-anand,,Amit Anand,seed; series-a; growth,ecommerce,Singapore; Malaysia; Southeast Asia,,,early-stage; growth-capital,,SG,Individual/Angel,,
inv-angela-toy,,Angela Toy,,sector-agnostic,Singapore,,,,,SG,,,
inv-justin-hall,,Justin Hall,seed; series-a,healthtech; fintech,Southeast Asia; Singapore,,,early-stage,,SG,,,
inv-vinnie-lauria,,Vinnie Lauria,seed; series-a; series-b,ecommerce; fintech,Singapore; Southeast Asia; Malaysia,,,early-stage,,SG,,,
inv-romain-voog,,Romain Voog,,sector-agnostic,Singapore,,,,,SG,,,
inv-tony-zameczkowski,,Tony Zameczkowski,,sector-agnostic,Singapore,,,,,SG,,,
inv-olivier-legrand,,Olivier Legrand,,sector-agnostic,Singapore,,,,,SG,,,
inv-sergio-salvador,,Sergio Salvador,,sector-agnostic,Singapore,,,,,SG,,,
inv-maya-hari,,Maya Hari,,sector-agnostic,Singapore,,,,,SG,,,
inv-scott-krivokopich,,Scott Krivokopich,pre-seed; seed; series-a,sector-agnostic,Southeast Asia; Singapore,,,early-stage,,SG,Investment Partner,,
inv-yang-bin-kwok,,Yang Bin Kwok,pre-seed; seed,ecommerce,Singapore; Southeast Asia,,,early-stage,,SG,,,
inv-eddy-lee,,Eddy Lee,seed; series-a,consumer; healthtech,Singapore; Southeast Asia,,,early-stage,,SG,,,
inv-chris-eu,,Chris Eu,,sector-agnostic,Singapore,,,,,SG,,,
inv-joel-lou,,Joel Lou,,sector-agnostic,Singapore,,,,,SG,,,
inv-peter-kennedy,,Peter Kennedy,,sector-agnostic,Singapore,,,,,SG,,,
inv-albert-shyy,,Albert Shyy,series-c,fintech,Singapore,,,growth-capital,,SG,Investment Partner,,
inv-jeffrey-paine,,Jeffrey Paine,seed; series-a; series-b,sector-agnostic,Southeast Asia; Singapore; Malaysia,,,early-stage,,SG,Investment Partner,,
inv-jason-edwards,,Jason Edwards,seed; series-a; series-b,enterprise-saas; ecommerce,Singapore,,,early-stage,,SG,,,
inv-stephanie-zepeda,,Stephanie Zepeda,,sector-agnostic,Singapore,,,,,SG,,,
inv-hailey-hu,,Hailey Hu,,sector-agnostic,Singapore,,,,,SG,,,
inv-kai-kux,,Kai Kux,pre-seed,healthtech,Malaysia,,,early-stage,,MY,Individual/Angel,,
inv-steve-leonard,,Steve Leonard,seed; series-a; series-b,manufacturing,Singapore,,,early-stage,,SG,Investment Partner,,
inv-jonathan-lui,,Jonathan Lui,seed; series-a,enterprise-saas; ecommerce; consumer,Singapore,,,early-stage,,SG,,,
inv-craig-dixon,,Craig Dixon,pre-seed; seed,ecommerce,Singapore; Southeast Asia; Malaysia,,,early-stage,,SG,Investment Partner,,
inv-paul-meyers,,Paul Meyers,,sector-agnostic,Singapore,,,,,SG,,,
inv-joo-seng-wong,,Joo Seng Wong,,sector-agnostic,Singapore,,,,,SG,,,
inv-richard-koh,,Richard Koh,,sector-agnostic,Singapore,,,,,SG,,,
inv-daisy-jiang,,Daisy Jiang,,sector-agnostic,Singapore,,,,,SG,,,
inv-gene-berger,,Gene Berger,seed,manufacturing,Singapore,,,early-stage,,SG,Investment Partner,,
inv-romanos-vetridis,,Romanos Vetridis,,sector-agnostic,Singapore,,,,,SG,,,
inv-alexandra-zotova,,Alexandra Zotova,,sector-agnostic,Singapore,,,,,SG,,,
inv-alex-toh,,Alex Toh,,sector-agnostic,Singapore,,,,,SG,,,
inv-waikit-lau,,Waikit Lau,pre-seed; seed; series-a,web3; deeptech,Malaysia,,,early-stage,,MY,Individual/Angel,,
inv-samrat-ganguly,,Samrat Ganguly,series-b,ecommerce,Singapore,,,,,SG,Investment Partner,,
inv-aliza-knox,,Aliza Knox,,deeptech,Singapore,,,,,SG,Individual/Angel,,
inv-suan-hiang-lee,,Suan Hiang Lee,,sector-agnostic,Singapore,,,,,SG,,,
inv-sau-hoong-lim,,Sau Hoong Lim,,sector-agnostic,Singapore,,,,,SG,,,
inv-annie-koh,,Annie Koh,,sector-agnostic,Singapore,,,,,SG,,,
inv-anthony-ang-huat,,Anthony Ang Huat,,sector-agnostic,Singapore,,,,,SG,,,
inv-soo-hoon-hauw,,Soo Hoon Hauw,seed,fintech,Singapore,,,early-stage,,SG,Individual/Angel,,
inv-jer-luang-chan,,Jer Luang Chan,,sector-agnostic,Singapore,,,,,SG,,,
inv-philip-yeo,,Philip Yeo,,sector-agnostic,Singapore,,,,,SG,,,
inv-soo-boon-koh,,Soo Boon Koh,seed; series-a; series-b,infrastructure,Singapore,,,early-stage,,SG,Individual/Angel,,
inv-joyce-ng,,Joyce Ng,series-a; series-b; series-c,consumer; ecommerce,Singapore,,,growth-capital,,SG,,,
inv-carmen-yuen,,Carmen Yuen,series-a; series-b,enterprise-saas; fintech,Singapore,,,,,SG,Investment Partner,,
inv-genping-liu,,Genping Liu,seed; series-a; series-c,consumer; fintech,Singapore; Southeast Asia,,,early-stage; growth-capital,,SG,Investment Partner,,
inv-gavin-lee,,Gavin Lee,seed; series-a,agritech; deeptech,Singapore; Malaysia; Southeast Asia,,,early-stage,,SG,,,
inv-paul-santos,,Paul Santos,seed; series-a; series-b,deeptech,Singapore; Southeast Asia,,,early-stage,,SG,,,
inv-eduardo-saverin,,Eduardo Saverin,seed; series-a; series-c,sector-agnostic,Singapore; Southeast Asia,,,early-stage; growth-capital,,SG,,,
inv-john-sharp,,John Sharp,,sector-agnostic,Singapore,,,,,SG,,,
inv-varun-mittal,,Varun Mittal,pre-seed; seed,fintech,Singapore,,,early-stage,,SG,,,
inv-teruhide-sato,,Teruhide Sato,seed; series-a; series-b,ecommerce,Southeast Asia; Singapore,,,early-stage,,SG,,,
inv-dirk-van-quaquebeke,,Dirk van Quaquebeke,seed; series-a; series-b,fintech,Singapore; Southeast Asia,,,early-stage,,SG,Individual/Angel,,
inv-rogier-van-kempen,,Rogier van Kempen,,sector-agnostic,Singapore,,,,,SG,,,
inv-trevor-healy,,Trevor Healy,seed; series-a,enterprise-saas; deeptech,Singapore,,,early-stage,,SG,Individual/Angel,,
inv-vegard-medbo,,Vegard Medbo,,sector-agnostic,Singapore,,,,,SG,,,
inv-magnus-grimeland,,Magnus Grimeland,pre-seed,media-gaming; healthtech,Southeast Asia; Singapore,,,early-stage,,SG,,,
inv-jayesh-parekh,,Jayesh Parekh,pre-seed; seed,fintech; healthtech,Singapore,,,early-stage,,SG,,,
inv-arthur-cheong,,Arthur Cheong,pre-seed; seed,web3; media-gaming,Singapore; Southeast Asia,,,early-stage,,SG,,,
inv-keith-jenkins,,KEITH Jenkins,,sector-agnostic,Singapore,,,,,SG,,,
inv-tm-lee,,TM Lee,pre-seed; seed,web3,Malaysia; Singapore,,,early-stage,,MY,,,
inv-bobby-ong,,Bobby Ong,pre-seed; seed,web3,Malaysia; Singapore,,,early-stage,,MY,,,
inv-julian-low,,Julian Low,seed,sector-agnostic,Singapore,,,early-stage,,SG,Individual/Angel,,
inv-kee-lock-chua,,Kee Lock Chua,seed; series-a; series-b,fintech,Singapore,,,early-stage,,SG,Investment Partner,,
inv-yaqing-bie,,Yaqing Bie,,sector-agnostic,Singapore,,,,,SG,,,
inv-sandi-nemet,,Sandi Nemet,,sector-agnostic,Singapore,,,,,SG,,,
inv-jessica-lee,,Jessica Lee,,sector-agnostic,Singapore,,,,,SG,,,
inv-ben-cheah,,Ben Cheah,,sector-agnostic,Singapore,,,,,SG,,,
inv-darren-chuah,,Darren Chuah,,sector-agnostic,Singapore,,,,,SG,,,
inv-terence-chia,,Terence Chia,,sector-agnostic,Singapore,,,,,SG,,,
inv-yinglan-tan,,Yinglan Tan,seed; series-a; series-b,sector-agnostic,Singapore; Southeast Asia; Malaysia,,,early-stage,,SG,Investment Partner,,
inv-low-kian,,Low Kian,,sector-agnostic,Singapore,,,,,SG,,,
inv-david-becker,,David Becker,,sector-agnostic,Singapore,,,,,SG,,,
inv-pieter-kemps,,Pieter Kemps,seed; series-a; series-b,fintech,Singapore; Southeast Asia,,,early-stage,,SG,,,
inv-pavel-bains,,Pavel Bains,pre-seed,media-gaming; web3; deeptech,Singapore,,,early-stage,,SG,,,
inv-daryl-lau,,Daryl Lau,pre-seed; seed; series-a,web3,Malaysia; Singapore,,,early-stage,,MY,,,
inv-christian-karam,,Christian Karam,,sector-agnostic,Singapore,,,,,SG,,,
inv-peter-mason,,Peter Mason,,sector-agnostic,Singapore,,,,,SG,,,
inv-tien-wei-chng,,Tien Wei Chng,,sector-agnostic,Singapore,,,,,SG,,,
inv-italo-gani,,Italo Gani,,sector-agnostic,Singapore,,,,,SG,,,
inv-willson-cuaca,,Willson Cuaca,seed; series-a; series-b,ecommerce; healthtech,Southeast Asia; Singapore; Malaysia,,,early-stage,,SG,,,
inv-heyu-huang,,Heyu Huang,,sector-agnostic,Singapore,,,,,SG,,,
inv-jeffrey-lu,,Jeffrey Lu,,sector-agnostic,Singapore,,,,,SG,,,
inv-brian-chang,,Brian Chang,buyout,edtech; manufacturing,Singapore; Southeast Asia,,,growth-capital,,SG,Investment Partner,,
inv-julio-berm-dez,,Julio Bermúdez,,sector-agnostic,Singapore,,,,,SG,,,
inv-boon-hiong-chan,,Boon-Hiong Chan,,sector-agnostic,Singapore,,,,,SG,,,
inv-wee-peng-yeo,,Wee Peng Yeo,,sector-agnostic,Singapore,,,,,SG,,,
inv-saurabh-mittal,,Saurabh Mittal,seed; series-a; series-c,fintech,Singapore,,,early-stage; growth-capital,,SG,,,
inv-joo-hock-chua,,Joo Hock Chua,seed; series-a; series-b,fintech,Singapore; Southeast Asia; Malaysia,,,early-stage,,SG,Investment Partner,,
inv-aaron-gill,,AARON GILL,,sector-agnostic,Malaysia,,,,,MY,,,
inv-tan-hooi-ling,,Tan Hooi Ling,,sector-agnostic,Singapore,,,,,SG,,,
inv-anthony-tan,,Anthony Tan,,sector-agnostic,Singapore,,,,,SG,,,
inv-maximilian-bittner,,Maximilian Bittner,seed; series-a; series-c,ecommerce; fintech,Singapore; Southeast Asia,,,early-stage; growth-capital,,SG,,,
inv-rushabh-desai,,Rushabh Desai,,sector-agnostic,Singapore,,,,,SG,,,
inv-ajey-gore,,Ajey Gore,,sector-agnostic,Singapore,,,,,SG,,,
inv-abheek-anand,,Abheek Anand,seed; series-a; series-b,fintech; ecommerce,Southeast Asia; Singapore,,,early-stage,,SG,,,
inv-robert-ng,,Robert Ng,,sector-agnostic,Singapore,,,,,SG,,,
inv-bobby-chin,,Bobby Chin,,sector-agnostic,Singapore,,,,,SG,,,
inv-chow-kiat-lim,,Chow Kiat Lim,growth; buyout,ecommerce; fintech,Singapore,,,growth-capital,,SG,,,
inv-santitarn-sathirathai,,Santitarn Sathirathai,,sector-agnostic,Singapore,,,,,SG,,,
inv-nick-nash,,Nick Nash,series-b; growth,sector-agnostic,Singapore,,,growth-capital,,SG,,,
inv-forrest-li,,Forrest Li,,sector-agnostic,Singapore,,,,,SG,Investment Partner,,
inv-chin-chao,,Chin Chao,series-a; growth,consumer,Singapore,,,growth-capital,,SG,Investment Partner,,
inv-mohd-atasha-alias,,Mohd Atasha Alias,,sector-agnostic,Malaysia,,,,,MY,,,
inv-pierre-poignant,,Pierre Poignant,,sector-agnostic,Singapore,,,,,SG,,,
inv-jeremy-yap,,Jeremy Yap,pre-seed; seed,deeptech,Singapore,,,early-stage,,SG,,,
inv-lawrence-low,,Lawrence Low,series-c; growth,sector-agnostic,Singapore,,,growth-capital,,SG,,,
inv-paul-ng,,Paul Ng,series-c,manufacturing; fintech,Singapore,,,growth-capital,,SG,,,
inv-khailee-ng,,Khailee Ng,pre-seed; seed; series-a,fintech; ecommerce,Singapore; Malaysia; Southeast Asia,,,early-stage,,MY,,,
inv-felix-zhang,,Felix Zhang,seed,edtech,Singapore,,,early-stage,,SG,Investment Partner,,
inv-boon-hwee-koh,,Boon Hwee Koh,seed; series-a; series-b,fintech,Singapore; Southeast Asia,,,early-stage,,SG,,,
inv-sheila-patel,,Sheila Patel,,sector-agnostic,Singapore,,,,,SG,,,
inv-patamar-capital,,Patamar Capital,seed; series-a; series-b,fintech; ecommerce,Southeast Asia; Singapore; Malaysia,,,early-stage,,SG,Venture Capital,info@patamar.com,yes
inv-ideariverrun,,IdeaRiverRun,seed; series-a,ecommerce,Malaysia,,,early-stage,,MY,Private Equity Firm,,
inv-dsg-consumer-partners,,DSG Consumer Partners,seed; series-a; series-b,consumer; ecommerce; healthtech,Singapore; Southeast Asia; Malaysia,,,early-stage,,SG,Venture Capital,,
inv-ganesh-kumar-bangah,,Ganesh Kumar Bangah,pre-seed; seed,ecommerce,Malaysia; Singapore,,,early-stage,,MY,Individual/Angel,,
inv-aca-investments,,ACA Investments,series-a; series-b; growth,deeptech,Malaysia; Southeast Asia; Singapore,,,growth-capital,,SG,Private Equity Firm,,
inv-malaysia-debt-ventures-berhad,,Malaysia Debt Ventures Berhad,seed; series-a; series-b,ecommerce,Malaysia,,,early-stage,,MY,Venture Debt,,
inv-east-pacific-capital-private-limited,,East Pacific Capital Private Limited,seed,enterprise-saas,Singapore; Malaysia; Southeast Asia,,,early-stage,,SG,Venture Capital,,
inv-wright-partners,,Wright Partners,seed,enterprise-saas; agritech,Singapore; Malaysia; Southeast Asia,,,early-stage,,SG,Venture Capital,,
inv-epic-angels,,Epic Angels,pre-seed; seed; series-a,fintech,Singapore; Malaysia; Southeast Asia,,,early-stage,,SG,Accelerator,,
inv-malaysia-digital-economy-corporation,,Malaysia Digital Economy Corporation,seed,sector-agnostic,Malaysia,,,early-stage,,MY,Venture Capital,,
inv-dve-sapta,,DVE Sapta,seed,logistics,Malaysia,,,early-stage,,MY,Venture Capital,hello@dvesapta.com,yes
inv-kumpulan-modal-perdana,,Kumpulan Modal Perdana,seed,deeptech,Malaysia; Singapore,,,early-stage,,MY,Venture Capital,,
inv-msw-ventures,,MSW Ventures,pre-seed; seed; series-a,sector-agnostic,Malaysia; Singapore; Southeast Asia,,,early-stage,,SG,Venture Capital,,
inv-airasia-digital,,AirAsia Digital,seed; series-a; series-b,logistics,Malaysia; Southeast Asia; Singapore,,,early-stage,,MY,Venture Capital,,
inv-axiata-digital-innovation-fund,,Axiata Digital Innovation Fund,series-a; series-b,ecommerce; consumer,Malaysia; Singapore,,,,,MY,Micro VC,,
inv-joel-neoh,,Joel Neoh,pre-seed; seed,ecommerce,Malaysia; Singapore,,,early-stage,,MY,,,
inv-captii-ventures,,Captii Ventures,seed,ecommerce; enterprise-saas,Southeast Asia; Malaysia; Singapore,,,early-stage,,MY,Venture Capital,pitch@captii.vc,
inv-kairous-capital,,Kairous Capital,pre-seed; seed; series-a,ecommerce,Malaysia; Singapore; Southeast Asia,,,early-stage,,MY,Venture Capital,,
inv-pitchin,,pitchIN,pre-seed; seed,ecommerce,Malaysia; Singapore,,,early-stage,,MY,,support@pitchin.my,yes
inv-watchtower-friends,,WatchTower & Friends,pre-seed,enterprise-saas,Malaysia,,,early-stage,,MY,Accelerator,,
inv-valuevest-ventures,,Valuevest Ventures,seed; series-a,fintech,Malaysia,,,early-stage,,MY,,info@valuevestventures.com,yes
inv-catcha-group,,Catcha Group,seed; series-a,proptech,Malaysia,,,early-stage,,MY,,,
inv-rhl-ventures,,RHL Ventures,seed; series-a,ecommerce; healthtech,Malaysia; Singapore; Southeast Asia,,,early-stage,,MY,Private Equity Firm,info@rhl.vc,yes
inv-osk-ventures-international,,OSK Ventures International,seed; series-a; series-b,fintech,Malaysia; Singapore; Southeast Asia,,,early-stage,,MY,Venture Capital,,
inv-venturetech,,VentureTECH,,manufacturing; healthtech,Malaysia; Singapore,,,,,MY,Venture Capital,info@venturetech.my,yes
inv-kk-fund,,KK Fund,seed; series-a; series-b,ecommerce,Malaysia; Southeast Asia; Singapore,,,early-stage,,SG,Venture Capital,,
inv-cradle-seed-ventures,,Cradle Seed Ventures,seed; series-a; series-b,enterprise-saas,Malaysia; Singapore,,,early-stage,,MY,Venture Capital,,
